{
    "ghsaId": "GHSA-486g-47cc-8wxf",
    "severity": "HIGH",
    "summary": "aiocpa contains credential harvesting code",
    "description": "aiocpa is a user-facing library for generating color gradients of text. Version 0.1.13 introduced obfuscated, malicious code targeting Crypto Pay users, forwarding client credentials to a remote Telegram bot. All versions have been removed from PyPI.\n",
    "permalink": "https://github.com/advisories/GHSA-486g-47cc-8wxf",
    "publishedAt": "2024-11-25T22:08:57Z",
    "withdrawnAt": null,
    "identifiers": [
        {
            "type": "GHSA",
            "value": "GHSA-486g-47cc-8wxf"
        }
    ]
}