{
    "ghsaId": "GHSA-7r3h-4ph8-w38g",
    "severity": "HIGH",
    "summary": "Cross site scripting (XSS) in JupyterHub via Self-XSS leveraged by Cookie Tossing",
    "description": "### Impact\n\nAffected configurations:\n\n- Single-origin JupyterHub deployments\n- JupyterHub deployments with user-controlled applications running on subdomains or peer subdomains of either the Hub or a single-user server.\n\nBy tricking a user into visiting a malicious subdomain, the attacker can achieve an XSS directly affecting the former's session. More precisely, in the context of JupyterHub, this XSS could achieve the following:\n\n- Full access to JupyterHub API and user's single-user server, e.g.\n  - Create and exfiltrate an API Token\n  - Exfiltrate all files hosted on the user's single-user server: notebooks, images, etc.\n  - Install malicious extensions. They can be used as a backdoor to silently regain access to victim's session anytime.\n\n### Patches\n\nTo prevent cookie-tossing:\n\n- Upgrade to JupyterHub 4.1 (both hub and user environment)\n- enable per-user domains via `c.JupyterHub.subdomain_host = \"https://mydomain.example.org\"`\n- set `c.JupyterHub.cookie_host_prefix_enabled = True` to enable domain-locked cookies\n\nor, if available (applies to earlier JupyterHub versions):\n\n- deploy jupyterhub on its own domain, not shared with any other services\n- enable per-user domains via `c.JupyterHub.subdomain_host = \"https://mydomain.example.org\"`",
    "permalink": "https://github.com/advisories/GHSA-7r3h-4ph8-w38g",
    "publishedAt": "2024-03-28T17:08:10Z",
    "withdrawnAt": null,
    "identifiers": [
        {
            "type": "GHSA",
            "value": "GHSA-7r3h-4ph8-w38g"
        },
        {
            "type": "CVE",
            "value": "CVE-2024-28233"
        }
    ]
}