{
    "ghsaId": "GHSA-2p75-q37p-f852",
    "severity": "HIGH",
    "summary": "OctoPrint Improper Privilege Management vulnerability",
    "description": "OctoPrint prior to 1.8.3 allows a user with read access only to access a privileged user's account and functionality. Version 1.8.3 contains a patch for this issue.",
    "permalink": "https://github.com/advisories/GHSA-2p75-q37p-f852",
    "publishedAt": "2022-09-22T00:00:31Z",
    "withdrawnAt": null,
    "identifiers": [
        {
            "type": "GHSA",
            "value": "GHSA-2p75-q37p-f852"
        },
        {
            "type": "CVE",
            "value": "CVE-2022-3068"
        }
    ]
}