{
    "ghsaId": "GHSA-86cv-9gpx-6hwj",
    "severity": "HIGH",
    "summary": "Openstack Aodh can be used to launder Keystone trusts",
    "description": "Aodh as packaged in Openstack Ocata and Newton before change-ID I8fd11a7f9fe3c0ea5f9843a89686ac06713b7851 and before Pike-rc1 does not verify that trust IDs belong to the user when creating alarm action with the scheme trust+http, which allows remote authenticated users with knowledge of trust IDs where Aodh is the trustee to obtain a Keystone token and perform unspecified authenticated actions by adding an alarm action with the scheme trust+http, and providing a trust id where Aodh is the trustee.",
    "permalink": "https://github.com/advisories/GHSA-86cv-9gpx-6hwj",
    "publishedAt": "2022-05-13T01:42:42Z",
    "withdrawnAt": null,
    "identifiers": [
        {
            "type": "GHSA",
            "value": "GHSA-86cv-9gpx-6hwj"
        },
        {
            "type": "CVE",
            "value": "CVE-2017-12440"
        }
    ]
}