{
    "ghsaId": "GHSA-5946-8p38-vffp",
    "severity": "HIGH",
    "summary": "Apache Airflow Improper Input Validation vulnerability",
    "description": "Apache Airflow, versions before 2.6.3, is affected by a vulnerability that allows an attacker to cause a service disruption by manipulating the run_id parameter. This vulnerability is considered low since it requires an authenticated user to exploit it. It is recommended to upgrade to a version that is not affected",
    "permalink": "https://github.com/advisories/GHSA-5946-8p38-vffp",
    "publishedAt": "2023-07-12T12:31:36Z",
    "withdrawnAt": null,
    "identifiers": [
        {
            "type": "GHSA",
            "value": "GHSA-5946-8p38-vffp"
        },
        {
            "type": "CVE",
            "value": "CVE-2023-22888"
        }
    ]
}