{
    "ghsaId": "GHSA-8cw2-jv5c-c825",
    "severity": "HIGH",
    "summary": "Missing Initialization of Resource in Apache Arrow",
    "description": "It was discovered that the C++ implementation (which underlies the R, Python and Ruby implementations) of Apache Arrow 0.14.0 to 0.14.1 had a uninitialized memory bug when building arrays with null values in some cases. This can lead to uninitialized memory being unintentionally shared if Arrow Arrays are transmitted over the wire (for instance with Flight) or persisted in the streaming IPC and file formats.",
    "permalink": "https://github.com/advisories/GHSA-8cw2-jv5c-c825",
    "publishedAt": "2022-05-24T17:00:40Z",
    "withdrawnAt": null,
    "identifiers": [
        {
            "type": "GHSA",
            "value": "GHSA-8cw2-jv5c-c825"
        },
        {
            "type": "CVE",
            "value": "CVE-2019-12408"
        }
    ]
}