{
    "ghsaId": "GHSA-5xp3-jfq3-5q8x",
    "severity": "HIGH",
    "summary": "Improper Input Validation in pip",
    "description": "A flaw was found in python-pip in the way it handled Unicode separators in git references. A remote attacker could possibly use this issue to install a different revision on a repository. The highest threat from this vulnerability is to data integrity. This is fixed in python-pip version 21.1.",
    "permalink": "https://github.com/advisories/GHSA-5xp3-jfq3-5q8x",
    "publishedAt": "2021-11-15T17:45:01Z",
    "withdrawnAt": null,
    "identifiers": [
        {
            "type": "GHSA",
            "value": "GHSA-5xp3-jfq3-5q8x"
        },
        {
            "type": "CVE",
            "value": "CVE-2021-3572"
        }
    ]
}