{
    "ghsaId": "GHSA-5mc5-5j6c-qmf9",
    "severity": "HIGH",
    "summary": "cfscrape Improper Input Validation vulnerability",
    "description": "An issue was discovered in cloudflare-scrape 1.6.6 through 1.7.1. A malicious website owner could craft a page that executes arbitrary Python code against any cfscrape user who scrapes that website. This is fixed in 1.8.0.",
    "permalink": "https://github.com/advisories/GHSA-5mc5-5j6c-qmf9",
    "publishedAt": "2018-07-13T16:01:01Z",
    "withdrawnAt": null,
    "identifiers": [
        {
            "type": "GHSA",
            "value": "GHSA-5mc5-5j6c-qmf9"
        },
        {
            "type": "CVE",
            "value": "CVE-2017-7235"
        }
    ]
}