{
    "ghsaId": "GHSA-3q8r-f3pj-3gc4",
    "severity": "HIGH",
    "summary": "Apache Airflow may allow authenticated users who have been deactivated to continue using the UI or API",
    "description": "In Apache Airflow, prior to version 2.4.1, deactivating a user wouldn't prevent an already authenticated user from being able to continue using the UI or API.",
    "permalink": "https://github.com/advisories/GHSA-3q8r-f3pj-3gc4",
    "publishedAt": "2022-10-07T18:16:01Z",
    "withdrawnAt": null,
    "identifiers": [
        {
            "type": "GHSA",
            "value": "GHSA-3q8r-f3pj-3gc4"
        },
        {
            "type": "CVE",
            "value": "CVE-2022-41672"
        }
    ]
}