{
    "ghsaId": "GHSA-8rj5-2857-877j",
    "severity": "HIGH",
    "summary": "json2xml Uncaught Exception vulnerability",
    "description": "The json2xml package for Python allows an error in typecode decoding enabling a remote attack that can lead to an exception, causing a denial of service.",
    "permalink": "https://github.com/advisories/GHSA-8rj5-2857-877j",
    "publishedAt": "2023-08-23T13:19:55Z",
    "withdrawnAt": null,
    "identifiers": [
        {
            "type": "GHSA",
            "value": "GHSA-8rj5-2857-877j"
        },
        {
            "type": "CVE",
            "value": "CVE-2022-25024"
        }
    ]
}