{
    "ghsaId": "GHSA-3g56-2hh3-35ph",
    "severity": "HIGH",
    "summary": "SoSReport Predictable Tmp File Names",
    "description": "sosreport in SoS 3.x allows local users to obtain sensitive information from sosreport files or gain privileges via a symlink attack on an archive file in a temporary directory, as demonstrated by `sosreport-$hostname-$date.tar` in `/tmp/sosreport-$hostname-$date`.",
    "permalink": "https://github.com/advisories/GHSA-3g56-2hh3-35ph",
    "publishedAt": "2022-05-13T01:54:05Z",
    "withdrawnAt": null,
    "identifiers": [
        {
            "type": "GHSA",
            "value": "GHSA-3g56-2hh3-35ph"
        },
        {
            "type": "CVE",
            "value": "CVE-2015-7529"
        }
    ]
}