{
    "ghsaId": "GHSA-7c4h-w765-6pwg",
    "severity": "HIGH",
    "summary": "OISF suricata-update unsafely deserializes YAML data",
    "description": "Suricata-Update uses the insecure `yaml.load()` function. Code will be executed if the yaml-file contains lines like:\n\n```yaml\nhello: !!python/object/apply:os.system ['ls -l > /tmp/output']\n```\n\nThe vulnerable function can be triggered by \"suricata-update list-sources\". The locally stored index.yaml will be loaded in this function and the malicious code gets executed.",
    "permalink": "https://github.com/advisories/GHSA-7c4h-w765-6pwg",
    "publishedAt": "2022-05-14T03:22:02Z",
    "withdrawnAt": null,
    "identifiers": [
        {
            "type": "GHSA",
            "value": "GHSA-7c4h-w765-6pwg"
        },
        {
            "type": "CVE",
            "value": "CVE-2018-1000167"
        }
    ]
}