{
    "ghsaId": "GHSA-37cf-r3w2-gjfw",
    "severity": "HIGH",
    "summary": "django-nopassword stores secrets in cleartext ",
    "description": "django-nopassword before 5.0.0 stores cleartext secrets in the database.",
    "permalink": "https://github.com/advisories/GHSA-37cf-r3w2-gjfw",
    "publishedAt": "2020-06-05T16:09:19Z",
    "withdrawnAt": null,
    "identifiers": [
        {
            "type": "GHSA",
            "value": "GHSA-37cf-r3w2-gjfw"
        },
        {
            "type": "CVE",
            "value": "CVE-2019-10682"
        }
    ]
}