{
    "ghsaId": "GHSA-2qx8-589j-gcpx",
    "severity": "HIGH",
    "summary": "Plone and plone.app.users allow remote authenticated users to modify the properties of arbitrary accounts",
    "description": "plone.app.users in Plone 4.0 and 4.1 allows remote authenticated users to modify the properties of arbitrary accounts via unspecified vectors, as exploited in the wild in June 2011.",
    "permalink": "https://github.com/advisories/GHSA-2qx8-589j-gcpx",
    "publishedAt": "2018-07-23T20:26:45Z",
    "withdrawnAt": null,
    "identifiers": [
        {
            "type": "GHSA",
            "value": "GHSA-2qx8-589j-gcpx"
        },
        {
            "type": "CVE",
            "value": "CVE-2011-1950"
        }
    ]
}