{
    "ghsaId": "GHSA-5v95-j4rr-6f3c",
    "severity": "HIGH",
    "summary": "rdiffweb's unlimited username field length can lead to DoS",
    "description": "rdiffweb prior to 2.4.8 is vulnerable to a potential Dos attack via an unlimited length \"username\" field. This can result in excess memory consumption, or memory corruption, leading to a Denial of Service (DoS). This issue is patched in version 2.4.8. There are no known workarounds.",
    "permalink": "https://github.com/advisories/GHSA-5v95-j4rr-6f3c",
    "publishedAt": "2022-09-27T00:00:17Z",
    "withdrawnAt": null,
    "identifiers": [
        {
            "type": "GHSA",
            "value": "GHSA-5v95-j4rr-6f3c"
        },
        {
            "type": "CVE",
            "value": "CVE-2022-3290"
        }
    ]
}