{
    "ghsaId": "GHSA-76x8-gg39-5jjg",
    "severity": "HIGH",
    "summary": "CherryPy Malicious cookies allow access to files outside the session directory",
    "description": "Directory traversal vulnerability in the _get_file_path function in (1) `lib/sessions.py` in CherryPy 3.0.x up to 3.0.2, (2) `filter/sessionfilter.py` in CherryPy 2.1, and (3) `filter/sessionfilter.py` in CherryPy 2.x allows remote attackers to create or delete arbitrary files, and possibly read and write portions of arbitrary files, via a crafted session id in a cookie.",
    "permalink": "https://github.com/advisories/GHSA-76x8-gg39-5jjg",
    "publishedAt": "2022-05-01T23:28:42Z",
    "withdrawnAt": null,
    "identifiers": [
        {
            "type": "GHSA",
            "value": "GHSA-76x8-gg39-5jjg"
        },
        {
            "type": "CVE",
            "value": "CVE-2008-0252"
        }
    ]
}