{
    "ghsaId": "GHSA-76x4-x3p6-rpr9",
    "severity": "HIGH",
    "summary": "SaltStack Salt Directory Traversal vulnerability",
    "description": "An issue was discovered in through SaltStack Salt before 3002.5. The `salt.wheel.pillar_roots.write` method is vulnerable to directory traversal.",
    "permalink": "https://github.com/advisories/GHSA-76x4-x3p6-rpr9",
    "publishedAt": "2022-05-24T17:43:22Z",
    "withdrawnAt": null,
    "identifiers": [
        {
            "type": "GHSA",
            "value": "GHSA-76x4-x3p6-rpr9"
        },
        {
            "type": "CVE",
            "value": "CVE-2021-25282"
        }
    ]
}