{
    "ghsaId": "GHSA-3h4m-m55v-gx4m",
    "severity": "HIGH",
    "summary": "Apache Airflow Improper Input Validation vulnerability",
    "description": "Apache Airflow, versions before 2.6.3, has a vulnerability where an authenticated user can use crafted input to make the current request hang.\u00a0It is recommended to upgrade to a version that is not affected",
    "permalink": "https://github.com/advisories/GHSA-3h4m-m55v-gx4m",
    "publishedAt": "2023-07-12T12:31:36Z",
    "withdrawnAt": null,
    "identifiers": [
        {
            "type": "GHSA",
            "value": "GHSA-3h4m-m55v-gx4m"
        },
        {
            "type": "CVE",
            "value": "CVE-2023-36543"
        }
    ]
}