{
    "ghsaId": "GHSA-54m3-95j9-v89j",
    "severity": "HIGH",
    "summary": "Sentry improperly authorizes deletion of user issue alert notifications",
    "description": "### Impact\nAn authenticated user may delete user issue alert notifications for arbitrary users given a known alert ID. \n\n### Patches\nA patch was issued to ensure authorization checks are properly scoped on requests to delete user alert notifications.\n\nSentry SaaS users do not need to take any action. [Self-Hosted Sentry](https://github.com/getsentry/self-hosted) users should upgrade to version **24.9.0** or higher.\n\n### References\n- [Prevent muting user alerts](https://github.com/getsentry/sentry/pull/77093/)\n",
    "permalink": "https://github.com/advisories/GHSA-54m3-95j9-v89j",
    "publishedAt": "2024-09-17T17:55:29Z",
    "withdrawnAt": null,
    "identifiers": [
        {
            "type": "GHSA",
            "value": "GHSA-54m3-95j9-v89j"
        },
        {
            "type": "CVE",
            "value": "CVE-2024-45605"
        }
    ]
}