{
    "ghsaId": "GHSA-99xx-83jm-h24m",
    "severity": "HIGH",
    "summary": "ClusterLabs crmsh vulnerable to shell code injection",
    "description": "An issue was discovered in ClusterLabs crmsh through 4.2.1. Local attackers able to call `crm history` (when `crm` is run) were able to execute commands via shell code injection to the crm history commandline, potentially allowing escalation of privileges.",
    "permalink": "https://github.com/advisories/GHSA-99xx-83jm-h24m",
    "publishedAt": "2022-05-24T17:38:37Z",
    "withdrawnAt": null,
    "identifiers": [
        {
            "type": "GHSA",
            "value": "GHSA-99xx-83jm-h24m"
        },
        {
            "type": "CVE",
            "value": "CVE-2020-35459"
        }
    ]
}