{
    "ghsaId": "GHSA-99rx-9x8v-9j8p",
    "severity": "HIGH",
    "summary": "OpenStack Nova Live migration can leak root disk into ephemeral storage",
    "description": "The i_create_images_and_backing (aka create_images_and_backing) method in libvirt driver in OpenStack Compute (Nova) Grizzly, Havana, and Icehouse, when using KVM live block migration, does not properly create all expected files, which allows attackers to obtain snapshot root disk contents of other users via ephemeral storage.",
    "permalink": "https://github.com/advisories/GHSA-99rx-9x8v-9j8p",
    "publishedAt": "2022-05-17T01:29:42Z",
    "withdrawnAt": null,
    "identifiers": [
        {
            "type": "GHSA",
            "value": "GHSA-99rx-9x8v-9j8p"
        },
        {
            "type": "CVE",
            "value": "CVE-2013-7130"
        }
    ]
}