{
    "ghsaId": "GHSA-6g95-x6cj-mg4v",
    "severity": "HIGH",
    "summary": "Django database denial-of-service with ModelMultipleChoiceField",
    "description": "ModelMultipleChoiceField in Django 1.6.x before 1.6.10 and 1.7.x before 1.7.3, when show_hidden_initial is set to True, allows remote attackers to cause a denial of service by submitting duplicate values, which triggers a large number of SQL queries.",
    "permalink": "https://github.com/advisories/GHSA-6g95-x6cj-mg4v",
    "publishedAt": "2022-05-17T03:20:50Z",
    "withdrawnAt": null,
    "identifiers": [
        {
            "type": "GHSA",
            "value": "GHSA-6g95-x6cj-mg4v"
        },
        {
            "type": "CVE",
            "value": "CVE-2015-0222"
        }
    ]
}