{
    "ghsaId": "GHSA-5gm3-px64-rw72",
    "severity": "HIGH",
    "summary": "Uncontrolled Resource Consumption in Pillow",
    "description": "There is a DoS vulnerability in Pillow before 6.2.2 caused by FpxImagePlugin.py calling the range function on an unvalidated 32-bit integer if the number of bands is large. On Windows running 32-bit Python, this results in an OverflowError or MemoryError due to the 2 GB limit. However, on Linux running 64-bit Python this results in the process being terminated by the OOM killer.",
    "permalink": "https://github.com/advisories/GHSA-5gm3-px64-rw72",
    "publishedAt": "2020-04-01T16:36:44Z",
    "withdrawnAt": null,
    "identifiers": [
        {
            "type": "GHSA",
            "value": "GHSA-5gm3-px64-rw72"
        },
        {
            "type": "CVE",
            "value": "CVE-2019-19911"
        }
    ]
}