{
    "ghsaId": "GHSA-6476-g47x-h3c7",
    "severity": "HIGH",
    "summary": "PyFriBidi Buffer overflow in the fribidi_utf8_to_unicode function",
    "description": "Buffer overflow in the fribidi_utf8_to_unicode function in PyFriBidi before 0.11.0 allows remote attackers to cause a denial of service (application crash) via a 4-byte utf-8 sequence.",
    "permalink": "https://github.com/advisories/GHSA-6476-g47x-h3c7",
    "publishedAt": "2022-05-17T01:48:25Z",
    "withdrawnAt": null,
    "identifiers": [
        {
            "type": "GHSA",
            "value": "GHSA-6476-g47x-h3c7"
        },
        {
            "type": "CVE",
            "value": "CVE-2012-1176"
        }
    ]
}