{
    "ghsaId": "GHSA-94vc-p8w7-5p49",
    "severity": "HIGH",
    "summary": "Bundled libwebp in imagecodecs vulnerable",
    "description": "imagecodecs versions before v2023.9.18 bundled libwebp binaries in wheels that are vulnerable to CVE-2023-5129 (previously CVE-2023-4863). imagecodecs v2023.9.18 upgrades the bundled libwebp binary to v1.3.2.",
    "permalink": "https://github.com/advisories/GHSA-94vc-p8w7-5p49",
    "publishedAt": "2023-10-05T00:07:46Z",
    "withdrawnAt": null,
    "identifiers": [
        {
            "type": "GHSA",
            "value": "GHSA-94vc-p8w7-5p49"
        }
    ]
}