{
    "ghsaId": "GHSA-58m3-rcvp-f9ww",
    "severity": "HIGH",
    "summary": "h2o vulnerable to unexpected POST request shutting down server",
    "description": "In h2oai/h2o-3 version 3.46.0, the `run_tool` command in the `rapids` component allows the `main` function of any class under the `water.tools` namespace to be called. One such class, `MojoConvertTool`, crashes the server when invoked with an invalid argument, causing a denial of service.",
    "permalink": "https://github.com/advisories/GHSA-58m3-rcvp-f9ww",
    "publishedAt": "2024-06-27T21:32:08Z",
    "withdrawnAt": null,
    "identifiers": [
        {
            "type": "GHSA",
            "value": "GHSA-58m3-rcvp-f9ww"
        },
        {
            "type": "CVE",
            "value": "CVE-2024-5979"
        }
    ]
}