{
    "ghsaId": "GHSA-4cvm-5776-jx9f",
    "severity": "HIGH",
    "summary": "Ansible Arbitrary Code Execution",
    "description": "User module in ansible before 1.6.6 is vulnerable to command execution. Ansible can get the result of remote command in variable, which may come from untrusted source of input. If the content of variable isn't properly filtered and when attempting to use the variable, it will trigger a function that passes it through jinja 2 template engine that can result into arbitrary command execution. Under certain circumstances, unprivileged user on system that is being managed via ansible can execute code on the managing host under UID of running ansible process.\n",
    "permalink": "https://github.com/advisories/GHSA-4cvm-5776-jx9f",
    "publishedAt": "2022-05-14T02:03:45Z",
    "withdrawnAt": null,
    "identifiers": [
        {
            "type": "GHSA",
            "value": "GHSA-4cvm-5776-jx9f"
        },
        {
            "type": "CVE",
            "value": "CVE-2014-3498"
        }
    ]
}