{
    "ghsaId": "GHSA-5ccf-884p-4jjq",
    "severity": "HIGH",
    "summary": "Open WebUI Unauthenticated Multipart Boundary Denial of Service (DoS) Vulnerability",
    "description": "A Denial of Service (DoS) vulnerability exists in open-webui/open-webui version 0.3.21. This vulnerability affects multiple endpoints, including `/ollama/models/upload`, `/audio/api/v1/transcriptions`, and `/rag/api/v1/doc`. The application processes multipart boundaries without authentication, leading to resource exhaustion. By appending additional characters to the multipart boundary, an attacker can cause the server to parse each byte of the boundary, ultimately leading to service unavailability. This vulnerability can be exploited remotely, resulting in high CPU and memory usage, and rendering the service inaccessible to legitimate users.",
    "permalink": "https://github.com/advisories/GHSA-5ccf-884p-4jjq",
    "publishedAt": "2025-03-20T12:32:51Z",
    "withdrawnAt": null,
    "identifiers": [
        {
            "type": "GHSA",
            "value": "GHSA-5ccf-884p-4jjq"
        },
        {
            "type": "CVE",
            "value": "CVE-2024-9840"
        }
    ]
}