{
    "ghsaId": "GHSA-4427-7f3w-mqv6",
    "severity": "HIGH",
    "summary": "OpenStack Keystone V3 /credentials endpoint policy logic allows to change credentials owner or target project ID",
    "description": "An issue was discovered in OpenStack Keystone before 15.0.1, and 16.0.0. Any authenticated user can create an EC2 credential for themselves for a project that they have a specified role on, and then perform an update to the credential user and project, allowing them to masquerade as another user. This potentially allows a malicious user to act as the admin on a project another user has the admin role on, which can effectively grant that user global admin privileges.",
    "permalink": "https://github.com/advisories/GHSA-4427-7f3w-mqv6",
    "publishedAt": "2022-05-24T17:17:23Z",
    "withdrawnAt": null,
    "identifiers": [
        {
            "type": "GHSA",
            "value": "GHSA-4427-7f3w-mqv6"
        },
        {
            "type": "CVE",
            "value": "CVE-2020-12691"
        }
    ]
}