{
    "ghsaId": "GHSA-3xvg-x47j-x75w",
    "severity": "HIGH",
    "summary": "Ansible Improper Input Validation vulnerability",
    "description": "In ansible it was found that inventory variables are loaded from current working directory when running ad-hoc command which are under attacker's control, allowing to run arbitrary code as a result.",
    "permalink": "https://github.com/advisories/GHSA-3xvg-x47j-x75w",
    "publishedAt": "2022-05-13T01:07:34Z",
    "withdrawnAt": null,
    "identifiers": [
        {
            "type": "GHSA",
            "value": "GHSA-3xvg-x47j-x75w"
        },
        {
            "type": "CVE",
            "value": "CVE-2018-10874"
        }
    ]
}