{
    "ghsaId": "GHSA-5357-c2jx-v7qh",
    "severity": "HIGH",
    "summary": "Authlib has algorithm confusion with asymmetric public keys",
    "description": "lepture Authlib before 1.3.1 has algorithm confusion with asymmetric public keys. Unless an algorithm is specified in a jwt.decode call, HMAC verification is allowed with any asymmetric public key. (This is similar to CVE-2022-29217 and CVE-2024-33663.)",
    "permalink": "https://github.com/advisories/GHSA-5357-c2jx-v7qh",
    "publishedAt": "2024-06-09T21:30:33Z",
    "withdrawnAt": null,
    "identifiers": [
        {
            "type": "GHSA",
            "value": "GHSA-5357-c2jx-v7qh"
        },
        {
            "type": "CVE",
            "value": "CVE-2024-37568"
        }
    ]
}