{
    "ghsaId": "GHSA-27px-qpmj-qg38",
    "severity": "HIGH",
    "summary": "Paste Script has improper group memberships permissions",
    "description": "Paste Script 1.7.5 and earlier does not properly set group memberships during execution with root privileges, which might allow remote attackers to bypass intended file-access restrictions by leveraging a web application that uses the local filesystem.",
    "permalink": "https://github.com/advisories/GHSA-27px-qpmj-qg38",
    "publishedAt": "2022-05-17T05:12:26Z",
    "withdrawnAt": null,
    "identifiers": [
        {
            "type": "GHSA",
            "value": "GHSA-27px-qpmj-qg38"
        },
        {
            "type": "CVE",
            "value": "CVE-2012-0878"
        }
    ]
}