{
    "ghsaId": "GHSA-7mx5-x372-xh87",
    "severity": "HIGH",
    "summary": "Incorrect Session Validation in Apache Airflow",
    "description": "Incorrect Session Validation in Apache Airflow Webserver versions prior to 1.10.14 with default config allows a malicious airflow user on site A where they log in normally, to access unauthorized Airflow Webserver on Site B through the session from Site A. This does not affect users who have changed the default value for `[webserver] secret_key` config.",
    "permalink": "https://github.com/advisories/GHSA-7mx5-x372-xh87",
    "publishedAt": "2021-04-20T16:40:27Z",
    "withdrawnAt": null,
    "identifiers": [
        {
            "type": "GHSA",
            "value": "GHSA-7mx5-x372-xh87"
        },
        {
            "type": "CVE",
            "value": "CVE-2020-17526"
        }
    ]
}