{
    "ghsaId": "GHSA-7hxc-mwx7-5hmc",
    "severity": "HIGH",
    "summary": "Plone Code Injection vulnerability",
    "description": "`registerConfiglet.py` in Plone before 4.2.3 and 4.3 before beta 1 allows remote attackers to execute Python code via unspecified vectors, related to the admin interface.",
    "permalink": "https://github.com/advisories/GHSA-7hxc-mwx7-5hmc",
    "publishedAt": "2022-05-17T04:31:32Z",
    "withdrawnAt": null,
    "identifiers": [
        {
            "type": "GHSA",
            "value": "GHSA-7hxc-mwx7-5hmc"
        },
        {
            "type": "CVE",
            "value": "CVE-2012-5485"
        }
    ]
}