{
    "ghsaId": "GHSA-799h-qr84-pcrp",
    "severity": "HIGH",
    "summary": "Kallithea Routes CSRF Bypass",
    "description": "Routes in Kallithea before 0.3.2 allows remote attackers to bypass the CSRF protection by using the GET HTTP request method.",
    "permalink": "https://github.com/advisories/GHSA-799h-qr84-pcrp",
    "publishedAt": "2022-05-13T01:26:14Z",
    "withdrawnAt": null,
    "identifiers": [
        {
            "type": "GHSA",
            "value": "GHSA-799h-qr84-pcrp"
        },
        {
            "type": "CVE",
            "value": "CVE-2016-3691"
        }
    ]
}