{
    "ghsaId": "GHSA-6g87-ff9q-v847",
    "severity": "HIGH",
    "summary": "websockets is vulnerable to denial of service by memory exhaustion",
    "description": "The Python websockets library version 4 contains a CWE-409: Improper Handling of Highly Compressed Data (Data Amplification) vulnerability in Servers and clients, unless configured with compression=None that can result in Denial of Service by memory exhaustion. This attack appears to be exploitable via sending a specially crafted frame on an established connection. This vulnerability appears to have been fixed in version 5.0",
    "permalink": "https://github.com/advisories/GHSA-6g87-ff9q-v847",
    "publishedAt": "2018-09-17T20:46:52Z",
    "withdrawnAt": null,
    "identifiers": [
        {
            "type": "GHSA",
            "value": "GHSA-6g87-ff9q-v847"
        },
        {
            "type": "CVE",
            "value": "CVE-2018-1000518"
        }
    ]
}