{
    "ghsaId": "GHSA-4v9f-r55g-g6hc",
    "severity": "HIGH",
    "summary": "Prefect CORS (Cross-Origin Resource Sharing) misconfiguration",
    "description": "A CORS (Cross-Origin Resource Sharing) misconfiguration in prefecthq/prefect prior ro version 3.0.3 allows unauthorized domains to access sensitive data. This vulnerability can lead to unauthorized access to the database, resulting in potential data leaks, loss of confidentiality, service disruption, and data integrity risks.",
    "permalink": "https://github.com/advisories/GHSA-4v9f-r55g-g6hc",
    "publishedAt": "2025-03-20T12:32:47Z",
    "withdrawnAt": null,
    "identifiers": [
        {
            "type": "GHSA",
            "value": "GHSA-4v9f-r55g-g6hc"
        },
        {
            "type": "CVE",
            "value": "CVE-2024-8183"
        }
    ]
}