{
    "ghsaId": "GHSA-7vvr-h4p5-m7fh",
    "severity": "HIGH",
    "summary": "Aubio is vulnerable to a NULL pointer dereference in new_aubio_filterbank",
    "description": "aubio v0.4.0 to v0.4.8 has a NULL pointer dereference in `new_aubio_filterbank` via invalid n_filters.",
    "permalink": "https://github.com/advisories/GHSA-7vvr-h4p5-m7fh",
    "publishedAt": "2019-07-26T16:10:20Z",
    "withdrawnAt": null,
    "identifiers": [
        {
            "type": "GHSA",
            "value": "GHSA-7vvr-h4p5-m7fh"
        },
        {
            "type": "CVE",
            "value": "CVE-2018-19801"
        }
    ]
}