{
    "ghsaId": "GHSA-59g5-xgcq-4qw3",
    "severity": "HIGH",
    "summary": "Denial of service (DoS) via deformation `multipart/form-data` boundary",
    "description": "### Summary\n\nWhen parsing form data, `python-multipart` skips line breaks (CR `\\r` or LF `\\n`) in front of the first boundary and any tailing bytes after the last boundary. This happens one byte at a time and emits a log event each time, which may cause excessive logging for certain inputs.\n\nAn attacker could abuse this by sending a malicious request with lots of data before the first or after the last boundary, causing high CPU load and stalling the processing thread for a significant amount of time. In case of ASGI application, this could stall the event loop and prevent other requests from being processed, resulting in a denial of service (DoS).\n\n### Impact\n\nApplications that use `python-multipart` to parse form data (or use frameworks that do so) are affected. \n\n### Original Report\n\nThis security issue was reported by:\n- GitHub security advisory in Starlette on October 30 by @Startr4ck\n- Email to `python-multipart` maintainer on October 3 by @mnqazi",
    "permalink": "https://github.com/advisories/GHSA-59g5-xgcq-4qw3",
    "publishedAt": "2024-12-02T21:37:04Z",
    "withdrawnAt": null,
    "identifiers": [
        {
            "type": "GHSA",
            "value": "GHSA-59g5-xgcq-4qw3"
        },
        {
            "type": "CVE",
            "value": "CVE-2024-53981"
        }
    ]
}