{
    "ghsaId": "GHSA-27p5-7cw6-m45h",
    "severity": "HIGH",
    "summary": "Server-Side Request Forgery in unoconv",
    "description": "The unoconv package before 0.9 mishandles untrusted pathnames, leading to SSRF and local file inclusion.",
    "permalink": "https://github.com/advisories/GHSA-27p5-7cw6-m45h",
    "publishedAt": "2019-10-24T20:46:54Z",
    "withdrawnAt": null,
    "identifiers": [
        {
            "type": "GHSA",
            "value": "GHSA-27p5-7cw6-m45h"
        },
        {
            "type": "CVE",
            "value": "CVE-2019-17400"
        }
    ]
}