{
    "ghsaId": "GHSA-4jp4-3c62-r8jv",
    "severity": "HIGH",
    "summary": "OpenStack Glance Denial of service by creating a large number of images ",
    "description": "OpenStack Image Registry and Delivery Service (Glance) 2014.2 through 2014.2.2 does not properly remove images, which allows remote authenticated users to cause a denial of service (disk consumption) by creating a large number of images using the task v2 API and then deleting them, a different vulnerability than CVE-2014-9684.",
    "permalink": "https://github.com/advisories/GHSA-4jp4-3c62-r8jv",
    "publishedAt": "2022-05-17T03:09:50Z",
    "withdrawnAt": null,
    "identifiers": [
        {
            "type": "GHSA",
            "value": "GHSA-4jp4-3c62-r8jv"
        },
        {
            "type": "CVE",
            "value": "CVE-2015-1881"
        }
    ]
}