{
    "ghsaId": "GHSA-92x2-jw7w-xvvx",
    "severity": "HIGH",
    "summary": "Cookie and header exposure in twisted",
    "description": "### Impact\n\nCookie and Authorization headers are leaked when following cross-origin redirects in `twited.web.client.RedirectAgent` and `twisted.web.client.BrowserLikeRedirectAgent`.",
    "permalink": "https://github.com/advisories/GHSA-92x2-jw7w-xvvx",
    "publishedAt": "2022-02-07T22:36:00Z",
    "withdrawnAt": null,
    "identifiers": [
        {
            "type": "GHSA",
            "value": "GHSA-92x2-jw7w-xvvx"
        },
        {
            "type": "CVE",
            "value": "CVE-2022-21712"
        }
    ]
}