{
    "ghsaId": "GHSA-4hh3-vj32-gr6j",
    "severity": "HIGH",
    "summary": "Mobile Security Framework (MobSF) has a Zip Slip Vulnerability in .a Static Library Files",
    "description": "### Summary\nUpon reviewing the MobSF source code, I identified a flaw in the Static Libraries analysis section. Specifically, during the extraction of .a extension files, the measure intended to prevent Zip Slip attacks is improperly implemented.\n\nSince the implemented measure can be bypassed, the vulnerability allows an attacker to extract files to any desired location within the server running MobSF.\n\n### Details\n\nUpon examining lines 183-192 of the `mobsf/StaticAnalyzer/views/common/shared_func.py` file, it is observed that there is a mitigation against Zip Slip attacks implemented as `a.decode('utf-8', 'ignore').replace('../', '').replace('..\\\\', '')`. However, this measure can be bypassed using sequences like `....//....//....//`. Since the replace operation is not recursive, this sequence is transformed into `../../../` after the replace operation, allowing files to be written to upper directories.\n\n<img width=\"448\" alt=\"image\" src=\"https://github.com/user-attachments/assets/fadf4bcc-1a92-4655-b66a-5349278ad9c5\">\n\n\nFor the proof of concept, I created an .a archive file that renders MobSF unusable by writing an empty file with the same name over the database located at `/home/mobsf/.MobSF/db.sqlite3`.\n\n<img width=\"300\" alt=\"poc a_1\" src=\"https://github.com/user-attachments/assets/54acf101-3931-401f-9970-a0934265eecb\">\n\n\nI am including the binary used for the POC named `poc.VULN`. To test it, you need to rename this binary to `poc.a`.\n\n **Warning:** As soon as you scan this file with MobSF, the database will be deleted, rendering MobSF unusable.\n\nPoC Binary File ([poc.VULN](https://drive.google.com/file/d/1K2eHYIZ1hUbs-Vi5zhKAKecnd0nDB8lO/view?usp=share_link))\n\n### PoC\n\n\nhttps://github.com/user-attachments/assets/3225ccb0-cb00-47a5-8305-37a40ca1ae7f\n\n\n\n### Impact\n\nWhen a malicious .a file is scanned with MobSF, a critical vulnerability is present as it allows files to be extracted to any location on the server where MobSF is running. In this POC, I deleted the database, but it is also possible to achieve RCE by overwriting binaries of certain tools or by overwriting the /etc/passwd file.\n",
    "permalink": "https://github.com/advisories/GHSA-4hh3-vj32-gr6j",
    "publishedAt": "2024-08-19T17:29:52Z",
    "withdrawnAt": null,
    "identifiers": [
        {
            "type": "GHSA",
            "value": "GHSA-4hh3-vj32-gr6j"
        },
        {
            "type": "CVE",
            "value": "CVE-2024-43399"
        }
    ]
}