{
    "ghsaId": "GHSA-6748-36qp-fx6r",
    "severity": "HIGH",
    "summary": "PyOpenSSL Mishandles NUL Byte In Certificate Subject Alternative Name",
    "description": "The X509Extension in pyOpenSSL before 0.13.1 does not properly handle a `\\0` character in a domain name in the Subject Alternative Name field of an X.509 certificate, which allows man-in-the-middle attackers to spoof arbitrary SSL servers via a crafted certificate issued by a legitimate Certification Authority.",
    "permalink": "https://github.com/advisories/GHSA-6748-36qp-fx6r",
    "publishedAt": "2022-05-17T04:56:46Z",
    "withdrawnAt": null,
    "identifiers": [
        {
            "type": "GHSA",
            "value": "GHSA-6748-36qp-fx6r"
        },
        {
            "type": "CVE",
            "value": "CVE-2013-4314"
        }
    ]
}