{
    "ghsaId": "GHSA-5j2h-h5hg-3wf8",
    "severity": "HIGH",
    "summary": "Cross-site request forgery in Django",
    "description": "Django 1.1.x before 1.1.4 and 1.2.x before 1.2.5 does not properly validate HTTP requests that contain an X-Requested-With header, which makes it easier for remote attackers to conduct cross-site request forgery (CSRF) attacks via forged AJAX requests that leverage a \"combination of browser plugins and redirects,\" a related issue to CVE-2011-0447.",
    "permalink": "https://github.com/advisories/GHSA-5j2h-h5hg-3wf8",
    "publishedAt": "2018-07-23T19:51:10Z",
    "withdrawnAt": null,
    "identifiers": [
        {
            "type": "GHSA",
            "value": "GHSA-5j2h-h5hg-3wf8"
        },
        {
            "type": "CVE",
            "value": "CVE-2011-0696"
        }
    ]
}