{
    "ghsaId": "GHSA-27jx-ffw8-xrqv",
    "severity": "HIGH",
    "summary": "pgAdmin Remote Code Execution (RCE) vulnerability",
    "description": "pgAdmin <= 8.4 is affected by a  Remote Code Execution (RCE) vulnerability through the validate binary path API. This vulnerability allows attackers to execute arbitrary code on the server hosting PGAdmin, posing a severe risk to the database management system's integrity and the security of the underlying data.",
    "permalink": "https://github.com/advisories/GHSA-27jx-ffw8-xrqv",
    "publishedAt": "2024-04-04T15:30:34Z",
    "withdrawnAt": null,
    "identifiers": [
        {
            "type": "GHSA",
            "value": "GHSA-27jx-ffw8-xrqv"
        },
        {
            "type": "CVE",
            "value": "CVE-2024-3116"
        }
    ]
}