{
    "ghsaId": "GHSA-9g3v-v24q-jj5p",
    "severity": "HIGH",
    "summary": "rdiffweb does not have a rate limit on incorrect password attempts to prevent brute force attacks",
    "description": "rdiffweb prior to 2.5.0a4 does not have a rate limit to prevent attackers attempting brute force attacks to guess passwords. Version 2.5.0a4 limits the number of incorrect password attempts.",
    "permalink": "https://github.com/advisories/GHSA-9g3v-v24q-jj5p",
    "publishedAt": "2022-10-06T18:52:04Z",
    "withdrawnAt": null,
    "identifiers": [
        {
            "type": "GHSA",
            "value": "GHSA-9g3v-v24q-jj5p"
        },
        {
            "type": "CVE",
            "value": "CVE-2022-3273"
        }
    ]
}