{
    "ghsaId": "GHSA-2q4h-27m7-rj67",
    "severity": "HIGH",
    "summary": "python-bugzilla has improper validation of X.509 certificates",
    "description": "python-bugzilla before 0.9.0 does not validate X.509 certificates, which allows man-in-the-middle attackers to spoof Bugzilla servers via a crafted certificate.",
    "permalink": "https://github.com/advisories/GHSA-2q4h-27m7-rj67",
    "publishedAt": "2022-05-14T02:10:10Z",
    "withdrawnAt": null,
    "identifiers": [
        {
            "type": "GHSA",
            "value": "GHSA-2q4h-27m7-rj67"
        },
        {
            "type": "CVE",
            "value": "CVE-2013-2191"
        }
    ]
}