{
    "ghsaId": "GHSA-5qcg-w2cc-xffw",
    "severity": "HIGH",
    "summary": "Uncontrolled resource consumption in validators Python package",
    "description": "The validators package 0.12.2 through 0.12.5 for Python enters an infinite loop when validators.domain is called with a crafted domain string. This is fixed in 0.12.6.",
    "permalink": "https://github.com/advisories/GHSA-5qcg-w2cc-xffw",
    "publishedAt": "2020-01-21T20:32:09Z",
    "withdrawnAt": null,
    "identifiers": [
        {
            "type": "GHSA",
            "value": "GHSA-5qcg-w2cc-xffw"
        },
        {
            "type": "CVE",
            "value": "CVE-2019-19588"
        }
    ]
}