{
    "ghsaId": "GHSA-3qj8-93xh-pwh2",
    "severity": "HIGH",
    "summary": "Duplicate Advisory: Starlette allows an unauthenticated and remote attacker to specify any number of form fields or files",
    "description": "## Duplicate Advisory\nThis advisory has been withdrawn because it is a duplicate of GHSA-74m5-2c7w-9w3x. This link is maintained to preserve external references.\n\n## Original Description\nThere MultipartParser usage in Encode's Starlette python framework before versions 0.25.0 allows an unauthenticated and remote attacker to specify any number of form fields or files which can cause excessive memory usage resulting in denial of service of the HTTP service.",
    "permalink": "https://github.com/advisories/GHSA-3qj8-93xh-pwh2",
    "publishedAt": "2023-04-21T18:30:24Z",
    "withdrawnAt": "2024-10-28T15:22:00Z",
    "identifiers": [
        {
            "type": "GHSA",
            "value": "GHSA-3qj8-93xh-pwh2"
        }
    ]
}