{
    "ghsaId": "GHSA-5rpc-gwh9-q9fg",
    "severity": "HIGH",
    "summary": "Improper Restriction of Operations within the Bounds of a Memory Buffer in OpenCV",
    "description": "In modules/imgcodecs/src/grfmt_pxm.cpp, the length of buffer AutoBuffer _src is small than expected, which will cause copy buffer overflow later. If the image is from remote, may lead to remote code execution or denial of service. This affects OpenCV 3.3 (corresponding to OpenCV-Python 3.3.0.9) and earlier.",
    "permalink": "https://github.com/advisories/GHSA-5rpc-gwh9-q9fg",
    "publishedAt": "2021-10-12T22:02:21Z",
    "withdrawnAt": null,
    "identifiers": [
        {
            "type": "GHSA",
            "value": "GHSA-5rpc-gwh9-q9fg"
        },
        {
            "type": "CVE",
            "value": "CVE-2017-12862"
        }
    ]
}