{
    "ghsaId": "GHSA-5wrh-4jwv-5w78",
    "severity": "HIGH",
    "summary": "Open redirect via transitional IPv6 addresses on dual-stack networks",
    "description": "### Impact\nRequests to user provided domains were not restricted to external IP addresses when transitional IPv6 addresses were used. Outbound requests to federation, identity servers, when calculating the key validity for third-party invite events, sending push notifications, and generating URL previews are affected. This could cause Synapse to make requests to internal infrastructure on dual-stack networks.\n\n### Patches\nThis issue is fixed by #9240.\n\n### Workarounds\nOutbound requests to the following address ranges can be blocked by a firewall, if unused for internal communication between systems:\n\n* `::ffff/80`\n* `::0000/80` (note that this IP range is considered deprecated by the IETF)\n* `2002::/16` (note that this IP range is considered deprecated by the IETF)\n\n### References\n* [RFC3056](https://tools.ietf.org/html/rfc3056)\n* [RFC4291](https://tools.ietf.org/html/rfc4291)",
    "permalink": "https://github.com/advisories/GHSA-5wrh-4jwv-5w78",
    "publishedAt": "2021-04-13T15:13:08Z",
    "withdrawnAt": null,
    "identifiers": [
        {
            "type": "GHSA",
            "value": "GHSA-5wrh-4jwv-5w78"
        },
        {
            "type": "CVE",
            "value": "CVE-2021-21392"
        }
    ]
}