{
    "ghsaId": "GHSA-943p-xc6m-c6gr",
    "severity": "HIGH",
    "summary": "Rejected CVE ID",
    "description": "** REJECT ** DO NOT USE THIS CANDIDATE NUMBER. ConsultIDs: CVE-2018-7576,\nCVE-2018-21233. Reason: this candidate was intended for one issue, but the\ndescription and references inadvertently combined multiple issues. Notes:\nAll CVE users should consult CVE-2018-7576 and CVE-2018-21233 to determine\nwhich ID is appropriate. All references and descriptions in this candidate\nhave been removed to prevent accidental usage.",
    "permalink": "https://github.com/advisories/GHSA-943p-xc6m-c6gr",
    "publishedAt": "2019-04-30T15:37:27Z",
    "withdrawnAt": "2020-05-13T15:49:20Z",
    "identifiers": [
        {
            "type": "GHSA",
            "value": "GHSA-943p-xc6m-c6gr"
        },
        {
            "type": "CVE",
            "value": "CVE-2018-7574"
        }
    ]
}