{
    "ghsaId": "GHSA-39mj-fpg2-3jrg",
    "severity": "HIGH",
    "summary": "StackStorm st2 Infinite Loop Condition",
    "description": "StackStorm before 3.4.1, in some situations, has an infinite loop that consumes all available memory and disk space. This can occur if Python 3.x is used, the locale is not utf-8, and there is an attempt to log Unicode data (from an action or rule name).",
    "permalink": "https://github.com/advisories/GHSA-39mj-fpg2-3jrg",
    "publishedAt": "2022-05-24T17:44:46Z",
    "withdrawnAt": "2023-08-07T20:56:50Z",
    "identifiers": [
        {
            "type": "GHSA",
            "value": "GHSA-39mj-fpg2-3jrg"
        },
        {
            "type": "CVE",
            "value": "CVE-2021-28667"
        }
    ]
}