{
    "ghsaId": "GHSA-4v3r-hqr9-69jf",
    "severity": "HIGH",
    "summary": "Command Injection in Nuitka",
    "description": "Nuitka 0.8.4 and prior is vulnerable to command injection. A patch is available and anticipated to be part of the `0.9` release.",
    "permalink": "https://github.com/advisories/GHSA-4v3r-hqr9-69jf",
    "publishedAt": "2022-06-13T00:00:18Z",
    "withdrawnAt": null,
    "identifiers": [
        {
            "type": "GHSA",
            "value": "GHSA-4v3r-hqr9-69jf"
        },
        {
            "type": "CVE",
            "value": "CVE-2022-2054"
        }
    ]
}