{
    "ghsaId": "GHSA-8w3x-457r-wg53",
    "severity": "HIGH",
    "summary": "Out-of-bounds Write in OpenCV",
    "description": "OpenCV (Open Source Computer Vision Library) through 3.3 (corresponding to opencv-python and opencv-contrib-python through 3.3.0.9) has an out-of-bounds write error in the function FillColorRow1 in utils.cpp when reading an image file by using cv::imread.",
    "permalink": "https://github.com/advisories/GHSA-8w3x-457r-wg53",
    "publishedAt": "2021-10-12T22:00:41Z",
    "withdrawnAt": null,
    "identifiers": [
        {
            "type": "GHSA",
            "value": "GHSA-8w3x-457r-wg53"
        },
        {
            "type": "CVE",
            "value": "CVE-2017-12597"
        }
    ]
}