{
    "ghsaId": "GHSA-59w8-4wm2-4xw8",
    "severity": "HIGH",
    "summary": "Django Image Field Vulnerable to Image Decompression Bombs",
    "description": "The `django.forms.ImageField` class in the form system in Django before 1.3.2 and 1.4.x before 1.4.1 completely decompresses image data during image validation, which allows remote attackers to cause a denial of service (memory consumption) by uploading an image file.",
    "permalink": "https://github.com/advisories/GHSA-59w8-4wm2-4xw8",
    "publishedAt": "2022-05-17T05:12:01Z",
    "withdrawnAt": null,
    "identifiers": [
        {
            "type": "GHSA",
            "value": "GHSA-59w8-4wm2-4xw8"
        },
        {
            "type": "CVE",
            "value": "CVE-2012-3443"
        }
    ]
}