{
    "ghsaId": "GHSA-2pqc-gv8q-pvqv",
    "severity": "HIGH",
    "summary": "django-cms CSRF Vulnerability",
    "description": "Cross-site request forgery (CSRF) vulnerability in django CMS before 3.0.14, 3.1.x before 3.1.1 allows remote attackers to manipulate privileged users into performing unknown actions.",
    "permalink": "https://github.com/advisories/GHSA-2pqc-gv8q-pvqv",
    "publishedAt": "2022-05-17T01:57:52Z",
    "withdrawnAt": null,
    "identifiers": [
        {
            "type": "GHSA",
            "value": "GHSA-2pqc-gv8q-pvqv"
        },
        {
            "type": "CVE",
            "value": "CVE-2015-5081"
        }
    ]
}