{
    "ghsaId": "GHSA-7527-8855-9cf8",
    "severity": "HIGH",
    "summary": "Incorrect header handling in mod-wsgi",
    "description": "A vulnerability was found in mod_wsgi. The X-Client-IP header is not removed from a request from an untrusted proxy, allowing an attacker to pass the X-Client-IP header to the target WSGI application because the condition to remove it is missing.",
    "permalink": "https://github.com/advisories/GHSA-7527-8855-9cf8",
    "publishedAt": "2022-08-26T00:03:30Z",
    "withdrawnAt": null,
    "identifiers": [
        {
            "type": "GHSA",
            "value": "GHSA-7527-8855-9cf8"
        },
        {
            "type": "CVE",
            "value": "CVE-2022-2255"
        }
    ]
}