{
    "ghsaId": "GHSA-8r96-8889-qg2x",
    "severity": "HIGH",
    "summary": "HTTPie allows attackers to eavesdrop on communications between the host and server via a man-in-the-middle attack",
    "description": "Missing SSL certificate validation in HTTPie v3.2.2 allows attackers to eavesdrop on communications between the host and server via a man-in-the-middle attack.",
    "permalink": "https://github.com/advisories/GHSA-8r96-8889-qg2x",
    "publishedAt": "2023-11-16T18:30:31Z",
    "withdrawnAt": null,
    "identifiers": [
        {
            "type": "GHSA",
            "value": "GHSA-8r96-8889-qg2x"
        },
        {
            "type": "CVE",
            "value": "CVE-2023-48052"
        }
    ]
}