{
    "ghsaId": "GHSA-4j3w-g62x-hrcp",
    "severity": "HIGH",
    "summary": "Plone Cross-site request forgery (CSRF)",
    "description": "Multiple cross-site request forgery (CSRF) vulnerabilities in Plone CMS before 3.1 allow remote attackers to (1) add arbitrary accounts via the join_form page and (2) change the privileges of arbitrary groups via the prefs_groups_overview page.",
    "permalink": "https://github.com/advisories/GHSA-4j3w-g62x-hrcp",
    "publishedAt": "2022-05-01T23:28:05Z",
    "withdrawnAt": null,
    "identifiers": [
        {
            "type": "GHSA",
            "value": "GHSA-4j3w-g62x-hrcp"
        },
        {
            "type": "CVE",
            "value": "CVE-2008-0164"
        }
    ]
}