{
    "ghsaId": "GHSA-3c67-5hwx-f6wx",
    "severity": "HIGH",
    "summary": "Gradios's CORS origin validation is not performed when the request has a cookie",
    "description": "### Impact\n**What kind of vulnerability is it? Who is impacted?**\n\nThis vulnerability is related to **CORS origin validation**, where the Gradio server fails to validate the request origin when a cookie is present. This allows an attacker\u2019s website to make unauthorized requests to a local Gradio server. Potentially, attackers can upload files, steal authentication tokens, and access user data if the victim visits a malicious website while logged into Gradio. This impacts users who have deployed Gradio locally and use basic authentication.\n\n### Patches\nYes, please upgrade to `gradio>=4.44` to address this issue.\n\n### Workarounds\n**Is there a way for users to fix or remediate the vulnerability without upgrading?**\n\nAs a workaround, users can manually enforce stricter CORS origin validation by modifying the `CustomCORSMiddleware` class in their local Gradio server code. Specifically, they can bypass the condition that skips CORS validation for requests containing cookies to prevent potential exploitation.\n\n",
    "permalink": "https://github.com/advisories/GHSA-3c67-5hwx-f6wx",
    "publishedAt": "2024-10-10T21:20:06Z",
    "withdrawnAt": null,
    "identifiers": [
        {
            "type": "GHSA",
            "value": "GHSA-3c67-5hwx-f6wx"
        },
        {
            "type": "CVE",
            "value": "CVE-2024-47084"
        }
    ]
}