{
    "ghsaId": "GHSA-5vgj-ggm4-fg62",
    "severity": "HIGH",
    "summary": "pdoc embeds link to malicious CDN if math mode is enabled",
    "description": "### Impact\n\nDocumentation generated with `pdoc --math` linked to JavaScript files from polyfill.io.\nThe polyfill.io CDN has been sold and now serves malicious code.\n\nUsers who produce documentation with math mode should update immediately. All other users are unaffected.\n\n### Patches\n\nThis issue has been fixed in pdoc 14.5.1.\n\n### References\n\nhttps://github.com/mitmproxy/pdoc/pull/703\nhttps://sansec.io/research/polyfill-supply-chain-attack\n\n### Timeline\n\n- **[2024-06-25]** https://sansec.io/research/polyfill-supply-chain-attack is published.\n- **[2024-06-25 20:54 UTC]** Issue reported to the pdoc project by @adhintz.\n- **[2024-06-25 21:33 UTC]** Patched version released.\n- **[2024-06-25 21:37 UTC]** Security advisory published.\n- **[2024-06-25 23:49 UTC]** CVE-2024-38526 assigned by GitHub.",
    "permalink": "https://github.com/advisories/GHSA-5vgj-ggm4-fg62",
    "publishedAt": "2024-06-25T22:23:30Z",
    "withdrawnAt": null,
    "identifiers": [
        {
            "type": "GHSA",
            "value": "GHSA-5vgj-ggm4-fg62"
        },
        {
            "type": "CVE",
            "value": "CVE-2024-38526"
        }
    ]
}