{
    "ghsaId": "GHSA-75cw-5cgv-g853",
    "severity": "HIGH",
    "summary": "IPython Notebook vulnerable to improper validation of the origin of websocket requests ",
    "description": "IPython Notebook 0.12 through 1.x before 1.2.0 does not validate the origin of websocket requests, which allows remote attackers to execute arbitrary code by leveraging knowledge of the kernel id and a crafted page.",
    "permalink": "https://github.com/advisories/GHSA-75cw-5cgv-g853",
    "publishedAt": "2022-05-14T02:05:20Z",
    "withdrawnAt": null,
    "identifiers": [
        {
            "type": "GHSA",
            "value": "GHSA-75cw-5cgv-g853"
        },
        {
            "type": "CVE",
            "value": "CVE-2014-3429"
        }
    ]
}