{
    "ghsaId": "GHSA-3872-f48p-pxqj",
    "severity": "HIGH",
    "summary": "Improper Neutralization of Special Elements used in a Command ('Command Injection') in Weblate",
    "description": "### Impact\nWeblate didn't correctly sanitize some arguments passed to Git and Mercurial, which allowed changing their behavior in an unintended way.\n\n### Patches\n\nThe issues were fixed in the 4.11.1 release. The following commits are addressing it:\n\n* 35d59f1f040541c358cece0a8d4a63183ca919b8\n* d83672a3e7415da1490334e2c9431e5da1966842\n\n### Workarounds\n\nInstances in which untrusted users cannot create new components are not affected.\n\n### References\n* [SNYK-PYTHON-WEBLATE-2414088](https://security.snyk.io/vuln/SNYK-PYTHON-WEBLATE-2414088)\n\n### For more information\nIf you have any questions or comments about this advisory:\n* Open a topic in [discussions](https://github.com/WeblateOrg/weblate/discussions)\n* Email us at [care@weblate.org](mailto:care@weblate.org)\n",
    "permalink": "https://github.com/advisories/GHSA-3872-f48p-pxqj",
    "publishedAt": "2022-03-04T21:15:31Z",
    "withdrawnAt": null,
    "identifiers": [
        {
            "type": "GHSA",
            "value": "GHSA-3872-f48p-pxqj"
        },
        {
            "type": "CVE",
            "value": "CVE-2022-23915"
        }
    ]
}