{
    "ghsaId": "GHSA-972c-cfv8-2hq8",
    "severity": "HIGH",
    "summary": "OpenStack Object Storage (Swift) allows remote attackers to cause a denial of service",
    "description": "OpenStack Object Storage (Swift) before 2.4.0 does not properly close client connections, which allows remote attackers to cause a denial of service (proxy-server resource consumption) via a series of interrupted requests to a Large Object URL.",
    "permalink": "https://github.com/advisories/GHSA-972c-cfv8-2hq8",
    "publishedAt": "2022-05-17T03:32:38Z",
    "withdrawnAt": null,
    "identifiers": [
        {
            "type": "GHSA",
            "value": "GHSA-972c-cfv8-2hq8"
        },
        {
            "type": "CVE",
            "value": "CVE-2016-0737"
        }
    ]
}