{
    "ghsaId": "GHSA-97rj-p794-wq6m",
    "severity": "HIGH",
    "summary": "Plone denial of service via Caching Bypass",
    "description": "queryCatalog.py in Plone before 4.2.3 and 4.3 before beta 1 allows remote attackers to bypass caching and cause a denial of service via a crafted request to a collection.",
    "permalink": "https://github.com/advisories/GHSA-97rj-p794-wq6m",
    "publishedAt": "2022-05-17T04:01:59Z",
    "withdrawnAt": null,
    "identifiers": [
        {
            "type": "GHSA",
            "value": "GHSA-97rj-p794-wq6m"
        },
        {
            "type": "CVE",
            "value": "CVE-2012-5498"
        }
    ]
}