{
    "ghsaId": "GHSA-663j-rjcr-789f",
    "severity": "HIGH",
    "summary": "CSV injection in shuup",
    "description": "\u201cShuup\u201d application in versions 0.4.2 to 2.10.8 is affected by the \u201cFormula Injection\u201d vulnerability. A customer can inject payloads in the name input field in the billing address while buying a product. When a store administrator accesses the reports page to export the data as an Excel file and opens it, the payload gets executed.",
    "permalink": "https://github.com/advisories/GHSA-663j-rjcr-789f",
    "publishedAt": "2021-09-30T20:50:07Z",
    "withdrawnAt": null,
    "identifiers": [
        {
            "type": "GHSA",
            "value": "GHSA-663j-rjcr-789f"
        },
        {
            "type": "CVE",
            "value": "CVE-2021-25962"
        }
    ]
}