{
    "ghsaId": "GHSA-6fgf-x7wg-hp8r",
    "severity": "HIGH",
    "summary": "Plone Unrestricted Filed Manipulation vulnerability via content edit forms",
    "description": "typeswidget.py in Plone 2.1 through 4.1, 4.2.x through 4.2.5, and 4.3.x through 4.3.1 does not properly enforce the immutable setting on unspecified content edit forms, which allows remote attackers to hide fields on the forms via a crafted URL.",
    "permalink": "https://github.com/advisories/GHSA-6fgf-x7wg-hp8r",
    "publishedAt": "2022-05-17T04:49:44Z",
    "withdrawnAt": null,
    "identifiers": [
        {
            "type": "GHSA",
            "value": "GHSA-6fgf-x7wg-hp8r"
        },
        {
            "type": "CVE",
            "value": "CVE-2013-4193"
        }
    ]
}