{
    "ghsaId": "GHSA-593c-j348-f3gv",
    "severity": "HIGH",
    "summary": "Plone Improper Session Management",
    "description": "Plone CMS before 3, places a base64 encoded form of the username and password in the `__ac` cookie for the admin account, which makes it easier for remote attackers to obtain administrative privileges by sniffing the network.",
    "permalink": "https://github.com/advisories/GHSA-593c-j348-f3gv",
    "publishedAt": "2022-05-01T23:39:38Z",
    "withdrawnAt": null,
    "identifiers": [
        {
            "type": "GHSA",
            "value": "GHSA-593c-j348-f3gv"
        },
        {
            "type": "CVE",
            "value": "CVE-2008-1393"
        }
    ]
}