{
    "ghsaId": "GHSA-77rc-x84q-pv4f",
    "severity": "HIGH",
    "summary": "Improper Certificate Validation in Apache Airflow",
    "description": "The LDAP auth backend (airflow.contrib.auth.backends.ldap_auth) prior to Apache Airflow 1.10.1 was misconfigured and contained improper checking of exceptions which disabled server certificate checking.",
    "permalink": "https://github.com/advisories/GHSA-77rc-x84q-pv4f",
    "publishedAt": "2019-01-25T16:19:19Z",
    "withdrawnAt": null,
    "identifiers": [
        {
            "type": "GHSA",
            "value": "GHSA-77rc-x84q-pv4f"
        },
        {
            "type": "CVE",
            "value": "CVE-2018-20245"
        }
    ]
}