{
    "ghsaId": "GHSA-48vv-2pmq-9fvv",
    "severity": "HIGH",
    "summary": "Plone and Zope2 do not reseed pseudo-random number generator",
    "description": "Zope before 2.13.19, as used in Plone before 4.2.3 and 4.3 before beta 1, does not reseed the pseudo-random number generator (PRNG), which makes it easier for remote attackers to guess the value via unspecified vectors.  NOTE: this issue was SPLIT from CVE-2012-5508 due to different vulnerability types (ADT2).",
    "permalink": "https://github.com/advisories/GHSA-48vv-2pmq-9fvv",
    "publishedAt": "2018-07-23T19:51:14Z",
    "withdrawnAt": null,
    "identifiers": [
        {
            "type": "GHSA",
            "value": "GHSA-48vv-2pmq-9fvv"
        },
        {
            "type": "CVE",
            "value": "CVE-2012-6661"
        }
    ]
}