{
    "ghsaId": "GHSA-6h2x-4gjf-jc5w",
    "severity": "HIGH",
    "summary": "autogluon.multimodal vulnerable to unsafe YAML deserialization",
    "description": "### Impact\n\nA potential unsafe deserialization issue exists within the `autogluon.multimodal` module, where YAML files are loaded via `yaml.load()` instead of `yaml.safe_load()`. The deserialization of untrusted data may allow an unprivileged third party to cause remote code execution, denial of service, and impact to both confidentiality and integrity.\n\nImpacted versions: `>=0.4.0;<0.4.3`, `>=0.5.0;<0.5.2`.\n\n### Patches\nThe patches are included in `autogluon.multimodal==0.4.3`, `autogluon.multimodal==0.5.2` and Deep Learning Containers `0.4.3` and `0.5.2`.\n\n### Workarounds\nDo not load data which originated from an untrusted source, or that could have been tampered with. **Only load data you trust.**\n\n### References\n* https://cwe.mitre.org/data/definitions/502.html\n* https://www.cvedetails.com/cve/CVE-2017-18342/\n",
    "permalink": "https://github.com/advisories/GHSA-6h2x-4gjf-jc5w",
    "publishedAt": "2022-09-21T21:42:05Z",
    "withdrawnAt": null,
    "identifiers": [
        {
            "type": "GHSA",
            "value": "GHSA-6h2x-4gjf-jc5w"
        }
    ]
}