{
    "ghsaId": "GHSA-4qhp-652w-c22x",
    "severity": "HIGH",
    "summary": "Unsecured endpoints in the jupyter-lsp server extension",
    "description": "### Impact\nInstallations of jupyter-lsp running in environments without configured file system access control (on the operating system level), and with jupyter-server instances exposed to non-trusted network are vulnerable to unauthorised access and modification of file system beyond the jupyter root directory.\n\n### Patches\nVersion 2.2.2 has been patched.\n\n### Workarounds\nUsers of jupyterlab who do not use jupyterlab-lsp can uninstall jupyter-lsp.\n\n### Credits\nWe would like to credit Bary Levy, researcher of pillar.security research team, for the discovery and responsible disclosure of this vulnerability.\n\nEdit: based on advice from pillar.security the Confidentiality/Integrity/Availability were increased to High to reflect potential for critical impact on publicly hosted jupyter-server instances lacking isolation of user privileges on operating system level (for best practices please consult https://jupyterhub.readthedocs.io/en/stable/explanation/websecurity.html#protect-users-from-each-other) and CWE-94 was added due to a potential vulnerability chaining in specific environments.",
    "permalink": "https://github.com/advisories/GHSA-4qhp-652w-c22x",
    "publishedAt": "2024-01-18T16:12:28Z",
    "withdrawnAt": null,
    "identifiers": [
        {
            "type": "GHSA",
            "value": "GHSA-4qhp-652w-c22x"
        },
        {
            "type": "CVE",
            "value": "CVE-2024-22415"
        }
    ]
}