{
    "ghsaId": "GHSA-5cx2-vq3h-x52c",
    "severity": "HIGH",
    "summary": "Apache superset missing check for default SECRET_KEY",
    "description": "Session Validation attacks in Apache Superset versions up to and including 2.0.1. Installations that have not altered the default configured SECRET_KEY according to installation instructions allow for an attacker to authenticate and access unauthorized resources. This does not affect Superset administrators who have changed the default value for SECRET_KEY config.",
    "permalink": "https://github.com/advisories/GHSA-5cx2-vq3h-x52c",
    "publishedAt": "2023-04-24T18:30:30Z",
    "withdrawnAt": null,
    "identifiers": [
        {
            "type": "GHSA",
            "value": "GHSA-5cx2-vq3h-x52c"
        },
        {
            "type": "CVE",
            "value": "CVE-2023-27524"
        }
    ]
}