{
    "ghsaId": "GHSA-3f84-rpwh-47g6",
    "severity": "HIGH",
    "summary": "Waitress vulnerable to DoS leading to high CPU usage/resource exhaustion",
    "description": "### Impact\n\nWhen a remote client closes the connection before waitress has had the opportunity to call `getpeername()` waitress won't correctly clean up the connection leading to the main thread attempting to write to a socket that no longer exists, but not removing it from the list of sockets to attempt to process. This leads to a busy-loop calling the write function.\n\nA remote attacker could run waitress out of available sockets with very little resources required.\n\n### Patches\n\nWaitress 3.0.1 contains fixes that remove the race condition.\n\n### Workarounds\n\nNo work-around.\n\n### References\n\n- https://github.com/Pylons/waitress/issues/418\n- https://github.com/Pylons/waitress/pull/435\n",
    "permalink": "https://github.com/advisories/GHSA-3f84-rpwh-47g6",
    "publishedAt": "2024-10-29T14:33:00Z",
    "withdrawnAt": null,
    "identifiers": [
        {
            "type": "GHSA",
            "value": "GHSA-3f84-rpwh-47g6"
        },
        {
            "type": "CVE",
            "value": "CVE-2024-49769"
        }
    ]
}