{
    "ghsaId": "GHSA-7hmm-wg23-2w7m",
    "severity": "HIGH",
    "summary": "Ryu Infinite Loop vulnerability",
    "description": "`OFPGroupDescStats` in parser.py in Faucet SDN Ryu 4.34 allows attackers to cause a denial of service (infinite loop) via `OFPBucket.len=0`.",
    "permalink": "https://github.com/advisories/GHSA-7hmm-wg23-2w7m",
    "publishedAt": "2024-05-05T03:30:47Z",
    "withdrawnAt": null,
    "identifiers": [
        {
            "type": "GHSA",
            "value": "GHSA-7hmm-wg23-2w7m"
        },
        {
            "type": "CVE",
            "value": "CVE-2024-34483"
        }
    ]
}