{
    "ghsaId": "GHSA-4365-fhm5-qcrx",
    "severity": "HIGH",
    "summary": "Maliciously Crafted Model Archive Can Lead To Arbitrary File Write",
    "description": "### Impact\nAn Archive Extraction (Zip Slip) vulnerability in the functionality that allows a user to load a trained model archive in Rasa 2.8.9 and older allows an attacker arbitrary write capability within specific directories using a malicious crafted archive file.\n\n### Patches\nThe vulnerability is fixed in Rasa 2.8.10\n\n### Workarounds\nMitigating steps for vulnerable end users are to ensure that they do not upload untrusted model files, and restrict CLI or API endpoint access where a malicious actor could target a deployed Rasa instance.\n\n### For more information\nIf you have any questions or comments about this advisory:\n* Email [the Rasa Security Team](mailto:security@rasa.com)\n",
    "permalink": "https://github.com/advisories/GHSA-4365-fhm5-qcrx",
    "publishedAt": "2021-10-22T16:19:13Z",
    "withdrawnAt": null,
    "identifiers": [
        {
            "type": "GHSA",
            "value": "GHSA-4365-fhm5-qcrx"
        },
        {
            "type": "CVE",
            "value": "CVE-2021-41127"
        }
    ]
}