{
    "ghsaId": "GHSA-655w-fm8m-m478",
    "severity": "HIGH",
    "summary": "LangChain Server Side Request Forgery vulnerability",
    "description": "LangChain before 0.0.317 allows SSRF via `document_loaders/recursive_url_loader.py` because crawling can proceed from an external server to an internal server.",
    "permalink": "https://github.com/advisories/GHSA-655w-fm8m-m478",
    "publishedAt": "2023-10-19T06:30:23Z",
    "withdrawnAt": null,
    "identifiers": [
        {
            "type": "GHSA",
            "value": "GHSA-655w-fm8m-m478"
        },
        {
            "type": "CVE",
            "value": "CVE-2023-46229"
        }
    ]
}