{
    "ghsaId": "GHSA-5xg7-5662-8x7j",
    "severity": "HIGH",
    "summary": "Composio Eval Injection Vulnerability",
    "description": "In composiohq/composio version 0.4.3, the mathematical_calculator endpoint uses the unsafe eval() function to perform mathematical operations. This can lead to arbitrary code execution if untrusted input is passed to the eval() function.",
    "permalink": "https://github.com/advisories/GHSA-5xg7-5662-8x7j",
    "publishedAt": "2025-03-20T12:32:49Z",
    "withdrawnAt": null,
    "identifiers": [
        {
            "type": "GHSA",
            "value": "GHSA-5xg7-5662-8x7j"
        },
        {
            "type": "CVE",
            "value": "CVE-2024-8953"
        }
    ]
}