{
    "ghsaId": "GHSA-8gc2-vq6m-rwjw",
    "severity": "HIGH",
    "summary": "Amazon Redshift Python Connector vulnerable to SQL Injection",
    "description": "### Summary\nA SQL injection in the Amazon Redshift Python Connector in version 2.1.4 allows a user to gain escalated privileges via schema injection in the get_schemas, get_tables, or get_columns Metadata APIs. Users should upgrade to the driver version 2.1.5 or revert to driver version 2.1.3.\n\n### Impact\nA SQL injection is possible in the Amazon Redshift Python Connector, version 2.1.4, when leveraging metadata APIs to retrieve information about database schemas, tables, or columns.\n\n**Impacted versions:** Amazon Redshift Python Connector version 2.1.4.\n\n### Patches\nThe issue described above has been addressed in the Amazon Redshift Python Connector, version 2.1.5. \n\nThe patch implemented in this version ensures that every metadata command input is sent to the Redshift server as part of a parameterized query, using either QUOTE_IDENT(string) or QUOTE_LITERAL(string). After processing all the inputs into quoted identifiers or literals, the metadata command is composed using these inputs and then executed on the server.\n\n### Workarounds\nUse the previous version of the Amazon Redshift Python Connector, version 2.1.3.\n\n### References\nIf you have any questions or comments about this advisory we ask that you contact AWS/Amazon Security via our vulnerability reporting page [1] or directly via email to [aws-security@amazon.com](mailto:aws-security@amazon.com). Please do not create a public GitHub issue.\n\n[1] Vulnerability reporting page: https://aws.amazon.com/security/vulnerability-reporting\n",
    "permalink": "https://github.com/advisories/GHSA-8gc2-vq6m-rwjw",
    "publishedAt": "2024-12-26T20:28:09Z",
    "withdrawnAt": null,
    "identifiers": [
        {
            "type": "GHSA",
            "value": "GHSA-8gc2-vq6m-rwjw"
        },
        {
            "type": "CVE",
            "value": "CVE-2024-12745"
        }
    ]
}