{
    "ghsaId": "GHSA-7944-h5rw-qmjx",
    "severity": "HIGH",
    "summary": "ZCatalog plug-in for Zope allows anonymous users to bypass access restrictions",
    "description": "ZCatalog plug-in index support capability for Zope 2.4.0 through 2.5.1 allows anonymous users and untrusted code to bypass access restrictions and call arbitrary methods of catalog indexes.",
    "permalink": "https://github.com/advisories/GHSA-7944-h5rw-qmjx",
    "publishedAt": "2022-04-30T18:19:43Z",
    "withdrawnAt": null,
    "identifiers": [
        {
            "type": "GHSA",
            "value": "GHSA-7944-h5rw-qmjx"
        },
        {
            "type": "CVE",
            "value": "CVE-2002-0688"
        }
    ]
}