{
    "ghsaId": "GHSA-6pvf-cq4f-hfjp",
    "severity": "HIGH",
    "summary": "modoboa vulnerable to Cross-Site Request Forgery",
    "description": "modoboa prior to 2.1.0 is vulnerable to cross-site request forgery. An attacker must be logged in as admin to exploit this issue.",
    "permalink": "https://github.com/advisories/GHSA-6pvf-cq4f-hfjp",
    "publishedAt": "2023-04-21T15:30:18Z",
    "withdrawnAt": null,
    "identifiers": [
        {
            "type": "GHSA",
            "value": "GHSA-6pvf-cq4f-hfjp"
        },
        {
            "type": "CVE",
            "value": "CVE-2023-2228"
        }
    ]
}