{
    "ghsaId": "GHSA-77hv-8796-8ccp",
    "severity": "HIGH",
    "summary": "HTTP header injection in Plone and Zope2",
    "description": "ZPublisher.HTTPRequest._scrubHeader in Zope 2 before 2.13.19, as used in Plone before 4.3 beta 1, allows remote attackers to inject arbitrary HTTP headers via a linefeed (LF) character.",
    "permalink": "https://github.com/advisories/GHSA-77hv-8796-8ccp",
    "publishedAt": "2018-07-23T19:51:50Z",
    "withdrawnAt": null,
    "identifiers": [
        {
            "type": "GHSA",
            "value": "GHSA-77hv-8796-8ccp"
        },
        {
            "type": "CVE",
            "value": "CVE-2012-5486"
        }
    ]
}