{
    "ghsaId": "GHSA-9gq6-6936-885w",
    "severity": "HIGH",
    "summary": "MindsDB Eval Injection vulnerability",
    "description": "An arbitrary code execution vulnerability exists in versions 23.12.4.0 up to 24.7.4.1 of the MindsDB platform, when the ChromaDB integration is installed on the server. If a specially crafted \u2018INSERT\u2019 query containing Python code is run against a database created with the ChromaDB engine, the code will be passed to an eval function and executed on the server.",
    "permalink": "https://github.com/advisories/GHSA-9gq6-6936-885w",
    "publishedAt": "2024-09-12T15:33:00Z",
    "withdrawnAt": null,
    "identifiers": [
        {
            "type": "GHSA",
            "value": "GHSA-9gq6-6936-885w"
        },
        {
            "type": "CVE",
            "value": "CVE-2024-45848"
        }
    ]
}