{
    "ghsaId": "GHSA-6j58-grhv-2769",
    "severity": "HIGH",
    "summary": "ansible-runner vulnerable to shell command injection",
    "description": "A flaw was found in ansible-runner. An improper escaping of the shell command, while calling the `ansible_runner.interface.run_command`, can lead to parameters getting executed as host's shell command. A developer could unintentionally write code that gets executed in the host rather than the virtual environment.",
    "permalink": "https://github.com/advisories/GHSA-6j58-grhv-2769",
    "publishedAt": "2022-08-25T00:00:27Z",
    "withdrawnAt": null,
    "identifiers": [
        {
            "type": "GHSA",
            "value": "GHSA-6j58-grhv-2769"
        },
        {
            "type": "CVE",
            "value": "CVE-2021-4041"
        }
    ]
}