{
    "ghsaId": "GHSA-4749-p7rx-8jjj",
    "severity": "HIGH",
    "summary": "tlslite remote denial of service vulnerability",
    "description": "The tlslite library before 0.4.9 for Python allows remote attackers to trigger a denial of service (runtime exception and process crash).",
    "permalink": "https://github.com/advisories/GHSA-4749-p7rx-8jjj",
    "publishedAt": "2022-05-14T03:07:28Z",
    "withdrawnAt": null,
    "identifiers": [
        {
            "type": "GHSA",
            "value": "GHSA-4749-p7rx-8jjj"
        },
        {
            "type": "CVE",
            "value": "CVE-2015-3220"
        }
    ]
}