{
    "ghsaId": "GHSA-79hj-474h-v4xv",
    "severity": "HIGH",
    "summary": "Plone denial of service via RSS Feed Request",
    "description": "python_scripts.py in Plone before 4.2.3 and 4.3 before beta 1 allows remote attackers to cause a denial of service (infinite loop) via an RSS feed request for a folder the user does not have permission to access.",
    "permalink": "https://github.com/advisories/GHSA-79hj-474h-v4xv",
    "publishedAt": "2022-05-17T04:32:05Z",
    "withdrawnAt": null,
    "identifiers": [
        {
            "type": "GHSA",
            "value": "GHSA-79hj-474h-v4xv"
        },
        {
            "type": "CVE",
            "value": "CVE-2012-5506"
        }
    ]
}