{
    "ghsaId": "GHSA-6xm7-3cc5-47f9",
    "severity": "HIGH",
    "summary": "MEI2Volpiano is vulnerable to XML External Entity (XXE), leading to a Denial of Service (DoS)",
    "description": "DDMAL MEI2Volpiano 0.8.2 is vulnerable to XML External Entity (XXE), leading to a Denial of Service. This occurs due to the usage of the unsafe 'xml.etree' library to parse untrusted XML input.",
    "permalink": "https://github.com/advisories/GHSA-6xm7-3cc5-47f9",
    "publishedAt": "2022-09-08T00:00:30Z",
    "withdrawnAt": null,
    "identifiers": [
        {
            "type": "GHSA",
            "value": "GHSA-6xm7-3cc5-47f9"
        },
        {
            "type": "CVE",
            "value": "CVE-2022-37189"
        }
    ]
}