{
    "ghsaId": "GHSA-35fc-9hrj-3585",
    "severity": "HIGH",
    "summary": "Apache Superset: Lower privilege users are able to create Role when FAB_ADD_SECURITY_API is enabled",
    "description": "Improper Authorization vulnerability in Apache Superset when\u00a0FAB_ADD_SECURITY_API is enabled (disabled by default). Allows for lower privilege users to use this API.\n\n\u00a0issue affects Apache Superset: from 2.0.0 before 4.1.0.\n\nUsers are recommended to upgrade to version 4.1.0, which fixes the issue.",
    "permalink": "https://github.com/advisories/GHSA-35fc-9hrj-3585",
    "publishedAt": "2024-12-09T15:31:37Z",
    "withdrawnAt": null,
    "identifiers": [
        {
            "type": "GHSA",
            "value": "GHSA-35fc-9hrj-3585"
        },
        {
            "type": "CVE",
            "value": "CVE-2024-53949"
        }
    ]
}