{
    "ghsaId": "GHSA-5c8j-g96x-cj78",
    "severity": "HIGH",
    "summary": "H2O Vulnerable to Denial of Service (DoS) via `HEAD` Request",
    "description": "A vulnerability in the typeahead endpoint of h2oai/h2o-3 version 3.46.0 allows for a denial of service. The endpoint performs a `HEAD` request to verify the existence of a specified resource without setting a timeout. An attacker can exploit this by sending multiple requests to an attacker-controlled server that hangs, causing the application to block and become unresponsive to other requests.",
    "permalink": "https://github.com/advisories/GHSA-5c8j-g96x-cj78",
    "publishedAt": "2025-03-20T12:32:47Z",
    "withdrawnAt": null,
    "identifiers": [
        {
            "type": "GHSA",
            "value": "GHSA-5c8j-g96x-cj78"
        },
        {
            "type": "CVE",
            "value": "CVE-2024-8062"
        }
    ]
}