{
    "ghsaId": "GHSA-7fc2-rm35-2pp7",
    "severity": "HIGH",
    "summary": "IPython vulnerable to cross site request forgery (CSRF)",
    "description": "IPython (Interactive Python) is a command shell. Cross-site request forgery in the REST API is possible in in IPython 2 and 3. Versions 2.4.1 and 3.2.3 contain patches.",
    "permalink": "https://github.com/advisories/GHSA-7fc2-rm35-2pp7",
    "publishedAt": "2022-05-17T00:35:13Z",
    "withdrawnAt": null,
    "identifiers": [
        {
            "type": "GHSA",
            "value": "GHSA-7fc2-rm35-2pp7"
        },
        {
            "type": "CVE",
            "value": "CVE-2015-5607"
        }
    ]
}