{
    "ghsaId": "GHSA-496j-2rq6-j6cc",
    "severity": "HIGH",
    "summary": "Excessive Iteration in gRPC",
    "description": "gRPC contains a vulnerability that allows hpack table accounting errors could lead to unwanted disconnects between clients and servers in exceptional cases/\u00a0Three vectors were found that allow the following DOS attacks:\n\n- Unbounded memory buffering in the HPACK parser\n- Unbounded CPU consumption in the HPACK parser\n\nThe unbounded CPU consumption is down to a copy that occurred per-input-block in the parser, and because that could be unbounded due to the memory copy bug we end up with an O(n^2) parsing loop, with n selected by the client.\n\nThe unbounded memory buffering bugs:\n\n- The header size limit check was behind the string reading code, so we needed to first buffer up to a 4 gigabyte string before rejecting it as longer than 8 or 16kb.\n- HPACK varints have an encoding quirk whereby an infinite number of 0\u2019s can be added at the start of an integer. gRPC\u2019s hpack parser needed to read all of them before concluding a parse.\n- gRPC\u2019s metadata overflow check was performed per frame, so that the following sequence of frames could cause infinite buffering: HEADERS: containing a: 1 CONTINUATION: containing a: 2 CONTINUATION: containing a: 3 etc\u2026",
    "permalink": "https://github.com/advisories/GHSA-496j-2rq6-j6cc",
    "publishedAt": "2023-08-09T15:30:15Z",
    "withdrawnAt": null,
    "identifiers": [
        {
            "type": "GHSA",
            "value": "GHSA-496j-2rq6-j6cc"
        },
        {
            "type": "CVE",
            "value": "CVE-2023-33953"
        }
    ]
}