{
    "ghsaId": "GHSA-443j-6p7g-6v4w",
    "severity": "HIGH",
    "summary": "OpenStack Mistral DoS",
    "description": "A Denial of Service (DoS) condition is possible in OpenStack Mistral in versions up to and including 7.0.3. Submitting a specially crafted workflow definition YAML file containing nested anchors can lead to resource exhaustion culminating in a denial of service.",
    "permalink": "https://github.com/advisories/GHSA-443j-6p7g-6v4w",
    "publishedAt": "2022-05-24T17:20:25Z",
    "withdrawnAt": null,
    "identifiers": [
        {
            "type": "GHSA",
            "value": "GHSA-443j-6p7g-6v4w"
        },
        {
            "type": "CVE",
            "value": "CVE-2018-16848"
        }
    ]
}