{
    "ghsaId": "GHSA-7f2c-vp52-gmfw",
    "severity": "HIGH",
    "summary": "OpenStack keystonemiddleware does not verify certificate",
    "description": "OpenStack keystonemiddleware (formerly python-keystoneclient) 0.x before 0.11.0 and 1.x before 1.2.0 disables certification verification when the \"insecure\" option is set in a paste configuration (`paste.ini`) file regardless of the value, which allows remote attackers to conduct man-in-the-middle attacks via a crafted certificate.",
    "permalink": "https://github.com/advisories/GHSA-7f2c-vp52-gmfw",
    "publishedAt": "2022-05-17T03:45:51Z",
    "withdrawnAt": null,
    "identifiers": [
        {
            "type": "GHSA",
            "value": "GHSA-7f2c-vp52-gmfw"
        },
        {
            "type": "CVE",
            "value": "CVE-2014-7144"
        }
    ]
}