{
    "ghsaId": "GHSA-4rrv-8gcp-24v8",
    "severity": "HIGH",
    "summary": "PaddlePaddle stack overflow in paddle.searchsorted",
    "description": "Stack overflow in paddle.searchsorted\u00a0in PaddlePaddle before 2.6.0. This flaw can lead to a denial of service, or even more damage.\n\n\n\n",
    "permalink": "https://github.com/advisories/GHSA-4rrv-8gcp-24v8",
    "publishedAt": "2024-01-03T09:30:33Z",
    "withdrawnAt": null,
    "identifiers": [
        {
            "type": "GHSA",
            "value": "GHSA-4rrv-8gcp-24v8"
        },
        {
            "type": "CVE",
            "value": "CVE-2023-52304"
        }
    ]
}