{
    "ghsaId": "GHSA-4mhg-xv73-xq2x",
    "severity": "HIGH",
    "summary": "Synapse denial of service through media disk space consumption",
    "description": "### Impact\n\nSynapse versions before 1.106 are vulnerable to a disk fill attack, where an unauthenticated adversary can induce Synapse to download and cache large amounts of remote media. The default rate limit strategy is insufficient to mitigate this. This can lead to a denial of service, ranging from further media uploads/downloads failing to completely unavailability of the Synapse process, depending on how Synapse was deployed.\n\n### Patches\n\nSynapse 1.106 introduces a new \"leaky bucket\" rate limit on remote media downloads to reduce the amount of data a user can request at a time. This does not fully address the issue, but does limit an unauthenticated user's ability to request large amounts of data to be cached.\n\n### Workarounds\n\nSynapse deployments can currently decrease the maximum file size allowed, as well as increase request rate limits. However, this does not as effectively address the issue as a dedicated rate limit on remote media downloads.\n\nServer operators may also wish to consider putting media on a dedicated disk or volume, reducing the impact of a disk fill condition.\n\n### References\n\n* https://en.wikipedia.org/wiki/Leaky_bucket#As_a_meter\n\n### For more information\n\nIf you have any questions or comments about this advisory, please email us at [security at element.io](mailto:security@element.io).",
    "permalink": "https://github.com/advisories/GHSA-4mhg-xv73-xq2x",
    "publishedAt": "2024-12-03T18:39:12Z",
    "withdrawnAt": null,
    "identifiers": [
        {
            "type": "GHSA",
            "value": "GHSA-4mhg-xv73-xq2x"
        },
        {
            "type": "CVE",
            "value": "CVE-2024-37302"
        }
    ]
}