{
    "ghsaId": "GHSA-8554-jxcw-454q",
    "severity": "HIGH",
    "summary": "Webargs mishandles concurrent JSON parsing",
    "description": "An issue was discovered in webargs before 5.1.3, as used with marshmallow and other products. JSON parsing uses a short-lived cache to store the parsed JSON body. This cache is not thread-safe, meaning that incorrect JSON payloads could have been parsed for concurrent requests.",
    "permalink": "https://github.com/advisories/GHSA-8554-jxcw-454q",
    "publishedAt": "2019-03-12T15:16:12Z",
    "withdrawnAt": null,
    "identifiers": [
        {
            "type": "GHSA",
            "value": "GHSA-8554-jxcw-454q"
        },
        {
            "type": "CVE",
            "value": "CVE-2019-9710"
        }
    ]
}