{
    "ghsaId": "GHSA-2c7w-v459-cwgf",
    "severity": "HIGH",
    "summary": "MotionEye allows attackers to access sensitive information",
    "description": "MotionEye v0.42.1 and below allows attackers to access sensitive information via a GET request to /config/list. To exploit this vulnerability, a regular user password must be unconfigured.",
    "permalink": "https://github.com/advisories/GHSA-2c7w-v459-cwgf",
    "publishedAt": "2022-03-25T00:00:33Z",
    "withdrawnAt": null,
    "identifiers": [
        {
            "type": "GHSA",
            "value": "GHSA-2c7w-v459-cwgf"
        },
        {
            "type": "CVE",
            "value": "CVE-2022-25568"
        }
    ]
}