{
    "ghsaId": "GHSA-44wm-f244-xhp3",
    "severity": "HIGH",
    "summary": "Pillow buffer overflow vulnerability",
    "description": "In _imagingcms.c in Pillow before 10.3.0, a buffer overflow exists because strcpy is used instead of strncpy.",
    "permalink": "https://github.com/advisories/GHSA-44wm-f244-xhp3",
    "publishedAt": "2024-04-03T03:30:30Z",
    "withdrawnAt": null,
    "identifiers": [
        {
            "type": "GHSA",
            "value": "GHSA-44wm-f244-xhp3"
        },
        {
            "type": "CVE",
            "value": "CVE-2024-28219"
        }
    ]
}