{
    "ghsaId": "GHSA-82vr-5769-6358",
    "severity": "HIGH",
    "summary": "Ethyca Fides Cryptographically Weak Generation of One-Time Codes for Identity Verification",
    "description": "### Impact\n\nThe Fides Privacy Center allows data subject users to submit privacy and consent requests to data controller users of the Fides web application.\n\nPrivacy requests allow data subjects to submit a request to access all person data held by the data controller, or delete/erase it.  Consent request allows data subject users to modify their privacy preferences for how the data controller uses their personal data e.g. data sales and sharing consent opt-in/opt-out.\n\nIf `subject_identity_verification_required` in the `[execution]` section of `fides.toml` or the env var `FIDES__EXECUTION__SUBJECT_IDENTITY_VERIFICATION_REQUIRED` is set to `True` on the fides webserver backend, data subjects are sent a one-time code to their email address or phone number, depending on messaging configuration, and the one-time code must be entered in the Privacy Center UI by the data subject before the privacy or consent request is submitted.\n\nIt was identified that the one-time code values for these requests were generated by the python `random` module, a cryptographically weak pseduo-random number generator (PNRG). If an attacker generates several hundred consecutive one-time codes, this vulnerability allows the attacker to predict all future one-time code values during the lifetime of the backend python process.\n\nThere is no security impact on data access requests as the personal data download package is not shared in the Privacy Center itself. However, this vulnerability allows an attacker to (i) submit a verified data erasure request, resulting in deletion of data for the targeted user and (ii) submit a verified consent request, modifying a user's privacy preferences.\n\n### Patches\nThe vulnerability has been patched in Fides version `2.24.0`. Users are advised to upgrade to this version or later to secure their systems against this threat.\n\n### Workarounds\nNone\n\n### References\n* https://peps.python.org/pep-0506/",
    "permalink": "https://github.com/advisories/GHSA-82vr-5769-6358",
    "publishedAt": "2023-11-16T14:33:06Z",
    "withdrawnAt": null,
    "identifiers": [
        {
            "type": "GHSA",
            "value": "GHSA-82vr-5769-6358"
        },
        {
            "type": "CVE",
            "value": "CVE-2023-48224"
        }
    ]
}