{
    "ghsaId": "GHSA-6mmf-v5q7-vw2w",
    "severity": "HIGH",
    "summary": "Asterix Heap-based Buffer Overflow",
    "description": "Croatia Control Asterix 2.8.1 has a heap-based buffer over-read, with additional details to be disclosed at a later date.",
    "permalink": "https://github.com/advisories/GHSA-6mmf-v5q7-vw2w",
    "publishedAt": "2022-05-24T19:21:10Z",
    "withdrawnAt": null,
    "identifiers": [
        {
            "type": "GHSA",
            "value": "GHSA-6mmf-v5q7-vw2w"
        },
        {
            "type": "CVE",
            "value": "CVE-2021-44144"
        }
    ]
}