{
    "ghsaId": "GHSA-64jg-wjww-7c5w",
    "severity": "HIGH",
    "summary": "TensorFlow has Null Pointer Error in TensorArrayConcatV2",
    "description": "### Impact\nWhen ctx->step_containter() is a null ptr, the Lookup function will be executed with a null pointer.\n```python\nimport tensorflow as tf\ntf.raw_ops.TensorArrayConcatV2(handle=['a', 'b'], flow_in = 0.1, dtype=tf.int32, element_shape_except0=1)\n```\n\n### Patches\nWe have patched the issue in GitHub commit [239139d2ae6a81ae9ba499ad78b56d9b2931538a](https://github.com/tensorflow/tensorflow/commit/239139d2ae6a81ae9ba499ad78b56d9b2931538a).\n\nThe fix will be included in TensorFlow 2.12.0. We will also cherrypick this commit on TensorFlow 2.11.1\n\n\n### For more information\nPlease consult [our security guide](https://github.com/tensorflow/tensorflow/blob/master/SECURITY.md) for more information regarding the security model and how to contact us with issues and questions.\n\n\n### Attribution\nThis vulnerability has been reported by Yu Tian",
    "permalink": "https://github.com/advisories/GHSA-64jg-wjww-7c5w",
    "publishedAt": "2023-03-24T21:58:15Z",
    "withdrawnAt": null,
    "identifiers": [
        {
            "type": "GHSA",
            "value": "GHSA-64jg-wjww-7c5w"
        },
        {
            "type": "CVE",
            "value": "CVE-2023-25663"
        }
    ]
}