{
    "ghsaId": "GHSA-62qf-jcq8-8gxw",
    "severity": "HIGH",
    "summary": "Duplicate Advisory: sqlparse parsing heavily nested list leads to Denial of Service",
    "description": "## Duplicate Advisory\nThis advisory has been withdrawn because it is a duplicate of GHSA-2m57-hf25-phgg. This link is maintained to preserve external references.\n\n## Original Description\nPassing a heavily nested list to sqlparse.parse() leads to a Denial of Service due to RecursionError.",
    "permalink": "https://github.com/advisories/GHSA-62qf-jcq8-8gxw",
    "publishedAt": "2024-04-30T15:30:38Z",
    "withdrawnAt": "2024-05-01T11:08:47Z",
    "identifiers": [
        {
            "type": "GHSA",
            "value": "GHSA-62qf-jcq8-8gxw"
        }
    ]
}