{
    "ghsaId": "GHSA-666g-rfc5-c9jv",
    "severity": "HIGH",
    "summary": "Apache Airflow Celery provider Insertion of Sensitive Information into Log File vulnerability",
    "description": "Insertion of Sensitive Information into Log File vulnerability in Apache Airflow Celery provider, Apache Airflow.\n\nSensitive information logged as clear text when rediss, amqp, rpc protocols are used as Celery result backend\nNote: the\u00a0vulnerability is about the information exposed in the logs not about accessing the logs.\n\nThis issue affects Apache Airflow Celery provider: from 3.3.0 through 3.4.0; Apache Airflow: from 1.10.0 through 2.6.3.\n\nUsers are recommended to upgrade Airflow Celery provider to version 3.4.1\u00a0and Apache Airlfow to version 2.7.0 which fixes the issue.",
    "permalink": "https://github.com/advisories/GHSA-666g-rfc5-c9jv",
    "publishedAt": "2023-10-28T09:30:44Z",
    "withdrawnAt": null,
    "identifiers": [
        {
            "type": "GHSA",
            "value": "GHSA-666g-rfc5-c9jv"
        },
        {
            "type": "CVE",
            "value": "CVE-2023-46215"
        }
    ]
}