{
    "ghsaId": "GHSA-6v6p-p97v-g2p7",
    "severity": "HIGH",
    "summary": "Out-of-bounds Write in OpenCV",
    "description": "OpenCV (Open Source Computer Vision Library) through 3.3 (corresponding to OpenCV-Python and OpenCV-Contrib-Python 3.3.0.9) has an invalid write in the cv::RLByteStream::getBytes function in modules/imgcodecs/src/bitstrm.cpp when reading an image file by using cv::imread, as demonstrated by the 2-opencv-heapoverflow-fseek test case.",
    "permalink": "https://github.com/advisories/GHSA-6v6p-p97v-g2p7",
    "publishedAt": "2021-10-12T22:01:44Z",
    "withdrawnAt": null,
    "identifiers": [
        {
            "type": "GHSA",
            "value": "GHSA-6v6p-p97v-g2p7"
        },
        {
            "type": "CVE",
            "value": "CVE-2017-12603"
        }
    ]
}