{
    "ghsaId": "GHSA-8c5j-9r9f-c6w8",
    "severity": "HIGH",
    "summary": "Information disclosure in Django",
    "description": "An issue was discovered in Django 2.2 before 2.2.26, 3.2 before 3.2.11, and 4.0 before 4.0.1. Due to leveraging the Django Template Language's variable resolution logic, the dictsort template filter was potentially vulnerable to information disclosure, or an unintended method call, if passed a suitably crafted key.",
    "permalink": "https://github.com/advisories/GHSA-8c5j-9r9f-c6w8",
    "publishedAt": "2022-01-12T19:21:10Z",
    "withdrawnAt": null,
    "identifiers": [
        {
            "type": "GHSA",
            "value": "GHSA-8c5j-9r9f-c6w8"
        },
        {
            "type": "CVE",
            "value": "CVE-2021-45116"
        }
    ]
}