{
    "ghsaId": "GHSA-3hq4-f2v6-q338",
    "severity": "HIGH",
    "summary": "Kotti CSRF in the local roles implementation",
    "description": "Kotti before 1.3.2 and 2.x before 2.0.0b2 has CSRF in the local roles implementation, as demonstrated by triggering a permission change via a `/admin-document/@@share` request.",
    "permalink": "https://github.com/advisories/GHSA-3hq4-f2v6-q338",
    "publishedAt": "2018-07-12T20:30:30Z",
    "withdrawnAt": null,
    "identifiers": [
        {
            "type": "GHSA",
            "value": "GHSA-3hq4-f2v6-q338"
        },
        {
            "type": "CVE",
            "value": "CVE-2018-9856"
        }
    ]
}