{
    "ghsaId": "GHSA-4q2q-q5pw-2342",
    "severity": "HIGH",
    "summary": "Apache Airflow Apache Hive Provider Improper Input Validation vulnerability",
    "description": "Improper Input Validation vulnerability in Apache Software Foundation Apache Airflow Apache Hive Provider.\n\nPatching on top of CVE-2023-35797\nBefore\u00a06.1.2\u00a0the proxy_user option can also inject semicolon.\n\nThis issue affects Apache Airflow Apache Hive Provider: before 6.1.2.\n\nIt is recommended updating provider version to 6.1.2 in order to avoid this vulnerability.",
    "permalink": "https://github.com/advisories/GHSA-4q2q-q5pw-2342",
    "publishedAt": "2023-07-13T09:30:28Z",
    "withdrawnAt": null,
    "identifiers": [
        {
            "type": "GHSA",
            "value": "GHSA-4q2q-q5pw-2342"
        },
        {
            "type": "CVE",
            "value": "CVE-2023-37415"
        }
    ]
}