{
    "ghsaId": "GHSA-75mx-hw5q-pvx3",
    "severity": "HIGH",
    "summary": "python-libarchive directory traversal",
    "description": "python-libarchive through 4.2.1 allows directory traversal (to create files) in extract in zip.py for ZipFile.extractall and ZipFile.extract.",
    "permalink": "https://github.com/advisories/GHSA-75mx-hw5q-pvx3",
    "publishedAt": "2024-12-12T03:33:05Z",
    "withdrawnAt": null,
    "identifiers": [
        {
            "type": "GHSA",
            "value": "GHSA-75mx-hw5q-pvx3"
        },
        {
            "type": "CVE",
            "value": "CVE-2024-55587"
        }
    ]
}