{
    "ghsaId": "GHSA-5f3f-pg2c-cxcv",
    "severity": "HIGH",
    "summary": "Improper Input Validation in pyftpdlib",
    "description": "FTPServer.py in pyftpdlib before 0.2.0 allows remote attackers to cause a denial of service via a long command.",
    "permalink": "https://github.com/advisories/GHSA-5f3f-pg2c-cxcv",
    "publishedAt": "2022-05-01T18:45:57Z",
    "withdrawnAt": null,
    "identifiers": [
        {
            "type": "GHSA",
            "value": "GHSA-5f3f-pg2c-cxcv"
        },
        {
            "type": "CVE",
            "value": "CVE-2007-6739"
        }
    ]
}