{
    "ghsaId": "GHSA-6h52-4vmh-8x4f",
    "severity": "HIGH",
    "summary": "feedparser denial of service vulnerability",
    "description": "feedparser.py in Universal Feed Parser (aka feedparser or python-feedparser) before 5.0.1 allows remote attackers to cause a denial of service (application crash) via a malformed DOCTYPE declaration.",
    "permalink": "https://github.com/advisories/GHSA-6h52-4vmh-8x4f",
    "publishedAt": "2018-07-23T19:50:33Z",
    "withdrawnAt": null,
    "identifiers": [
        {
            "type": "GHSA",
            "value": "GHSA-6h52-4vmh-8x4f"
        },
        {
            "type": "CVE",
            "value": "CVE-2011-1156"
        }
    ]
}