{
    "ghsaId": "GHSA-6p55-qr3j-mpgq",
    "severity": "HIGH",
    "summary": "AgentScope uses `eval`",
    "description": "In agentscope <=v0.0.4, the file `agentscope\\web\\workstation\\workflow_utils.py` has the function `is_callable_expression`. Within this function, the line `result = eval(s)` poses a security risk as it can directly execute user-provided commands.",
    "permalink": "https://github.com/advisories/GHSA-6p55-qr3j-mpgq",
    "publishedAt": "2024-11-05T00:31:28Z",
    "withdrawnAt": null,
    "identifiers": [
        {
            "type": "GHSA",
            "value": "GHSA-6p55-qr3j-mpgq"
        },
        {
            "type": "CVE",
            "value": "CVE-2024-48050"
        }
    ]
}