{
    "ghsaId": "GHSA-2jg5-xgvv-4wq7",
    "severity": "HIGH",
    "summary": "Mailman Core vulnerable to timing attacks",
    "description": "An issue was discovered in Mailman Core before 3.3.5. An attacker with access to the REST API could use timing attacks to determine the value of the configured REST API password and then make arbitrary REST API calls. The REST API is bound to localhost by default, limiting the ability for attackers to exploit this, but can optionally be made to listen on other interfaces.",
    "permalink": "https://github.com/advisories/GHSA-2jg5-xgvv-4wq7",
    "publishedAt": "2023-04-15T21:30:16Z",
    "withdrawnAt": null,
    "identifiers": [
        {
            "type": "GHSA",
            "value": "GHSA-2jg5-xgvv-4wq7"
        },
        {
            "type": "CVE",
            "value": "CVE-2021-34337"
        }
    ]
}