{
    "ghsaId": "GHSA-879v-fggm-vxw2",
    "severity": "HIGH",
    "summary": "LiteLLM Has a Leakage of Langfuse API Keys",
    "description": "In berriai/litellm version v1.52.1, an issue in proxy_server.py causes the leakage of Langfuse API keys when an error occurs while parsing team settings. This vulnerability exposes sensitive information, including langfuse_secret and langfuse_public_key, which can provide full access to the Langfuse project storing all requests.",
    "permalink": "https://github.com/advisories/GHSA-879v-fggm-vxw2",
    "publishedAt": "2025-03-20T12:32:52Z",
    "withdrawnAt": null,
    "identifiers": [
        {
            "type": "GHSA",
            "value": "GHSA-879v-fggm-vxw2"
        },
        {
            "type": "CVE",
            "value": "CVE-2025-0330"
        }
    ]
}