{
    "ghsaId": "GHSA-2qw3-2wv6-p64x",
    "severity": "HIGH",
    "summary": "Path traversal in saltstack",
    "description": "A specially crafted url can be created which leads to a directory traversal in the salt file server.\nA malicious user can read an arbitrary file from a Salt master\u2019s filesystem.",
    "permalink": "https://github.com/advisories/GHSA-2qw3-2wv6-p64x",
    "publishedAt": "2024-06-27T09:30:39Z",
    "withdrawnAt": null,
    "identifiers": [
        {
            "type": "GHSA",
            "value": "GHSA-2qw3-2wv6-p64x"
        },
        {
            "type": "CVE",
            "value": "CVE-2024-22232"
        }
    ]
}