{
    "ghsaId": "GHSA-8q8v-28rm-qw4w",
    "severity": "HIGH",
    "summary": "Borg Improper Access Control vulnerability",
    "description": "Incorrect implementation of access controls allows remote users to override repository restrictions in Borg servers 1.1.x before 1.1.3.",
    "permalink": "https://github.com/advisories/GHSA-8q8v-28rm-qw4w",
    "publishedAt": "2022-05-13T01:44:03Z",
    "withdrawnAt": null,
    "identifiers": [
        {
            "type": "GHSA",
            "value": "GHSA-8q8v-28rm-qw4w"
        },
        {
            "type": "CVE",
            "value": "CVE-2017-15914"
        }
    ]
}