{
    "ghsaId": "GHSA-7xxv-wpxj-mx5v",
    "severity": "HIGH",
    "summary": "typed-ast Out-of-bounds Read",
    "description": "typed_ast 1.3.0 and 1.3.1 has an ast_for_arguments out-of-bounds read. An attacker with the ability to cause a Python interpreter to parse Python source (but not necessarily execute it) may be able to crash the interpreter process. This could be a concern, for example, in a web-based service that parses (but does not execute) Python code. (This issue also affected certain Python 3.8.0-alpha prereleases.)",
    "permalink": "https://github.com/advisories/GHSA-7xxv-wpxj-mx5v",
    "publishedAt": "2019-12-02T18:03:09Z",
    "withdrawnAt": null,
    "identifiers": [
        {
            "type": "GHSA",
            "value": "GHSA-7xxv-wpxj-mx5v"
        },
        {
            "type": "CVE",
            "value": "CVE-2019-19275"
        }
    ]
}