{
    "ghsaId": "GHSA-49m5-2838-q2rv",
    "severity": "HIGH",
    "summary": "Ansible unsafe evaluation of some strings",
    "description": "Ansible prior to 1.5.4 mishandles the evaluation of some strings.",
    "permalink": "https://github.com/advisories/GHSA-49m5-2838-q2rv",
    "publishedAt": "2022-05-17T19:57:14Z",
    "withdrawnAt": null,
    "identifiers": [
        {
            "type": "GHSA",
            "value": "GHSA-49m5-2838-q2rv"
        },
        {
            "type": "CVE",
            "value": "CVE-2014-2686"
        }
    ]
}