{
    "ghsaId": "GHSA-32w7-9whp-cjp9",
    "severity": "HIGH",
    "summary": "Session Fixation in Tryton",
    "description": "The client in Tryton 5.x before 5.0.1 tries to make a connection to the bus in cleartext instead of encrypted under certain circumstances in bus.py and jsonrpc.py. This connection attempt fails, but it contains in the header the current session of the user. This session could then be stolen by a man-in-the-middle.",
    "permalink": "https://github.com/advisories/GHSA-32w7-9whp-cjp9",
    "publishedAt": "2018-11-29T21:30:56Z",
    "withdrawnAt": null,
    "identifiers": [
        {
            "type": "GHSA",
            "value": "GHSA-32w7-9whp-cjp9"
        },
        {
            "type": "CVE",
            "value": "CVE-2018-19443"
        }
    ]
}