{
    "ghsaId": "GHSA-7jvm-xxmr-v5cw",
    "severity": "HIGH",
    "summary": "TensorFlow vulnerable to integer overflow in EditDistance",
    "description": "### Impact\nTFversion 2.11.0 //tensorflow/core/ops/array_ops.cc:1067 const Tensor* hypothesis_shape_t = c->input_tensor(2); std::vector<DimensionHandle> dims(hypothesis_shape_t->NumElements() - 1); for (int i = 0; i < dims.size(); ++i) { dims[i] = c->MakeDim(std::max(h_values(i), t_values(i))); }\n\nif hypothesis_shape_t is empty, hypothesis_shape_t->NumElements() - 1 will be integer overflow, and the it will deadlock\n```python\nimport tensorflow as tf\npara={\n    'hypothesis_indices': [[]],\n    'hypothesis_values': ['tmp/'],\n    'hypothesis_shape': [],\n    'truth_indices': [[]],\n    'truth_values': [''],\n    'truth_shape': [],\n    'normalize': False\n    }\ntf.raw_ops.EditDistance(**para)\n```\n\n### Patches\nWe have patched the issue in GitHub commit [08b8e18643d6dcde00890733b270ff8d9960c56c](https://github.com/tensorflow/tensorflow/commit/08b8e18643d6dcde00890733b270ff8d9960c56c).\n\nThe fix will be included in TensorFlow 2.12.0. We will also cherrypick this commit on TensorFlow 2.11.1\n\n\n### For more information\nPlease consult [our security guide](https://github.com/tensorflow/tensorflow/blob/master/SECURITY.md) for more information regarding the security model and how to contact us with issues and questions.\n\n\n### Attribution\nThis vulnerability has been reported by r3pwnx",
    "permalink": "https://github.com/advisories/GHSA-7jvm-xxmr-v5cw",
    "publishedAt": "2023-03-24T21:58:31Z",
    "withdrawnAt": null,
    "identifiers": [
        {
            "type": "GHSA",
            "value": "GHSA-7jvm-xxmr-v5cw"
        },
        {
            "type": "CVE",
            "value": "CVE-2023-25662"
        }
    ]
}