{
    "ghsaId": "GHSA-3f48-9j7q-q2gv",
    "severity": "HIGH",
    "summary": "NI MeasurementLink Python Services Improper Access Restriction vulnerability",
    "description": "### Impact\nAn improper access restriction in NI MeasurementLink Python services could allow an attacker on an adjacent network to reach services exposed on localhost.  These services were previously thought to be unreachable outside of the node.  This affects measurement plug-ins written in Python using version 1.1.0 of the `ni-measurementlink-service` Python package and all previous versions.\n\n### Patches\nUpgrade all Python measurement plug-ins to use `ni-measurementlink-service` version 1.1.1 or later.\n\n### References\nVisit [ni.com/info](http://www.ni.com/info) and enter the info code `cve-2023-4570` for more information.",
    "permalink": "https://github.com/advisories/GHSA-3f48-9j7q-q2gv",
    "publishedAt": "2023-10-05T20:56:37Z",
    "withdrawnAt": null,
    "identifiers": [
        {
            "type": "GHSA",
            "value": "GHSA-3f48-9j7q-q2gv"
        },
        {
            "type": "CVE",
            "value": "CVE-2023-4570"
        }
    ]
}