{
    "ghsaId": "GHSA-74xw-82v7-hmrm",
    "severity": "HIGH",
    "summary": "Improper Input Validation in python-dbusmock",
    "description": "python-dbusmock before version 0.15.1 AddTemplate() D-Bus method call or DBusTestCase.spawn_server_template() method could be tricked into executing malicious code if an attacker supplies a .pyc file.",
    "permalink": "https://github.com/advisories/GHSA-74xw-82v7-hmrm",
    "publishedAt": "2019-04-23T16:04:36Z",
    "withdrawnAt": null,
    "identifiers": [
        {
            "type": "GHSA",
            "value": "GHSA-74xw-82v7-hmrm"
        },
        {
            "type": "CVE",
            "value": "CVE-2015-1326"
        }
    ]
}