{
    "ghsaId": "GHSA-5r3q-93q3-f978",
    "severity": "HIGH",
    "summary": "MLflow Path Traversal Vulnerability",
    "description": "Path Traversal: '\\..\\filename' in GitHub repository mlflow/mlflow prior to 2.9.2.",
    "permalink": "https://github.com/advisories/GHSA-5r3q-93q3-f978",
    "publishedAt": "2023-12-20T06:30:25Z",
    "withdrawnAt": null,
    "identifiers": [
        {
            "type": "GHSA",
            "value": "GHSA-5r3q-93q3-f978"
        },
        {
            "type": "CVE",
            "value": "CVE-2023-6909"
        }
    ]
}