{
    "ghsaId": "GHSA-6w62-3jvj-mfj6",
    "severity": "HIGH",
    "summary": "H2O Vulnerable to Denial of Service (DoS) via Large GZIP Parsing",
    "description": "In h2oai/h2o-3 version 3.46.0.2, a vulnerability exists where uploading and repeatedly parsing a large GZIP file can cause a denial of service. The server becomes unresponsive due to memory exhaustion and a large number of concurrent slow-running jobs. This issue arises from the improper handling of highly compressed data, leading to significant data amplification.",
    "permalink": "https://github.com/advisories/GHSA-6w62-3jvj-mfj6",
    "publishedAt": "2025-03-20T12:32:46Z",
    "withdrawnAt": null,
    "identifiers": [
        {
            "type": "GHSA",
            "value": "GHSA-6w62-3jvj-mfj6"
        },
        {
            "type": "CVE",
            "value": "CVE-2024-7765"
        }
    ]
}