{
    "ghsaId": "GHSA-7ggm-4rjg-594w",
    "severity": "HIGH",
    "summary": "litellm passes untrusted data to `eval` function without sanitization",
    "description": "A remote code execution (RCE) vulnerability exists in the berriai/litellm project due to improper control of the generation of code when using the `eval` function unsafely in the `litellm.get_secret()` method. Specifically, when the server utilizes Google KMS, untrusted data is passed to the `eval` function without any sanitization. Attackers can exploit this vulnerability by injecting malicious values into environment variables through the `/config/update` endpoint, which allows for the update of settings in `proxy_server_config.yaml`.",
    "permalink": "https://github.com/advisories/GHSA-7ggm-4rjg-594w",
    "publishedAt": "2024-05-18T00:30:42Z",
    "withdrawnAt": null,
    "identifiers": [
        {
            "type": "GHSA",
            "value": "GHSA-7ggm-4rjg-594w"
        },
        {
            "type": "CVE",
            "value": "CVE-2024-4264"
        }
    ]
}