{
    "ghsaId": "GHSA-8823-xphr-qw9v",
    "severity": "HIGH",
    "summary": "Gentoo Portage does not verify X.509 certificates from SSL servers",
    "description": "The urlopen function in pym/portage/util/_urlopen.py in Gentoo Portage 2.1.12, when using HTTPS, does not verify X.509 certificates from SSL servers, which allows man-in-the-middle attackers to spoof servers and modify binary package lists via a crafted certificate.",
    "permalink": "https://github.com/advisories/GHSA-8823-xphr-qw9v",
    "publishedAt": "2022-05-17T01:36:20Z",
    "withdrawnAt": null,
    "identifiers": [
        {
            "type": "GHSA",
            "value": "GHSA-8823-xphr-qw9v"
        },
        {
            "type": "CVE",
            "value": "CVE-2013-2100"
        }
    ]
}