{
    "ghsaId": "GHSA-5545-2q6w-2gh6",
    "severity": "HIGH",
    "summary": "NumPy NULL Pointer Dereference",
    "description": "Null Pointer Dereference vulnerability exists in numpy.sort in NumPy &lt and 1.19 in the PyArray_DescrNew function due to missing return-value validation, which allows attackers to conduct DoS attacks by repetitively creating sort arrays.",
    "permalink": "https://github.com/advisories/GHSA-5545-2q6w-2gh6",
    "publishedAt": "2022-02-08T00:00:56Z",
    "withdrawnAt": null,
    "identifiers": [
        {
            "type": "GHSA",
            "value": "GHSA-5545-2q6w-2gh6"
        },
        {
            "type": "CVE",
            "value": "CVE-2021-41495"
        }
    ]
}