{
    "ghsaId": "GHSA-79rp-v9rm-gxm8",
    "severity": "HIGH",
    "summary": "FastChat Denial of Service vulnerability",
    "description": "A Denial of Service (DoS) vulnerability exists in the file upload feature of lm-sys/fastchat version 0.2.36. The vulnerability is due to improper handling of form-data with a large filename in the file upload request. An attacker can exploit this by sending a payload with an excessively large filename, causing the server to become overwhelmed and unavailable to legitimate users.",
    "permalink": "https://github.com/advisories/GHSA-79rp-v9rm-gxm8",
    "publishedAt": "2025-03-20T12:32:41Z",
    "withdrawnAt": null,
    "identifiers": [
        {
            "type": "GHSA",
            "value": "GHSA-79rp-v9rm-gxm8"
        },
        {
            "type": "CVE",
            "value": "CVE-2024-10912"
        }
    ]
}