{
    "ghsaId": "GHSA-4fjv-pmhg-3rfg",
    "severity": "HIGH",
    "summary": "Multiple cryptographic issues in Python oic",
    "description": "### Impact\n* Client implementations using this library\n\n### Issues\n1) The IdToken signature algorithm was not checked automatically, but only if the expected algorithm was passed in as a kwarg.\n2) JWA `none` algorithm was allowed in all flows.\n3) `oic.consumer.Consumer.parse_authz` returns an unverified IdToken. The verification of the token was left to the discretion of the implementator.\n4) `iat` claim was not checked for sanity (i.e. it could be in the future)\n\n### Patches\n1) IdToken signature is now always checked.\n2) JWA `none` algorithm is now allowed only if using the `response_type` `code`\n3) IdToken verification is now done automatically.\n4) `iat` claim is now checked for sanity.",
    "permalink": "https://github.com/advisories/GHSA-4fjv-pmhg-3rfg",
    "publishedAt": "2020-12-04T16:47:12Z",
    "withdrawnAt": null,
    "identifiers": [
        {
            "type": "GHSA",
            "value": "GHSA-4fjv-pmhg-3rfg"
        },
        {
            "type": "CVE",
            "value": "CVE-2020-26244"
        }
    ]
}