{
    "ghsaId": "GHSA-4mrx-6fxm-8jpg",
    "severity": "HIGH",
    "summary": "Buffer Overflow in vyper",
    "description": "### Impact\nImporting a function from a JSON interface which returns `bytes` generates bytecode which does not clamp bytes length, potentially resulting in a buffer overrun.\n\n### Patches\n0.3.2 (as of https://github.com/vyperlang/vyper/commit/049dbdc647b2ce838fae7c188e6bb09cf16e470b)\n\n### Workarounds\nUse .vy interfaces.",
    "permalink": "https://github.com/advisories/GHSA-4mrx-6fxm-8jpg",
    "publishedAt": "2022-04-20T20:31:44Z",
    "withdrawnAt": null,
    "identifiers": [
        {
            "type": "GHSA",
            "value": "GHSA-4mrx-6fxm-8jpg"
        },
        {
            "type": "CVE",
            "value": "CVE-2022-24788"
        }
    ]
}