{
    "ghsaId": "GHSA-6h8p-4hx9-w66c",
    "severity": "HIGH",
    "summary": "Langchain Server-Side Request Forgery vulnerability",
    "description": "In Langchain before 0.0.329, prompt injection allows an attacker to force the service to retrieve data from an arbitrary URL, essentially providing SSRF and potentially injecting content into downstream tasks.",
    "permalink": "https://github.com/advisories/GHSA-6h8p-4hx9-w66c",
    "publishedAt": "2023-10-21T00:30:47Z",
    "withdrawnAt": null,
    "identifiers": [
        {
            "type": "GHSA",
            "value": "GHSA-6h8p-4hx9-w66c"
        },
        {
            "type": "CVE",
            "value": "CVE-2023-32786"
        }
    ]
}