{
    "ghsaId": "GHSA-85pf-r4c7-3j9r",
    "severity": "HIGH",
    "summary": "Apache Airflow Drill Provider vulnerable to improper input validation ",
    "description": "Apache Software Foundation's Apache Airflow Drill Provider before 2.3.2 is vulnerable to improper input validation because the host passed in drill connection is not sanitized.",
    "permalink": "https://github.com/advisories/GHSA-85pf-r4c7-3j9r",
    "publishedAt": "2023-04-07T15:30:38Z",
    "withdrawnAt": null,
    "identifiers": [
        {
            "type": "GHSA",
            "value": "GHSA-85pf-r4c7-3j9r"
        },
        {
            "type": "CVE",
            "value": "CVE-2023-28707"
        }
    ]
}