{
    "ghsaId": "GHSA-5432-c996-hvhj",
    "severity": "HIGH",
    "summary": "Zope Object Database (ZODB) Authentication bypass in ZEO storage servers",
    "description": "Zope Object Database (ZODB) before 3.8.2, when certain Zope Enterprise Objects (ZEO) database sharing is enabled, allows remote attackers to bypass authentication via vectors involving the ZEO network protocol.",
    "permalink": "https://github.com/advisories/GHSA-5432-c996-hvhj",
    "publishedAt": "2022-05-02T03:17:24Z",
    "withdrawnAt": null,
    "identifiers": [
        {
            "type": "GHSA",
            "value": "GHSA-5432-c996-hvhj"
        },
        {
            "type": "CVE",
            "value": "CVE-2009-0669"
        }
    ]
}