{
    "ghsaId": "GHSA-2fc2-6r4j-p65h",
    "severity": "HIGH",
    "summary": "Numpy arbitrary file write via symlink attack",
    "description": "(1) core/tests/test_memmap.py, (2) core/tests/test_multiarray.py, (3) f2py/f2py2e.py, and (4) lib/tests/test_io.py in NumPy before 1.8.1 allow local users to write to arbitrary files via a symlink attack on a temporary file.",
    "permalink": "https://github.com/advisories/GHSA-2fc2-6r4j-p65h",
    "publishedAt": "2022-05-14T01:08:34Z",
    "withdrawnAt": null,
    "identifiers": [
        {
            "type": "GHSA",
            "value": "GHSA-2fc2-6r4j-p65h"
        },
        {
            "type": "CVE",
            "value": "CVE-2014-1859"
        }
    ]
}