{
    "ghsaId": "GHSA-893h-35v4-mxqx",
    "severity": "HIGH",
    "summary": "Path Traversal in Ansible",
    "description": "A flaw was found in Ansible 2.7.17 and prior, 2.8.9 and prior, and 2.9.6 and prior when using the Extract-Zip function from the win_unzip module as the extracted file(s) are not checked if they belong to the destination folder. An attacker could take advantage of this flaw by crafting an archive anywhere in the file system, using a path traversal. This issue is fixed in 2.10.",
    "permalink": "https://github.com/advisories/GHSA-893h-35v4-mxqx",
    "publishedAt": "2021-04-20T16:43:33Z",
    "withdrawnAt": null,
    "identifiers": [
        {
            "type": "GHSA",
            "value": "GHSA-893h-35v4-mxqx"
        },
        {
            "type": "CVE",
            "value": "CVE-2020-1737"
        }
    ]
}