{
    "ghsaId": "GHSA-3gh2-xw74-jmcw",
    "severity": "HIGH",
    "summary": "SQL injection in Django",
    "description": "Django 1.11 before 1.11.29, 2.2 before 2.2.11, and 3.0 before 3.0.4 allows SQL Injection if untrusted data is used as a tolerance parameter in GIS functions and aggregates on Oracle. By passing a suitably crafted tolerance to GIS functions and aggregates on Oracle, it was possible to break escaping and inject malicious SQL.",
    "permalink": "https://github.com/advisories/GHSA-3gh2-xw74-jmcw",
    "publishedAt": "2020-06-05T14:52:07Z",
    "withdrawnAt": null,
    "identifiers": [
        {
            "type": "GHSA",
            "value": "GHSA-3gh2-xw74-jmcw"
        },
        {
            "type": "CVE",
            "value": "CVE-2020-9402"
        }
    ]
}