{
    "ghsaId": "GHSA-6445-fm66-fvq2",
    "severity": "HIGH",
    "summary": "Integer overflows in Tensorflow",
    "description": "### Impact \nThe [implementation of `AddManySparseToTensorsMap`](https://github.com/tensorflow/tensorflow/blob/5100e359aef5c8021f2e71c7b986420b85ce7b3d/tensorflow/core/kernels/sparse_tensors_map_ops.cc) is vulnerable to an integer overflow which results in a `CHECK`-fail when building new `TensorShape` objects (so, an assert failure based denial of service):\n\n```python\nimport tensorflow as tf\nimport numpy as np\n\ntf.raw_ops.AddManySparseToTensorsMap(\n    sparse_indices=[(0,0),(0,1),(0,2),(4,3),(5,0),(5,1)],\n    sparse_values=[1,1,1,1,1,1],\n    sparse_shape=[2**32,2**32],\n    container='',\n    shared_name='',\n    name=None)\n```\n\nWe are missing some validation on the shapes of the input tensors as well as directly constructing a large `TensorShape` with user-provided dimensions. The latter is an instance of [TFSA-2021-198](https://github.com/tensorflow/tensorflow/blob/master/tensorflow/security/advisory/tfsa-2021-198.md) (CVE-2021-41197) and is easily fixed by replacing a call to `TensorShape` constructor with a call to `BuildTensorShape` static helper factory.\n### Patches\nWe have patched the issue in GitHub commits [b51b82fe65ebace4475e3c54eb089c18a4403f1c](https://github.com/tensorflow/tensorflow/commit/b51b82fe65ebace4475e3c54eb089c18a4403f1c) and [a68f68061e263a88321c104a6c911fe5598050a8](https://github.com/tensorflow/tensorflow/commit/a68f68061e263a88321c104a6c911fe5598050a8).\n\nThe fix will be included in TensorFlow 2.8.0. We will also cherrypick this commit on TensorFlow 2.7.1, TensorFlow 2.6.3, and TensorFlow 2.5.3, as these are also affected and still in supported range.\n\n### For more information\nPlease consult [our security guide](https://github.com/tensorflow/tensorflow/blob/master/SECURITY.md) for more information regarding the security model and how to contact us with issues and questions.\n\n### Attribution\nThis vulnerability has been reported by Faysal Hossain Shezan from University of Virginia.",
    "permalink": "https://github.com/advisories/GHSA-6445-fm66-fvq2",
    "publishedAt": "2022-02-09T23:39:11Z",
    "withdrawnAt": null,
    "identifiers": [
        {
            "type": "GHSA",
            "value": "GHSA-6445-fm66-fvq2"
        },
        {
            "type": "CVE",
            "value": "CVE-2022-23568"
        }
    ]
}