{
    "ghsaId": "GHSA-48mj-p7x2-5jfm",
    "severity": "HIGH",
    "summary": "Basic auth bypass in esphome",
    "description": "### Impact\n\nAnyone with web_server enabled and HTTP basic auth configured on 2021.9.1 or older\n\n`web_server` allows OTA update without checking user defined basic auth username & password\n\n### Patches\n\nPatch released in 2021.9.2\n\n### Workarounds\n\nDisable/remove `web_server`\n",
    "permalink": "https://github.com/advisories/GHSA-48mj-p7x2-5jfm",
    "publishedAt": "2021-09-29T17:09:14Z",
    "withdrawnAt": null,
    "identifiers": [
        {
            "type": "GHSA",
            "value": "GHSA-48mj-p7x2-5jfm"
        },
        {
            "type": "CVE",
            "value": "CVE-2021-41104"
        }
    ]
}