{
    "ghsaId": "GHSA-8633-g3ph-97rp",
    "severity": "HIGH",
    "summary": "Missing SSL certificate validation in localstack",
    "description": "Missing SSL certificate validation in localstack allows attackers to eavesdrop on communications between the host and server via a man-in-the-middle attack.",
    "permalink": "https://github.com/advisories/GHSA-8633-g3ph-97rp",
    "publishedAt": "2023-11-16T18:30:31Z",
    "withdrawnAt": null,
    "identifiers": [
        {
            "type": "GHSA",
            "value": "GHSA-8633-g3ph-97rp"
        },
        {
            "type": "CVE",
            "value": "CVE-2023-48054"
        }
    ]
}