{
    "ghsaId": "GHSA-2r6g-7r83-jg72",
    "severity": "HIGH",
    "summary": "`spam` project on PyPI compromised, malicious releases made",
    "description": "The `spam` project on PyPI was taken over via user account compromise via a phishing attack and a new malicious release made which contained code which some environment variables and downloaded and ran malware at install time",
    "permalink": "https://github.com/advisories/GHSA-2r6g-7r83-jg72",
    "publishedAt": "2024-08-30T23:37:36Z",
    "withdrawnAt": null,
    "identifiers": [
        {
            "type": "GHSA",
            "value": "GHSA-2r6g-7r83-jg72"
        }
    ]
}