{
    "ghsaId": "GHSA-98vv-pw6r-q6q4",
    "severity": "HIGH",
    "summary": "Uncontrolled Resource Consumption in pillow",
    "description": "The package pillow 5.2.0 and before 8.3.2 are vulnerable to Regular Expression Denial of Service (ReDoS) via the getrgb function.",
    "permalink": "https://github.com/advisories/GHSA-98vv-pw6r-q6q4",
    "publishedAt": "2021-09-07T23:08:10Z",
    "withdrawnAt": null,
    "identifiers": [
        {
            "type": "GHSA",
            "value": "GHSA-98vv-pw6r-q6q4"
        },
        {
            "type": "CVE",
            "value": "CVE-2021-23437"
        }
    ]
}