{
    "ghsaId": "GHSA-56pw-mpj4-fxww",
    "severity": "HIGH",
    "summary": "Bundled libwebp in Pillow vulnerable",
    "description": "Pillow versions before v10.0.1 bundled libwebp binaries in wheels that are vulnerable to CVE-2023-5129 (previously CVE-2023-4863). Pillow v10.0.1 upgrades the bundled libwebp binary to v1.3.2.",
    "permalink": "https://github.com/advisories/GHSA-56pw-mpj4-fxww",
    "publishedAt": "2023-10-05T00:06:58Z",
    "withdrawnAt": null,
    "identifiers": [
        {
            "type": "GHSA",
            "value": "GHSA-56pw-mpj4-fxww"
        }
    ]
}