{
    "ghsaId": "GHSA-7qqv-r2q4-jxhm",
    "severity": "HIGH",
    "summary": "privacyIDEA Improper Input Validation vulnerability",
    "description": "privacyIDEA version 2.23.1 and earlier contains a Improper Input Validation vulnerability in token validation api that can result in Denial-of-Service. This attack appear to be exploitable via http request with user=<space>&pass= to /validate/check url. This vulnerability appears to have been fixed in 2.23.2.",
    "permalink": "https://github.com/advisories/GHSA-7qqv-r2q4-jxhm",
    "publishedAt": "2019-01-14T16:19:31Z",
    "withdrawnAt": null,
    "identifiers": [
        {
            "type": "GHSA",
            "value": "GHSA-7qqv-r2q4-jxhm"
        },
        {
            "type": "CVE",
            "value": "CVE-2018-1000809"
        }
    ]
}