{
    "ghsaId": "GHSA-36h2-g4c8-9xcm",
    "severity": "HIGH",
    "summary": "Aim denial of service vulnerability",
    "description": "A vulnerability in aimhubio/aim version 3.19.3 allows an attacker to cause an infinite loop by configuring the remote tracking server to point at itself. This results in the server endlessly connecting to itself, rendering it unable to respond to other connections.",
    "permalink": "https://github.com/advisories/GHSA-36h2-g4c8-9xcm",
    "publishedAt": "2024-07-08T21:31:40Z",
    "withdrawnAt": null,
    "identifiers": [
        {
            "type": "GHSA",
            "value": "GHSA-36h2-g4c8-9xcm"
        },
        {
            "type": "CVE",
            "value": "CVE-2024-6227"
        }
    ]
}