{
    "ghsaId": "GHSA-927p-xrc2-x2gj",
    "severity": "HIGH",
    "summary": "ansibleguy-webui Cross-site Scripting vulnerability",
    "description": "### Impact\nMultiple forms in version <0.0.21 allowed injection of HTML elements.\nThese are returned to the user after executing job actions and thus evaluated by the browser.\n\n### Patches\nWe recommend to upgrade to version >= [0.0.21](https://github.com/ansibleguy/webui/releases/tag/0.0.21)\n\n### References\n\n* [Report](https://github.com/ansibleguy/webui/files/15358522/Report.pdf)\n* [GitHub Issue 44](https://github.com/ansibleguy/webui/issues/44)\n",
    "permalink": "https://github.com/advisories/GHSA-927p-xrc2-x2gj",
    "publishedAt": "2024-05-28T21:23:42Z",
    "withdrawnAt": null,
    "identifiers": [
        {
            "type": "GHSA",
            "value": "GHSA-927p-xrc2-x2gj"
        },
        {
            "type": "CVE",
            "value": "CVE-2024-36110"
        }
    ]
}