{
    "ghsaId": "GHSA-77gp-3h4r-6428",
    "severity": "HIGH",
    "summary": "Out of bounds read and write in Tensorflow",
    "description": "### Impact\nThere is a typo in TensorFlow's [`SpecializeType`](https://github.com/tensorflow/tensorflow/blob/a1320ec1eac186da1d03f033109191f715b2b130/tensorflow/core/framework/full_type_util.cc#L81-L102) which results in heap OOB read/write:\n\n```cc\nfor (int i = 0; i < op_def.output_arg_size(); i++) {\n  // ...\n  for (int j = 0; j < t->args_size(); j++) {\n    auto* arg = t->mutable_args(i);\n    // ...\n  }\n} \n```\n\nDue to a typo, `arg` is initialized to the `i`th mutable argument in a loop where the loop index is `j`. Hence it is possible to assign to `arg` from outside the vector of arguments. Since this is a mutable proto value, it allows both read and write to outside of bounds data.\n\n### Patches\nWe have patched the issue in GitHub commit [0657c83d08845cc434175934c642299de2c0f042](https://github.com/tensorflow/tensorflow/commit/0657c83d08845cc434175934c642299de2c0f042).\n\nThe fix will be included in TensorFlow 2.8.0. We will also cherrypick this commit on TensorFlow 2.7.1, and TensorFlow 2.6.3, as these are also affected and still in supported range.\n\n### For more information\nPlease consult [our security guide](https://github.com/tensorflow/tensorflow/blob/master/SECURITY.md) for more information regarding the security model and how to contact us with issues and questions.",
    "permalink": "https://github.com/advisories/GHSA-77gp-3h4r-6428",
    "publishedAt": "2022-02-09T23:25:40Z",
    "withdrawnAt": null,
    "identifiers": [
        {
            "type": "GHSA",
            "value": "GHSA-77gp-3h4r-6428"
        },
        {
            "type": "CVE",
            "value": "CVE-2022-23574"
        }
    ]
}