{
    "ghsaId": "GHSA-6cm4-gm85-972c",
    "severity": "HIGH",
    "summary": "Command Injection in Cobbler",
    "description": "An issue was discovered in Cobbler through 3.3.0. In the templar.py file, the function check_for_invalid_imports can allow Cheetah code to import Python modules via the \"#from MODULE import\" substring. (Only lines beginning with #import are blocked.)",
    "permalink": "https://github.com/advisories/GHSA-6cm4-gm85-972c",
    "publishedAt": "2022-02-20T00:00:35Z",
    "withdrawnAt": null,
    "identifiers": [
        {
            "type": "GHSA",
            "value": "GHSA-6cm4-gm85-972c"
        },
        {
            "type": "CVE",
            "value": "CVE-2021-45082"
        }
    ]
}