{
    "ghsaId": "GHSA-3448-vrgh-85xr",
    "severity": "HIGH",
    "summary": "NULL Pointer Dereference in OpenCV.",
    "description": "An issue was discovered in OpenCV before 4.1.1 (OpenCV-Python before 4.1.1.26). There is a NULL pointer dereference in the function cv::XMLParser::parse at modules/core/src/persistence.cpp.",
    "permalink": "https://github.com/advisories/GHSA-3448-vrgh-85xr",
    "publishedAt": "2021-10-12T22:21:43Z",
    "withdrawnAt": null,
    "identifiers": [
        {
            "type": "GHSA",
            "value": "GHSA-3448-vrgh-85xr"
        },
        {
            "type": "CVE",
            "value": "CVE-2019-14493"
        }
    ]
}