{
    "ghsaId": "GHSA-336h-q7mh-8vf8",
    "severity": "HIGH",
    "summary": "Reddit Terminal Viewer (RTV) vulnerable to argument injection attacks",
    "description": "scripts/inspect_webbrowser.py in Reddit Terminal Viewer (RTV) 1.19.0 does not validate strings before launching the program specified by the BROWSER environment variable, which might allow remote attackers to conduct argument-injection attacks via a crafted URL.",
    "permalink": "https://github.com/advisories/GHSA-336h-q7mh-8vf8",
    "publishedAt": "2022-05-14T04:01:38Z",
    "withdrawnAt": null,
    "identifiers": [
        {
            "type": "GHSA",
            "value": "GHSA-336h-q7mh-8vf8"
        },
        {
            "type": "CVE",
            "value": "CVE-2017-17516"
        }
    ]
}