{
    "ghsaId": "GHSA-5w5c-3g26-8mmc",
    "severity": "HIGH",
    "summary": "furlongm openvpn-monitor allows Authorization Bypass to disconnect arbitrary clients",
    "description": "furlongm openvpn-monitor through 1.1.3 allows Authorization Bypass to disconnect arbitrary clients.",
    "permalink": "https://github.com/advisories/GHSA-5w5c-3g26-8mmc",
    "publishedAt": "2022-05-24T19:15:55Z",
    "withdrawnAt": null,
    "identifiers": [
        {
            "type": "GHSA",
            "value": "GHSA-5w5c-3g26-8mmc"
        },
        {
            "type": "CVE",
            "value": "CVE-2021-31606"
        }
    ]
}