{
    "ghsaId": "GHSA-4433-4cxq-vv73",
    "severity": "HIGH",
    "summary": "SimpleGeo python-oauth2 does not check the nonce allowing replay attacks",
    "description": "The Server.verify_request function in SimpleGeo python-oauth2 does not check the nonce, which allows remote attackers to perform replay attacks via a signed URL.\nThe vulnerability does not appear to be patched according to the following [discussion](https://github.com/joestump/python-oauth2/issues/129#issuecomment-895911502).",
    "permalink": "https://github.com/advisories/GHSA-4433-4cxq-vv73",
    "publishedAt": "2022-05-17T03:46:28Z",
    "withdrawnAt": null,
    "identifiers": [
        {
            "type": "GHSA",
            "value": "GHSA-4433-4cxq-vv73"
        },
        {
            "type": "CVE",
            "value": "CVE-2013-4346"
        }
    ]
}