{
    "ghsaId": "GHSA-8fww-64cx-x8p5",
    "severity": "HIGH",
    "summary": "redis-py Race Condition due to incomplete fix",
    "description": "redis-py through 4.5.3 and 4.4.3 leaves a connection open after canceling an async Redis command at an inopportune time (in the case of a non-pipeline operation), and can send response data to the client of an unrelated request. NOTE: this issue exists because of an incomplete fix for CVE-2023-28858.",
    "permalink": "https://github.com/advisories/GHSA-8fww-64cx-x8p5",
    "publishedAt": "2023-03-26T21:30:23Z",
    "withdrawnAt": null,
    "identifiers": [
        {
            "type": "GHSA",
            "value": "GHSA-8fww-64cx-x8p5"
        },
        {
            "type": "CVE",
            "value": "CVE-2023-28859"
        }
    ]
}