{
    "ghsaId": "GHSA-9988-f88m-mr42",
    "severity": "HIGH",
    "summary": "Exposure of Sensitive Information to an Unauthorized Actor in FreeTAKServer-UI",
    "description": "FreeTAKServer-UI v1.9.8 was discovered to leak sensitive API and Websocket keys.",
    "permalink": "https://github.com/advisories/GHSA-9988-f88m-mr42",
    "publishedAt": "2022-03-12T00:00:37Z",
    "withdrawnAt": null,
    "identifiers": [
        {
            "type": "GHSA",
            "value": "GHSA-9988-f88m-mr42"
        },
        {
            "type": "CVE",
            "value": "CVE-2022-25512"
        }
    ]
}