{
    "ghsaId": "GHSA-7xr3-6ggc-wc9p",
    "severity": "HIGH",
    "summary": "untangle vulnerable to XML Entity Expansion",
    "description": "### Impact\nAn attacker may be able to cause a denial-of-service (DoS) condition on the server on which the product is running. This affects untangle versions up to and including 1.2.0\n\n### Patches\nThe problem has been fixed with version 1.2.1\n\n### Workarounds\nNone\n\n### References\nhttps://jvn.jp/en/jp/JVN30454777/\n\n### For more information\nIf you have any questions or comments about this advisory:\n* Open an [issue](https://github.com/stchris/untangle/issues)\n",
    "permalink": "https://github.com/advisories/GHSA-7xr3-6ggc-wc9p",
    "publishedAt": "2022-08-06T05:30:56Z",
    "withdrawnAt": null,
    "identifiers": [
        {
            "type": "GHSA",
            "value": "GHSA-7xr3-6ggc-wc9p"
        },
        {
            "type": "CVE",
            "value": "CVE-2022-33977"
        }
    ]
}