{
    "ghsaId": "GHSA-7p2g-2vxc-5g55",
    "severity": "HIGH",
    "summary": "Letta (previously MemGPT) incorrect access control vulnerability",
    "description": "Incorrect access control in the /users endpoint of Cpacker MemGPT v0.3.17 allows attackers to access sensitive data.",
    "permalink": "https://github.com/advisories/GHSA-7p2g-2vxc-5g55",
    "publishedAt": "2024-12-27T21:30:30Z",
    "withdrawnAt": null,
    "identifiers": [
        {
            "type": "GHSA",
            "value": "GHSA-7p2g-2vxc-5g55"
        },
        {
            "type": "CVE",
            "value": "CVE-2024-39025"
        }
    ]
}