{
    "ghsaId": "GHSA-7c9g-vj9m-8pm6",
    "severity": "HIGH",
    "summary": "Duplicate Advisory: ReDos vulnerability of XMLFeedSpider",
    "description": "## Duplicate Advisory\nThis advisory has been withdrawn because it is a duplicate of GHSA-cc65-xxvf-f7r9. This link is maintained to preserve external references.\n\n## Original Description\nParts of the Scrapy API were found to be vulnerable to a ReDoS attack. Handling a malicious response could cause extreme CPU and memory usage during the parsing of its content, due to the use of vulnerable regular expressions for that parsing.",
    "permalink": "https://github.com/advisories/GHSA-7c9g-vj9m-8pm6",
    "publishedAt": "2024-02-28T00:31:55Z",
    "withdrawnAt": "2024-04-16T16:10:38Z",
    "identifiers": [
        {
            "type": "GHSA",
            "value": "GHSA-7c9g-vj9m-8pm6"
        }
    ]
}