{
    "ghsaId": "GHSA-47h8-jmp3-9f28",
    "severity": "HIGH",
    "summary": "pyrage vulnerable to malicious plugin names, recipients, or identities causing arbitrary binary execution",
    "description": "`pyrage` uses the Rust `age` crate for its underlying operations, and `age` is vulnerable to GHSA-4fg7-vxc8-qx5w.\n\nAll details of GHSA-4fg7-vxc8-qx5w are relevant to `pyrage` for the versions specified in this advisory. See GHSA-4fg7-vxc8-qx5w for full details.\n\nVersions of `pyrage` before 1.2.0 lack plugin support and are therefore **not affected**.\n\nAn equivalent issue was fixed in [the reference Go implementation of age](https://github.com/FiloSottile/age), see advisory [GHSA-32gq-x56h-299c](https://github.com/FiloSottile/age/security/advisories/GHSA-32gq-x56h-299c).\n\nThanks to \u2b21-49016 for reporting this issue.",
    "permalink": "https://github.com/advisories/GHSA-47h8-jmp3-9f28",
    "publishedAt": "2024-12-19T15:14:06Z",
    "withdrawnAt": null,
    "identifiers": [
        {
            "type": "GHSA",
            "value": "GHSA-47h8-jmp3-9f28"
        },
        {
            "type": "CVE",
            "value": "CVE-2024-56327"
        }
    ]
}