{
    "ghsaId": "GHSA-6gmf-2369-c76c",
    "severity": "HIGH",
    "summary": "ZenML unauthenticated DoS via Multipart Boundry",
    "description": "A Denial of Service (DoS) vulnerability in zenml-io/zenml version 0.66.0 allows unauthenticated attackers to cause excessive resource consumption by sending malformed multipart requests with arbitrary characters appended to the end of multipart boundaries. This flaw in the multipart request boundary processing mechanism leads to an infinite loop, resulting in a complete denial of service for all users. Affected endpoints include `/api/v1/login` and `/api/v1/device_authorization`.",
    "permalink": "https://github.com/advisories/GHSA-6gmf-2369-c76c",
    "publishedAt": "2025-03-20T12:32:51Z",
    "withdrawnAt": null,
    "identifiers": [
        {
            "type": "GHSA",
            "value": "GHSA-6gmf-2369-c76c"
        },
        {
            "type": "CVE",
            "value": "CVE-2024-9340"
        }
    ]
}