{
    "ghsaId": "GHSA-8c4w-v65p-jvcv",
    "severity": "HIGH",
    "summary": "OpenStack Identity Keystone and keystonemiddleware Insufficiently Protected Credentials",
    "description": "The identity service in OpenStack Identity (Keystone) before 2015.1.3 (Kilo) and 8.0.x before 8.0.2 (Liberty) and keystonemiddleware (formerly python-keystoneclient) before 1.5.4 (Kilo) and Liberty before 2.3.3 does not properly invalidate authorization tokens when using the PKI or PKIZ token providers, which allows remote authenticated users to bypass intended access restrictions and gain access to cloud resources by manipulating byte fields within a revoked token.",
    "permalink": "https://github.com/advisories/GHSA-8c4w-v65p-jvcv",
    "publishedAt": "2022-05-13T01:26:10Z",
    "withdrawnAt": null,
    "identifiers": [
        {
            "type": "GHSA",
            "value": "GHSA-8c4w-v65p-jvcv"
        },
        {
            "type": "CVE",
            "value": "CVE-2015-7546"
        }
    ]
}