{
    "ghsaId": "GHSA-657p-cj5r-mjrh",
    "severity": "HIGH",
    "summary": "SaltStack Salt Denial of Service via a crafted authentication request",
    "description": "SaltStack Salt before 2016.3.8, 2016.11.x before 2016.11.8, and 2017.7.x before 2017.7.2 allows remote attackers to cause a denial of service via a crafted authentication request.",
    "permalink": "https://github.com/advisories/GHSA-657p-cj5r-mjrh",
    "publishedAt": "2022-05-17T00:23:46Z",
    "withdrawnAt": null,
    "identifiers": [
        {
            "type": "GHSA",
            "value": "GHSA-657p-cj5r-mjrh"
        },
        {
            "type": "CVE",
            "value": "CVE-2017-14696"
        }
    ]
}