{
    "ghsaId": "GHSA-4cfr-gjfx-fj3x",
    "severity": "HIGH",
    "summary": "Cobbler before 3.3.0 allows arbitrary file write operations via upload_log_data.",
    "description": "Cobbler before 3.3.0 allows arbitrary file write operations via upload_log_data.",
    "permalink": "https://github.com/advisories/GHSA-4cfr-gjfx-fj3x",
    "publishedAt": "2021-10-05T17:53:11Z",
    "withdrawnAt": null,
    "identifiers": [
        {
            "type": "GHSA",
            "value": "GHSA-4cfr-gjfx-fj3x"
        },
        {
            "type": "CVE",
            "value": "CVE-2021-40324"
        }
    ]
}