{
    "ghsaId": "GHSA-77w8-qv8m-386h",
    "severity": "HIGH",
    "summary": "OpenStack Keystone Domain-scoped tokens don't get revoked",
    "description": "OpenStack Identity (Keystone) 2014.1.x before 2014.1.2.1 and Juno before Juno-3 does not properly revoke tokens when a domain is invalidated, which allows remote authenticated users to retain access via a domain-scoped token for that domain.",
    "permalink": "https://github.com/advisories/GHSA-77w8-qv8m-386h",
    "publishedAt": "2022-05-17T04:31:12Z",
    "withdrawnAt": null,
    "identifiers": [
        {
            "type": "GHSA",
            "value": "GHSA-77w8-qv8m-386h"
        },
        {
            "type": "CVE",
            "value": "CVE-2014-5253"
        }
    ]
}