{
    "ghsaId": "GHSA-8fm8-7365-5rh2",
    "severity": "HIGH",
    "summary": "Mercurial vulnerable to arbitrary code execution via a crafted name when converting a Git repository",
    "description": "Mercurial before 3.7.3 allows remote attackers to execute arbitrary code via a crafted name when converting a Git repository.",
    "permalink": "https://github.com/advisories/GHSA-8fm8-7365-5rh2",
    "publishedAt": "2022-05-14T02:08:52Z",
    "withdrawnAt": null,
    "identifiers": [
        {
            "type": "GHSA",
            "value": "GHSA-8fm8-7365-5rh2"
        },
        {
            "type": "CVE",
            "value": "CVE-2016-3069"
        }
    ]
}