{
    "ghsaId": "GHSA-5x6q-ffwj-8vcf",
    "severity": "HIGH",
    "summary": "attic has improper verification of unencrypted backups",
    "description": "attic before 0.15 does not confirm unencrypted backups with the user, which allows remote attackers with read and write privileges for the encrypted repository to obtain potentially sensitive information by changing the manifest type byte of the repository to \"unencrypted / without key file\".",
    "permalink": "https://github.com/advisories/GHSA-5x6q-ffwj-8vcf",
    "publishedAt": "2022-05-17T01:57:32Z",
    "withdrawnAt": null,
    "identifiers": [
        {
            "type": "GHSA",
            "value": "GHSA-5x6q-ffwj-8vcf"
        },
        {
            "type": "CVE",
            "value": "CVE-2015-4082"
        }
    ]
}