{
    "ghsaId": "GHSA-8r7r-x48r-pf8f",
    "severity": "HIGH",
    "summary": "SaltStack Salt arbitrary command execution in Salt-api via ssh_client",
    "description": "Salt-api in SaltStack Salt before 2015.8.13, 2016.3.x before 2016.3.5, and 2016.11.x before 2016.11.2 allows arbitrary command execution on a salt-master via Salt's ssh_client.",
    "permalink": "https://github.com/advisories/GHSA-8r7r-x48r-pf8f",
    "publishedAt": "2022-05-13T01:46:08Z",
    "withdrawnAt": null,
    "identifiers": [
        {
            "type": "GHSA",
            "value": "GHSA-8r7r-x48r-pf8f"
        },
        {
            "type": "CVE",
            "value": "CVE-2017-5200"
        }
    ]
}