{
    "ghsaId": "GHSA-7fvx-3jfc-2cpc",
    "severity": "HIGH",
    "summary": "Heap OOB in `ResourceScatterUpdate`",
    "description": "### Impact\nAn attacker can trigger a read from outside of bounds of heap allocated data by sending invalid arguments to `tf.raw_ops.ResourceScatterUpdate`:\n\n```python\nimport tensorflow as tf\n\nv = tf.Variable([b'vvv'])\ntf.raw_ops.ResourceScatterUpdate(\n  resource=v.handle,\n  indices=[0],\n  updates=['1', '2', '3', '4', '5'])\n```\n  \nThe [implementation](https://github.com/tensorflow/tensorflow/blob/f24faa153ad31a4b51578f8181d3aaab77a1ddeb/tensorflow/core/kernels/resource_variable_ops.cc#L919-L923) has an incomplete validation of the relationship between the shapes of `indices` and `updates`: instead of checking that the shape of `indices` is a prefix of the shape of `updates` (so that broadcasting can happen), code only checks that the number of elements in these two tensors are in a divisibility relationship.\n\n### Patches \nWe have patched the issue in GitHub commit [01cff3f986259d661103412a20745928c727326f](https://github.com/tensorflow/tensorflow/commit/01cff3f986259d661103412a20745928c727326f).\n\nThe fix will be included in TensorFlow 2.6.0. We will also cherrypick this commit on TensorFlow 2.5.1, TensorFlow 2.4.3, and TensorFlow 2.3.4, as these are also affected and still in supported range.\n    \n### For more information\nPlease consult [our security guide](https://github.com/tensorflow/tensorflow/blob/master/SECURITY.md) for more information regarding the security model and how to contact us with issues and questions.\n    \n### Attribution\nThis vulnerability has been reported by members of the Aivul Team from Qihoo 360.",
    "permalink": "https://github.com/advisories/GHSA-7fvx-3jfc-2cpc",
    "publishedAt": "2021-08-25T14:42:58Z",
    "withdrawnAt": null,
    "identifiers": [
        {
            "type": "GHSA",
            "value": "GHSA-7fvx-3jfc-2cpc"
        },
        {
            "type": "CVE",
            "value": "CVE-2021-37655"
        }
    ]
}