{
    "ghsaId": "GHSA-6628-q6j9-w8vg",
    "severity": "HIGH",
    "summary": "gRPC Reachable Assertion issue",
    "description": "There exists an vulnerability causing an abort() to be called in gRPC.\u00a0\nThe following headers cause gRPC's C++ implementation to abort() when called via http2:\n\nte: x (x != trailers)\n\n:scheme: x (x != http, https)\n\ngrpclb_client_stats: x (x == anything)\n\nOn top of sending one of those headers, a later header must be sent that gets the total header size past 8KB. We recommend upgrading past git commit\u00a02485fa94bd8a723e5c977d55a3ce10b301b437f8 or v1.53 and above.",
    "permalink": "https://github.com/advisories/GHSA-6628-q6j9-w8vg",
    "publishedAt": "2023-07-06T21:15:08Z",
    "withdrawnAt": null,
    "identifiers": [
        {
            "type": "GHSA",
            "value": "GHSA-6628-q6j9-w8vg"
        },
        {
            "type": "CVE",
            "value": "CVE-2023-1428"
        }
    ]
}