{
    "ghsaId": "GHSA-4987-5p3p-9r27",
    "severity": "HIGH",
    "summary": "FaucetSDN Ryu Denial of Service Vulnerability",
    "description": "An issue was discovered in `OFPBundleCtrlMsg` in `parser.py` in FaucetSDN Ryu version 4.34, allows remote attackers to cause a denial of service (DoS) (infinite loop).",
    "permalink": "https://github.com/advisories/GHSA-4987-5p3p-9r27",
    "publishedAt": "2023-08-11T15:30:46Z",
    "withdrawnAt": null,
    "identifiers": [
        {
            "type": "GHSA",
            "value": "GHSA-4987-5p3p-9r27"
        },
        {
            "type": "CVE",
            "value": "CVE-2020-35139"
        }
    ]
}