{
    "ghsaId": "GHSA-22mf-97vh-x8rw",
    "severity": "HIGH",
    "summary": "Deserialization vulnerability exists in parso",
    "description": "** DISPUTED ** A deserialization vulnerability exists in the way parso through 0.4.0 handles grammar parsing from the cache. Cache loading relies on pickle and, provided that an evil pickle can be written to a cache grammar file and that its parsing can be triggered, this flaw leads to Arbitrary Code Execution.  NOTE: This is disputed because \"the cache directory is not under control of the attacker in any common configuration.\"",
    "permalink": "https://github.com/advisories/GHSA-22mf-97vh-x8rw",
    "publishedAt": "2019-06-13T16:12:57Z",
    "withdrawnAt": "2019-07-03T16:48:55Z",
    "identifiers": [
        {
            "type": "GHSA",
            "value": "GHSA-22mf-97vh-x8rw"
        },
        {
            "type": "CVE",
            "value": "CVE-2019-12760"
        }
    ]
}