{
    "ghsaId": "GHSA-92xg-gmrq-5c3w",
    "severity": "HIGH",
    "summary": "Apache Airflow vulnerable to Execution with Unnecessary Privileges",
    "description": "Apache Airflow versions before 2.10.1 have a vulnerability that allows\u00a0DAG authors to add local settings to the DAG folder and get it executed by the scheduler, where the scheduler is not supposed to execute code submitted by the DAG author. \nUsers are advised to upgrade to version 2.10.1 or later, which has fixed the vulnerability.",
    "permalink": "https://github.com/advisories/GHSA-92xg-gmrq-5c3w",
    "publishedAt": "2024-09-07T09:30:31Z",
    "withdrawnAt": null,
    "identifiers": [
        {
            "type": "GHSA",
            "value": "GHSA-92xg-gmrq-5c3w"
        },
        {
            "type": "CVE",
            "value": "CVE-2024-45034"
        }
    ]
}