{
    "ghsaId": "GHSA-5f5c-687x-g5qm",
    "severity": "HIGH",
    "summary": "Classic Buffer Overflow in pyo",
    "description": "Buffer Overflow Vulnerability exists in ajaxsoundstudio.com in Pyo < 1.03 in the Server_debug function, which allows remote attackers to conduct DoS attacks by deliberately passing on an overlong audio file name.",
    "permalink": "https://github.com/advisories/GHSA-5f5c-687x-g5qm",
    "publishedAt": "2022-01-07T00:10:33Z",
    "withdrawnAt": null,
    "identifiers": [
        {
            "type": "GHSA",
            "value": "GHSA-5f5c-687x-g5qm"
        },
        {
            "type": "CVE",
            "value": "CVE-2021-41499"
        }
    ]
}