{
    "ghsaId": "GHSA-47f6-5p7h-5f3h",
    "severity": "HIGH",
    "summary": "H2O Vulnerable to Arbitrary File Overwrite via File Export",
    "description": "In h2oai/h2o-3 version 3.46.0, the endpoint for exporting models does not restrict the export location, allowing an attacker to export a model to any file in the server's file structure, thereby overwriting it. This vulnerability can be exploited to overwrite any file on the target server with a trained model file, although the content of the overwrite is not controllable by the attacker.",
    "permalink": "https://github.com/advisories/GHSA-47f6-5p7h-5f3h",
    "publishedAt": "2025-03-20T12:32:45Z",
    "withdrawnAt": null,
    "identifiers": [
        {
            "type": "GHSA",
            "value": "GHSA-47f6-5p7h-5f3h"
        },
        {
            "type": "CVE",
            "value": "CVE-2024-6854"
        }
    ]
}