{
    "ghsaId": "GHSA-8r7q-cvjq-x353",
    "severity": "HIGH",
    "summary": "Incorrect Privilege Assignment in Jinja2",
    "description": "The default configuration for `bccache.FileSystemBytecodeCache` in Jinja2 before 2.7.2 does not properly create temporary files, which allows local users to gain privileges via a crafted .cache file with a name starting with `__jinja2_` in `/tmp`.",
    "permalink": "https://github.com/advisories/GHSA-8r7q-cvjq-x353",
    "publishedAt": "2022-05-14T04:04:14Z",
    "withdrawnAt": null,
    "identifiers": [
        {
            "type": "GHSA",
            "value": "GHSA-8r7q-cvjq-x353"
        },
        {
            "type": "CVE",
            "value": "CVE-2014-1402"
        }
    ]
}