{
    "ghsaId": "GHSA-8xjq-8fcg-g5hw",
    "severity": "HIGH",
    "summary": "Out-of-bounds Write in Pillow",
    "description": "An issue was discovered in Pillow before 8.1.1. In TiffDecode.c, there is a negative-offset memcpy with an invalid size.",
    "permalink": "https://github.com/advisories/GHSA-8xjq-8fcg-g5hw",
    "publishedAt": "2021-03-29T16:35:36Z",
    "withdrawnAt": null,
    "identifiers": [
        {
            "type": "GHSA",
            "value": "GHSA-8xjq-8fcg-g5hw"
        },
        {
            "type": "CVE",
            "value": "CVE-2021-25290"
        }
    ]
}