{
    "ghsaId": "GHSA-82wx-rxf8-fxch",
    "severity": "HIGH",
    "summary": "PyPXE Buffer Overflow vulnerability",
    "description": "Buffer Overflow vulnerability in PyPXE v.1.8.4 allows a remote attacker to cause a denial of service via the handle function in the tftp module.",
    "permalink": "https://github.com/advisories/GHSA-82wx-rxf8-fxch",
    "publishedAt": "2024-04-29T21:30:35Z",
    "withdrawnAt": null,
    "identifiers": [
        {
            "type": "GHSA",
            "value": "GHSA-82wx-rxf8-fxch"
        },
        {
            "type": "CVE",
            "value": "CVE-2023-46960"
        }
    ]
}