{
    "ghsaId": "GHSA-6v28-q95m-93qr",
    "severity": "HIGH",
    "summary": "AgentScope directory traversal vulnerability in /read-examples",
    "description": "A directory traversal vulnerability exists in modelscope/agentscope version 0.0.4. An attacker can exploit this vulnerability to read any local JSON file by sending a crafted POST request to the /read-examples endpoint.",
    "permalink": "https://github.com/advisories/GHSA-6v28-q95m-93qr",
    "publishedAt": "2025-03-20T12:32:48Z",
    "withdrawnAt": null,
    "identifiers": [
        {
            "type": "GHSA",
            "value": "GHSA-6v28-q95m-93qr"
        },
        {
            "type": "CVE",
            "value": "CVE-2024-8524"
        }
    ]
}