{
    "ghsaId": "GHSA-8j9g-c9rp-jvg4",
    "severity": "HIGH",
    "summary": "Salt vulnerable to Improper Certificate Validation",
    "description": "Salt before 2014.7.6 does not verify certificates when connecting via the `aliyun`, `proxmox`, and `splunk` modules.",
    "permalink": "https://github.com/advisories/GHSA-8j9g-c9rp-jvg4",
    "publishedAt": "2022-05-14T03:07:28Z",
    "withdrawnAt": null,
    "identifiers": [
        {
            "type": "GHSA",
            "value": "GHSA-8j9g-c9rp-jvg4"
        },
        {
            "type": "CVE",
            "value": "CVE-2015-4017"
        }
    ]
}