{
    "ghsaId": "GHSA-8jxr-mccc-mwg8",
    "severity": "HIGH",
    "summary": "OpenC3 Path Traversal via screen controller (`GHSL-2024-127`)",
    "description": "### Summary\nA path traversal vulnerability inside of `LocalMode`'s `open_local_file` method allows an authenticated user with adequate permissions to download any `.txt` via the `ScreensController#show` on the web server COSMOS is running on (depending on the file permissions).\n\nNote: This CVE affects all OpenC3 COSMOS Editions\n\n### Impact\nThis issue may lead to Information Disclosure.\n",
    "permalink": "https://github.com/advisories/GHSA-8jxr-mccc-mwg8",
    "publishedAt": "2024-10-02T19:29:32Z",
    "withdrawnAt": null,
    "identifiers": [
        {
            "type": "GHSA",
            "value": "GHSA-8jxr-mccc-mwg8"
        },
        {
            "type": "CVE",
            "value": "CVE-2024-46977"
        }
    ]
}