{
    "ghsaId": "GHSA-4225-97pr-rr52",
    "severity": "HIGH",
    "summary": "OpenStack Keystone allows information disclosure during account locking",
    "description": "OpenStack Keystone 10.x through 16.x before 16.0.2, 17.x before 17.0.1, 18.x before 18.0.1, and 19.x before 19.0.1 allows information disclosure during account locking (related to PCI DSS features). By guessing the name of an account and failing to authenticate multiple times, any unauthenticated actor could both confirm the account exists and obtain that account's corresponding UUID, which might be leveraged for other unrelated attacks. All deployments enabling security_compliance.lockout_failure_attempts are affected.",
    "permalink": "https://github.com/advisories/GHSA-4225-97pr-rr52",
    "publishedAt": "2022-05-24T19:10:15Z",
    "withdrawnAt": null,
    "identifiers": [
        {
            "type": "GHSA",
            "value": "GHSA-4225-97pr-rr52"
        },
        {
            "type": "CVE",
            "value": "CVE-2021-38155"
        }
    ]
}