{
    "ghsaId": "GHSA-4g62-mfwx-4q48",
    "severity": "HIGH",
    "summary": "slixmpp Incorrect Access Control",
    "description": "slixmpp version before commit 7cd73b594e8122dddf847953fcfc85ab4d316416 contains an incorrect Access Control vulnerability in XEP-0223 plugin (Persistent Storage of Private Data via PubSub) options profile, used for the configuration of default access model that can result in all of the contacts of the victim can see private data having been published to a PEP node. This attack appears to be exploitable if the user of this library publishes any private data on PEP, the node isn't configured to be private. This vulnerability appears to have been fixed in commit 7cd73b594e8122dddf847953fcfc85ab4d316416 which is included in slixmpp 1.4.2.",
    "permalink": "https://github.com/advisories/GHSA-4g62-mfwx-4q48",
    "publishedAt": "2022-05-13T01:21:42Z",
    "withdrawnAt": null,
    "identifiers": [
        {
            "type": "GHSA",
            "value": "GHSA-4g62-mfwx-4q48"
        },
        {
            "type": "CVE",
            "value": "CVE-2019-1000021"
        }
    ]
}