{
    "ghsaId": "GHSA-7q94-qpjr-xpgm",
    "severity": "HIGH",
    "summary": "langchain SQL Injection vulnerability",
    "description": "SQL injection vulnerability in langchain allows a remote attacker to obtain sensitive information via the SQLDatabaseChain component.",
    "permalink": "https://github.com/advisories/GHSA-7q94-qpjr-xpgm",
    "publishedAt": "2023-07-06T15:30:33Z",
    "withdrawnAt": null,
    "identifiers": [
        {
            "type": "GHSA",
            "value": "GHSA-7q94-qpjr-xpgm"
        },
        {
            "type": "CVE",
            "value": "CVE-2023-36189"
        }
    ]
}