{
    "ghsaId": "GHSA-3xr8-qfvj-9p9j",
    "severity": "HIGH",
    "summary": "Arbitrary file deletion in litellm",
    "description": "BerriAI's litellm, in its latest version, is vulnerable to arbitrary file deletion due to improper input validation on the `/audio/transcriptions` endpoint. An attacker can exploit this vulnerability by sending a specially crafted request that includes a file path to the server, which then deletes the specified file without proper authorization or validation. This vulnerability is present in the code where `os.remove(file.filename)` is used to delete a file, allowing any user to delete critical files on the server such as SSH keys, SQLite databases, or configuration files. ",
    "permalink": "https://github.com/advisories/GHSA-3xr8-qfvj-9p9j",
    "publishedAt": "2024-06-06T21:30:37Z",
    "withdrawnAt": null,
    "identifiers": [
        {
            "type": "GHSA",
            "value": "GHSA-3xr8-qfvj-9p9j"
        },
        {
            "type": "CVE",
            "value": "CVE-2024-4888"
        }
    ]
}