{
    "ghsaId": "GHSA-35jj-wx47-4w8r",
    "severity": "HIGH",
    "summary": "WeasyPrint allows the attachment of arbitrary files and URLs to a PDF",
    "description": "### Impact\nSince version 61.0, there's a vulnerability which allows attaching content of arbitrary files and URLs to a generated PDF document, even if `url_fetcher` is configured to prevent access to files and URLs.\n\n### Patches\nFixed by 734ee8e that\u2019s included in 61.2\n\n### Workarounds\n- Check that no PDF attachment is defined in source HTML.\n- Launch WeasyPrint in a sandbox that prevents access to the filesystem and the network.",
    "permalink": "https://github.com/advisories/GHSA-35jj-wx47-4w8r",
    "publishedAt": "2024-03-08T20:42:52Z",
    "withdrawnAt": null,
    "identifiers": [
        {
            "type": "GHSA",
            "value": "GHSA-35jj-wx47-4w8r"
        },
        {
            "type": "CVE",
            "value": "CVE-2024-28184"
        }
    ]
}