{
    "ghsaId": "GHSA-7498-c9fm-g64p",
    "severity": "HIGH",
    "summary": "koji hub allows arbitrary upload destinations",
    "description": "The way that the hub code validates upload paths allows for an attacker to choose an arbitrary destination for the uploaded file.\nUploading still requires login. However, an attacker with credentials could damage the integrity of the Koji system.\n\n### Workaround\nThere is no known workaround. All Koji admins are encouraged to update to a fixed version as soon as possible.\n\n### Fix\nKoji versions 1.14.3, 1.15.3, 1.16.3, 1.17.1, and 1.18.1 all include patches to solve this vulnerability.\n\n",
    "permalink": "https://github.com/advisories/GHSA-7498-c9fm-g64p",
    "publishedAt": "2022-05-24T16:58:31Z",
    "withdrawnAt": null,
    "identifiers": [
        {
            "type": "GHSA",
            "value": "GHSA-7498-c9fm-g64p"
        },
        {
            "type": "CVE",
            "value": "CVE-2019-17109"
        }
    ]
}