{
    "ghsaId": "GHSA-42vg-2q93-fj6j",
    "severity": "HIGH",
    "summary": "LIEF vulnerable to heap based buffer overflow via print_binary function",
    "description": "LIEF commit 365a16a was discovered to contain a heap-buffer overflow via the function `print_binary` at `/c/macho_reader.c`. Commit 0033b6312fd311b2e45e379c04a83d77c1e58578 contains a patch.",
    "permalink": "https://github.com/advisories/GHSA-42vg-2q93-fj6j",
    "publishedAt": "2022-09-14T00:00:42Z",
    "withdrawnAt": null,
    "identifiers": [
        {
            "type": "GHSA",
            "value": "GHSA-42vg-2q93-fj6j"
        },
        {
            "type": "CVE",
            "value": "CVE-2022-38495"
        }
    ]
}