{
    "ghsaId": "GHSA-8867-vpm3-g98g",
    "severity": "HIGH",
    "summary": "Incorrect Default Permissions in keyring",
    "description": "Python keyring has insecure permissions on new databases, allowing world-readable files to be created.",
    "permalink": "https://github.com/advisories/GHSA-8867-vpm3-g98g",
    "publishedAt": "2020-03-10T20:56:41Z",
    "withdrawnAt": null,
    "identifiers": [
        {
            "type": "GHSA",
            "value": "GHSA-8867-vpm3-g98g"
        },
        {
            "type": "CVE",
            "value": "CVE-2012-5578"
        }
    ]
}