{
    "ghsaId": "GHSA-876c-qmcf-cxv6",
    "severity": "HIGH",
    "summary": "MoinMoin Exposure of Sensitive Disclosure when GATEWAY_INTERFACE variable is set",
    "description": "MoinMoin 1.9 before 1.9.1 does not perform the expected clearing of the sys.argv array in situations where the `GATEWAY_INTERFACE` environment variable is set, which allows remote attackers to obtain sensitive information via unspecified vectors.",
    "permalink": "https://github.com/advisories/GHSA-876c-qmcf-cxv6",
    "publishedAt": "2022-05-02T06:14:38Z",
    "withdrawnAt": null,
    "identifiers": [
        {
            "type": "GHSA",
            "value": "GHSA-876c-qmcf-cxv6"
        },
        {
            "type": "CVE",
            "value": "CVE-2010-0667"
        }
    ]
}