{
    "ghsaId": "GHSA-7j7m-v7m3-jqm7",
    "severity": "HIGH",
    "summary": "Scrapy decompression bomb vulnerability",
    "description": "### Impact\n\nScrapy limits allowed response sizes by default through the [`DOWNLOAD_MAXSIZE`](https://docs.scrapy.org/en/latest/topics/settings.html#download-maxsize) and [`DOWNLOAD_WARNSIZE`](https://docs.scrapy.org/en/latest/topics/settings.html#download-warnsize) settings.\n\nHowever, those limits were only being enforced during the download of the raw, usually-compressed response bodies, and not during decompression, making Scrapy vulnerable to [decompression bombs](https://cwe.mitre.org/data/definitions/409.html).\n\nA malicious website being scraped could send a small response that, on decompression, could exhaust the memory available to the Scrapy process, potentially affecting any other process sharing that memory, and affecting disk usage in case of uncompressed response caching.\n\n### Patches\n\nUpgrade to Scrapy 2.11.1.\n\nIf you are using Scrapy 1.8 or a lower version, and upgrading to Scrapy 2.11.1 is not an option, you may upgrade to Scrapy 1.8.4 instead.\n\n### Workarounds\n\nThere is no easy workaround.\n\nDisabling HTTP decompression altogether is impractical, as HTTP compression is a rather common practice.\n\nHowever, it is technically possible to manually backport the 2.11.1 or 1.8.4 fix, replacing the corresponding components of an unpatched version of Scrapy with patched versions copied into your own code.\n\n### Acknowledgements\n\nThis security issue was reported by @dmandefy  [through huntr.com](https://huntr.com/bounties/c4a0fac9-0c5a-4718-9ee4-2d06d58adabb/).",
    "permalink": "https://github.com/advisories/GHSA-7j7m-v7m3-jqm7",
    "publishedAt": "2024-02-16T16:07:13Z",
    "withdrawnAt": null,
    "identifiers": [
        {
            "type": "GHSA",
            "value": "GHSA-7j7m-v7m3-jqm7"
        },
        {
            "type": "CVE",
            "value": "CVE-2024-3572"
        }
    ]
}