{
    "ghsaId": "GHSA-8x3m-m3x9-54fj",
    "severity": "HIGH",
    "summary": "JupyterHub OAuthenticator elevation of privilege",
    "description": "An issue was discovered in Project Jupyter JupyterHub OAuthenticator 0.6.x before 0.6.2 and 0.7.x before 0.7.3. When using JupyterHub with GitLab group whitelisting for access control, group membership was not checked correctly, allowing members not in the whitelisted groups to create accounts on the Hub. (Users were not allowed to access other users' accounts, but could create their own accounts on the Hub linked to their GitLab account. GitLab authentication not using gitlab_group_whitelist is unaffected. No other Authenticators are affected.)",
    "permalink": "https://github.com/advisories/GHSA-8x3m-m3x9-54fj",
    "publishedAt": "2022-05-13T01:12:09Z",
    "withdrawnAt": null,
    "identifiers": [
        {
            "type": "GHSA",
            "value": "GHSA-8x3m-m3x9-54fj"
        },
        {
            "type": "CVE",
            "value": "CVE-2018-7206"
        }
    ]
}