{
    "ghsaId": "GHSA-8x94-hmjh-97hq",
    "severity": "HIGH",
    "summary": "Django vulnerable to Reflected File Download attack",
    "description": "An issue was discovered in the HTTP FileResponse class in Django 3.2 before 3.2.15 and 4.0 before 4.0.7. An application is vulnerable to a reflected file download (RFD) attack that sets the Content-Disposition header of a FileResponse when the filename is derived from user-supplied input.",
    "permalink": "https://github.com/advisories/GHSA-8x94-hmjh-97hq",
    "publishedAt": "2022-08-11T14:49:12Z",
    "withdrawnAt": null,
    "identifiers": [
        {
            "type": "GHSA",
            "value": "GHSA-8x94-hmjh-97hq"
        },
        {
            "type": "CVE",
            "value": "CVE-2022-36359"
        }
    ]
}