{
    "ghsaId": "GHSA-7w6r-748w-mh52",
    "severity": "HIGH",
    "summary": "pgAdmin has Incorrect Default Permissions",
    "description": "A vulnerability was found in pgadmin. Users logging into pgAdmin running in server mode using LDAP authentication may be attached to another user's session if multiple connection attempts occur simultaneously.",
    "permalink": "https://github.com/advisories/GHSA-7w6r-748w-mh52",
    "publishedAt": "2025-01-09T09:31:42Z",
    "withdrawnAt": null,
    "identifiers": [
        {
            "type": "GHSA",
            "value": "GHSA-7w6r-748w-mh52"
        },
        {
            "type": "CVE",
            "value": "CVE-2023-1907"
        }
    ]
}