{
    "ghsaId": "GHSA-8ch4-58qp-g3mp",
    "severity": "HIGH",
    "summary": "Observable Timing Discrepancy in aaugustin websockets library",
    "description": "The aaugustin websockets library before 9.1 for Python has an Observable Timing Discrepancy on servers when HTTP Basic Authentication is enabled with basic_auth_protocol_factory(credentials=...). An attacker may be able to guess a password via a timing attack.",
    "permalink": "https://github.com/advisories/GHSA-8ch4-58qp-g3mp",
    "publishedAt": "2021-06-11T17:43:14Z",
    "withdrawnAt": null,
    "identifiers": [
        {
            "type": "GHSA",
            "value": "GHSA-8ch4-58qp-g3mp"
        },
        {
            "type": "CVE",
            "value": "CVE-2021-33880"
        }
    ]
}