{
    "ghsaId": "GHSA-4f99-p9c2-3j8x",
    "severity": "HIGH",
    "summary": "Undefined behavior via `nullptr` reference binding in sparse matrix multiplication",
    "description": "### Impact\nThe [code for sparse matrix multiplication](https://github.com/tensorflow/tensorflow/blob/8d72537c6abf5a44103b57b9c2e22c14f5f49698/tensorflow/core/kernels/sparse_matmul_op.cc#L954-L1086) is vulnerable to undefined behavior via binding a reference to `nullptr`:\n\n```python\nimport tensorflow as tf\n  \ntf.raw_ops.SparseMatMul(\n  a=[[1.0,1.0,1.0]],\n  b=[[],[],[]],\n  transpose_a=False,\n  transpose_b=False,\n  a_is_sparse=False, \n  b_is_sparse=True)\n```\n\nThis occurs whenever the dimensions of `a` or `b` are 0 or less. In the case on one of these is 0, an empty output tensor should be allocated (to conserve the invariant that output tensors are always allocated when the operation is successful) but nothing should be written to it (that is, we should return early from the kernel implementation). Otherwise, attempts to write to this empty tensor would result in heap OOB access.\n\n### Patches\nWe have patched the issue in GitHub commit [e6cf28c72ba2eb949ca950d834dd6d66bb01cfae](https://github.com/tensorflow/tensorflow/commit/e6cf28c72ba2eb949ca950d834dd6d66bb01cfae).\n\nThe fix will be included in TensorFlow 2.7.0. We will also cherrypick this commit on TensorFlow 2.6.1, TensorFlow 2.5.2, and TensorFlow 2.4.4, as these are also affected and still in supported range.\n\n### For more information\nPlease consult [our security guide](https://github.com/tensorflow/tensorflow/blob/master/SECURITY.md) for more information regarding the security model and how to contact us with issues and questions.\n\n### Attribution\nThis vulnerability has been reported by members of the Aivul Team from Qihoo 360.\n",
    "permalink": "https://github.com/advisories/GHSA-4f99-p9c2-3j8x",
    "publishedAt": "2021-11-10T18:51:51Z",
    "withdrawnAt": null,
    "identifiers": [
        {
            "type": "GHSA",
            "value": "GHSA-4f99-p9c2-3j8x"
        },
        {
            "type": "CVE",
            "value": "CVE-2021-41219"
        }
    ]
}