{
    "ghsaId": "GHSA-2rx4-9f5h-9gjf",
    "severity": "HIGH",
    "summary": "Apache Airflow CNCF Kubernetes Provider: KubernetesPodOperator RCE via connection configuration",
    "description": "Arbitrary code execution in Apache Airflow CNCF Kubernetes provider version 5.0.0 allows user to change xcom sidecar image and resources via Airflow connection.\n\nIn order to exploit this weakness, a user would already need elevated permissions (Op or Admin) to change the connection object in this manner.\u00a0Operators should upgrade to provider version 7.0.0 which has removed the vulnerability.",
    "permalink": "https://github.com/advisories/GHSA-2rx4-9f5h-9gjf",
    "publishedAt": "2023-07-06T21:15:06Z",
    "withdrawnAt": null,
    "identifiers": [
        {
            "type": "GHSA",
            "value": "GHSA-2rx4-9f5h-9gjf"
        },
        {
            "type": "CVE",
            "value": "CVE-2023-33234"
        }
    ]
}