{
    "ghsaId": "GHSA-98fp-7v67-4v3q",
    "severity": "HIGH",
    "summary": "PyTorch Lightning denial of service vulnerability",
    "description": "A vulnerability in lightning-ai/pytorch-lightning version 2.3.2 allows an attacker to cause a denial of service by sending an unexpected POST request to the `/api/v1/state` endpoint of `LightningApp`. This issue occurs due to improper handling of unexpected state values, which results in the server shutting down.",
    "permalink": "https://github.com/advisories/GHSA-98fp-7v67-4v3q",
    "publishedAt": "2025-03-20T12:32:47Z",
    "withdrawnAt": null,
    "identifiers": [
        {
            "type": "GHSA",
            "value": "GHSA-98fp-7v67-4v3q"
        },
        {
            "type": "CVE",
            "value": "CVE-2024-8020"
        }
    ]
}