{
    "ghsaId": "GHSA-8fp7-jwv2-49x9",
    "severity": "HIGH",
    "summary": "PaddlePaddle heap buffer overflow in paddle.repeat_interleave",
    "description": "Heap buffer overflow in paddle.repeat_interleave\u00a0in PaddlePaddle before 2.6.0. This flaw can lead to a denial of service, information disclosure, or more damage is possible.\n\n\n\n",
    "permalink": "https://github.com/advisories/GHSA-8fp7-jwv2-49x9",
    "publishedAt": "2024-01-03T09:30:33Z",
    "withdrawnAt": null,
    "identifiers": [
        {
            "type": "GHSA",
            "value": "GHSA-8fp7-jwv2-49x9"
        },
        {
            "type": "CVE",
            "value": "CVE-2023-52309"
        }
    ]
}