{
    "ghsaId": "GHSA-4rrr-j7ff-r844",
    "severity": "HIGH",
    "summary": "python-keystoneclient missing expiration check in PKI token validation ",
    "description": "python-keystoneclient before 0.2.4, as used in OpenStack Keystone (Folsom), does not properly check expiry for PKI tokens, which allows remote authenticated users to (1) retain use of a token after it has expired, or (2) use a revoked token once it expires.",
    "permalink": "https://github.com/advisories/GHSA-4rrr-j7ff-r844",
    "publishedAt": "2022-05-17T04:54:13Z",
    "withdrawnAt": null,
    "identifiers": [
        {
            "type": "GHSA",
            "value": "GHSA-4rrr-j7ff-r844"
        },
        {
            "type": "CVE",
            "value": "CVE-2013-2104"
        }
    ]
}