{
    "ghsaId": "GHSA-793v-gxfp-9q9h",
    "severity": "HIGH",
    "summary": "Spacy-LLM Server-Side Template Injection (SSTI) vulnerability",
    "description": "A Server-Side Template Injection (SSTI) vulnerability in Spacy-LLM v0.7.2 allows attackers to execute arbitrary code via injecting a crafted payload into the template field.",
    "permalink": "https://github.com/advisories/GHSA-793v-gxfp-9q9h",
    "publishedAt": "2025-03-05T21:32:13Z",
    "withdrawnAt": null,
    "identifiers": [
        {
            "type": "GHSA",
            "value": "GHSA-793v-gxfp-9q9h"
        },
        {
            "type": "CVE",
            "value": "CVE-2025-25362"
        }
    ]
}