{
    "ghsaId": "GHSA-5hj9-m76g-xrc8",
    "severity": "HIGH",
    "summary": "Apache HDFS Provider error message suggested",
    "description": "In the Apache Airflow HDFS Provider, versions prior to 4.1.1, a documentation\u00a0info pointed users to an install incorrect pip package. As this package name was unclaimed, in theory, an attacker could claim this package and provide code that would be executed when this package was installed. The Airflow team has since taken ownership of the package (neutralizing the risk), and fixed the doc strings in version 4.1.1",
    "permalink": "https://github.com/advisories/GHSA-5hj9-m76g-xrc8",
    "publishedAt": "2023-09-14T09:30:28Z",
    "withdrawnAt": null,
    "identifiers": [
        {
            "type": "GHSA",
            "value": "GHSA-5hj9-m76g-xrc8"
        },
        {
            "type": "CVE",
            "value": "CVE-2023-41267"
        }
    ]
}