{
    "ghsaId": "GHSA-8cm9-rrgc-4pcj",
    "severity": "HIGH",
    "summary": "Cleanlab Deserialization of Untrusted Data vulnerability",
    "description": "Deserialization of untrusted data can occur in versions 2.4.0 or newer of the Cleanlab project, enabling a maliciously crafted datalab.pkl file to run arbitrary code on an end user\u2019s system when the data directory is loaded.",
    "permalink": "https://github.com/advisories/GHSA-8cm9-rrgc-4pcj",
    "publishedAt": "2024-09-12T15:33:01Z",
    "withdrawnAt": null,
    "identifiers": [
        {
            "type": "GHSA",
            "value": "GHSA-8cm9-rrgc-4pcj"
        },
        {
            "type": "CVE",
            "value": "CVE-2024-45857"
        }
    ]
}