{
    "ghsaId": "GHSA-6fgp-29mf-chhc",
    "severity": "HIGH",
    "summary": "Kallithea cross-site request forgery (CSRF) vulnerability",
    "description": "Cross-site request forgery (CSRF) vulnerability in Kallithea before 0.2.",
    "permalink": "https://github.com/advisories/GHSA-6fgp-29mf-chhc",
    "publishedAt": "2022-05-13T01:26:14Z",
    "withdrawnAt": null,
    "identifiers": [
        {
            "type": "GHSA",
            "value": "GHSA-6fgp-29mf-chhc"
        },
        {
            "type": "CVE",
            "value": "CVE-2015-0276"
        }
    ]
}