{
    "ghsaId": "GHSA-6528-wvf6-f6qg",
    "severity": "HIGH",
    "summary": "Pycrypto generates weak key parameters",
    "description": "lib/Crypto/PublicKey/ElGamal.py in PyCrypto through 2.6.1 generates weak ElGamal key parameters, which allows attackers to obtain sensitive information by reading ciphertext data (i.e., it does not have semantic security in face of a ciphertext-only attack). The Decisional Diffie-Hellman (DDH) assumption does not hold for PyCrypto's ElGamal implementation.",
    "permalink": "https://github.com/advisories/GHSA-6528-wvf6-f6qg",
    "publishedAt": "2018-07-12T20:29:26Z",
    "withdrawnAt": null,
    "identifiers": [
        {
            "type": "GHSA",
            "value": "GHSA-6528-wvf6-f6qg"
        },
        {
            "type": "CVE",
            "value": "CVE-2018-6594"
        }
    ]
}