{
    "ghsaId": "GHSA-42q4-9xf9-f67x",
    "severity": "HIGH",
    "summary": "Apache Superset allowed for database connections password leak for authenticated users",
    "description": "Apache Superset up to and including 1.3.1 allowed for database connections password leak for authenticated users. This information could be accessed in a non-trivial way.",
    "permalink": "https://github.com/advisories/GHSA-42q4-9xf9-f67x",
    "publishedAt": "2022-05-24T19:20:31Z",
    "withdrawnAt": null,
    "identifiers": [
        {
            "type": "GHSA",
            "value": "GHSA-42q4-9xf9-f67x"
        },
        {
            "type": "CVE",
            "value": "CVE-2021-41972"
        }
    ]
}