{
    "ghsaId": "GHSA-4x9r-j582-cgr8",
    "severity": "HIGH",
    "summary": "Apache Spark UI can allow impersonation if ACLs enabled",
    "description": "The Apache Spark UI offers the possibility to enable ACLs via the configuration option `spark.acls.enable`. With an authentication filter, this checks whether a user has access permissions to view or modify the application. If ACLs are enabled, a code path in HttpSecurityFilter can allow someone to perform impersonation by providing an arbitrary user name. A malicious user might then be able to reach a permission check function that will ultimately build a Unix shell command based on their input, and execute it. This will result in arbitrary shell command execution as the user Spark is currently running as. This affects Apache Spark versions 3.0.3 and earlier, versions 3.1.1 to 3.1.2, and versions 3.2.0 to 3.2.1.\n\nA previous version of this advisory incorrectly stated that version 3.1.3 was not vulnerable. Per [GHSA-59hw-j9g6-mfg3](https://github.com/advisories/GHSA-59hw-j9g6-mfg3), version 3.1.3 is vulnerable and vulnerable version ranges in this advisory have been changed to reflect the correct information.",
    "permalink": "https://github.com/advisories/GHSA-4x9r-j582-cgr8",
    "publishedAt": "2022-07-19T00:00:29Z",
    "withdrawnAt": null,
    "identifiers": [
        {
            "type": "GHSA",
            "value": "GHSA-4x9r-j582-cgr8"
        },
        {
            "type": "CVE",
            "value": "CVE-2022-33891"
        }
    ]
}