{
    "ghsaId": "GHSA-2x54-j4m3-r6wx",
    "severity": "HIGH",
    "summary": "sqla-yaml-fixtures is vulnerable to Code Injection",
    "description": "Sqla_yaml_fixtures versions up to 0.9.1 allows local users to execute arbitrary python code via the fixture_text argument in `sqla_yaml_fixtures.load`.",
    "permalink": "https://github.com/advisories/GHSA-2x54-j4m3-r6wx",
    "publishedAt": "2019-01-04T17:44:48Z",
    "withdrawnAt": null,
    "identifiers": [
        {
            "type": "GHSA",
            "value": "GHSA-2x54-j4m3-r6wx"
        },
        {
            "type": "CVE",
            "value": "CVE-2019-3575"
        }
    ]
}