{
    "ghsaId": "GHSA-3v62-ww8w-758m",
    "severity": "HIGH",
    "summary": "Mercurial Improper Input Validation vulnerability",
    "description": "The `mpatch_decode` function in `mpatch.c` in Mercurial before 4.6.1 mishandles certain situations where there should be at least 12 bytes remaining after the current position in the patch data, but actually are not, aka OVE-20180430-0001.",
    "permalink": "https://github.com/advisories/GHSA-3v62-ww8w-758m",
    "publishedAt": "2022-05-13T01:24:55Z",
    "withdrawnAt": null,
    "identifiers": [
        {
            "type": "GHSA",
            "value": "GHSA-3v62-ww8w-758m"
        },
        {
            "type": "CVE",
            "value": "CVE-2018-13348"
        }
    ]
}