{
    "ghsaId": "GHSA-3m8p-xpm6-8ww3",
    "severity": "HIGH",
    "summary": "Ansible Arbitrary Code Execution",
    "description": "Ansible before version 2.3 has an input validation vulnerability in the handling of data sent from client systems. An attacker with control over a client system being managed by Ansible, and the ability to send facts back to the Ansible server, could use this flaw to execute arbitrary code on the Ansible server using the Ansible server privileges.",
    "permalink": "https://github.com/advisories/GHSA-3m8p-xpm6-8ww3",
    "publishedAt": "2022-05-13T01:07:33Z",
    "withdrawnAt": null,
    "identifiers": [
        {
            "type": "GHSA",
            "value": "GHSA-3m8p-xpm6-8ww3"
        },
        {
            "type": "CVE",
            "value": "CVE-2017-7466"
        }
    ]
}