{
    "ghsaId": "GHSA-73v2-rxqp-7q4f",
    "severity": "HIGH",
    "summary": "aliyundrive-webdav vulnerable to Command Injection",
    "description": "An issue in aliyundrive-webdav v.2.3.3 and before allows a remote attacker to execute arbitrary code via a crafted payload to the sid parameter in the `action_query_qrcode` component.",
    "permalink": "https://github.com/advisories/GHSA-73v2-rxqp-7q4f",
    "publishedAt": "2024-03-29T18:30:42Z",
    "withdrawnAt": null,
    "identifiers": [
        {
            "type": "GHSA",
            "value": "GHSA-73v2-rxqp-7q4f"
        },
        {
            "type": "CVE",
            "value": "CVE-2024-29640"
        }
    ]
}