{
    "ghsaId": "GHSA-879r-7f3w-8jj3",
    "severity": "HIGH",
    "summary": "Plone and Zope2 vulnerable to unauthorized access to restricted attributes",
    "description": "The App.Undo.UndoSupport.get_request_var_or_attr function in Zope before 2.12.21 and 3.13.x before 2.13.11, as used in Plone before 4.2.3 and 4.3 before beta 1, allows remote authenticated users to gain access to restricted attributes via unspecified vectors.",
    "permalink": "https://github.com/advisories/GHSA-879r-7f3w-8jj3",
    "publishedAt": "2018-07-23T19:52:06Z",
    "withdrawnAt": null,
    "identifiers": [
        {
            "type": "GHSA",
            "value": "GHSA-879r-7f3w-8jj3"
        },
        {
            "type": "CVE",
            "value": "CVE-2012-5489"
        }
    ]
}