{
    "ghsaId": "GHSA-7r7m-5h27-29hp",
    "severity": "HIGH",
    "summary": "Potential infinite loop in Pillow",
    "description": "An issue was discovered in Pillow before 8.2.0. For FLI data, FliDecode did not properly check that the block advance was non-zero, potentially leading to an infinite loop on load.",
    "permalink": "https://github.com/advisories/GHSA-7r7m-5h27-29hp",
    "publishedAt": "2021-06-08T18:48:53Z",
    "withdrawnAt": null,
    "identifiers": [
        {
            "type": "GHSA",
            "value": "GHSA-7r7m-5h27-29hp"
        },
        {
            "type": "CVE",
            "value": "CVE-2021-28676"
        }
    ]
}