{
    "ghsaId": "GHSA-5fp8-c45m-256p",
    "severity": "HIGH",
    "summary": "Improper Encoding or Escaping of Output in Apache Superset",
    "description": "Improper output neutralization for Logs. A specific Apache Superset HTTP endpoint allowed for an authenticated user to forge log entries or inject malicious content into logs.",
    "permalink": "https://github.com/advisories/GHSA-5fp8-c45m-256p",
    "publishedAt": "2022-05-24T19:20:42Z",
    "withdrawnAt": null,
    "identifiers": [
        {
            "type": "GHSA",
            "value": "GHSA-5fp8-c45m-256p"
        },
        {
            "type": "CVE",
            "value": "CVE-2021-42250"
        }
    ]
}