{
    "ghsaId": "GHSA-9fqr-pqc9-f7pj",
    "severity": "HIGH",
    "summary": "Cobbler Web Interface Lacks CSRF Protection",
    "description": "cobbler: Web interface lacks CSRF protection when using Django framework",
    "permalink": "https://github.com/advisories/GHSA-9fqr-pqc9-f7pj",
    "publishedAt": "2022-04-22T00:24:14Z",
    "withdrawnAt": null,
    "identifiers": [
        {
            "type": "GHSA",
            "value": "GHSA-9fqr-pqc9-f7pj"
        },
        {
            "type": "CVE",
            "value": "CVE-2011-4952"
        }
    ]
}