{
    "ghsaId": "GHSA-8w48-m6hx-rjw2",
    "severity": "HIGH",
    "summary": "Zope Command Execution Vulnerability",
    "description": "Unspecified vulnerability in Zope 2.12.x and 2.13.x, as used in Plone 4.0.x through 4.0.9, 4.1, and 4.2 through 4.2a2, allows remote attackers to execute arbitrary commands via vectors related to the `p_` class in `OFS/misc_.py` and the use of Python modules.",
    "permalink": "https://github.com/advisories/GHSA-8w48-m6hx-rjw2",
    "publishedAt": "2022-05-17T05:37:39Z",
    "withdrawnAt": null,
    "identifiers": [
        {
            "type": "GHSA",
            "value": "GHSA-8w48-m6hx-rjw2"
        },
        {
            "type": "CVE",
            "value": "CVE-2011-3587"
        }
    ]
}