{
    "ghsaId": "GHSA-89hj-xfx5-7q66",
    "severity": "HIGH",
    "summary": "Django Reuses Cached CSRF Token",
    "description": "The caching framework in Django before 1.4.11, 1.5.x before 1.5.6, 1.6.x before 1.6.3, and 1.7.x before 1.7 beta 2 reuses a cached CSRF token for all anonymous users, which allows remote attackers to bypass CSRF protections by reading the CSRF cookie for anonymous users.",
    "permalink": "https://github.com/advisories/GHSA-89hj-xfx5-7q66",
    "publishedAt": "2022-05-17T03:07:04Z",
    "withdrawnAt": null,
    "identifiers": [
        {
            "type": "GHSA",
            "value": "GHSA-89hj-xfx5-7q66"
        },
        {
            "type": "CVE",
            "value": "CVE-2014-0473"
        }
    ]
}