{
    "ghsaId": "GHSA-8cp5-3rf8-8gfh",
    "severity": "HIGH",
    "summary": "DeepSpeed Remote Code Execution Vulnerability",
    "description": "DeepSpeed Remote Code Execution Vulnerability",
    "permalink": "https://github.com/advisories/GHSA-8cp5-3rf8-8gfh",
    "publishedAt": "2024-10-08T18:33:15Z",
    "withdrawnAt": null,
    "identifiers": [
        {
            "type": "GHSA",
            "value": "GHSA-8cp5-3rf8-8gfh"
        },
        {
            "type": "CVE",
            "value": "CVE-2024-43497"
        }
    ]
}