{
    "ghsaId": "GHSA-83rh-hx5x-q9p5",
    "severity": "HIGH",
    "summary": "Out-of-bounds Read in OpenCV",
    "description": "In OpenCV 3.3.1 (corresponding with OpenCV-Python 3.3.1.11), a heap-based buffer over-read exists in the function cv::HdrDecoder::checkSignature in modules/imgcodecs/src/grfmt_hdr.cpp.",
    "permalink": "https://github.com/advisories/GHSA-83rh-hx5x-q9p5",
    "publishedAt": "2021-10-12T22:03:23Z",
    "withdrawnAt": null,
    "identifiers": [
        {
            "type": "GHSA",
            "value": "GHSA-83rh-hx5x-q9p5"
        },
        {
            "type": "CVE",
            "value": "CVE-2017-18009"
        }
    ]
}