{
    "ghsaId": "GHSA-2v5j-q74q-r53f",
    "severity": "HIGH",
    "summary": "django-helpdesk is vulnerable to Cross-site Scripting",
    "description": "django-helpdesk is vulnerable to Improper Neutralization of Input During Web Page Generation ('Cross-site Scripting').",
    "permalink": "https://github.com/advisories/GHSA-2v5j-q74q-r53f",
    "publishedAt": "2021-12-03T20:42:26Z",
    "withdrawnAt": null,
    "identifiers": [
        {
            "type": "GHSA",
            "value": "GHSA-2v5j-q74q-r53f"
        },
        {
            "type": "CVE",
            "value": "CVE-2021-3994"
        }
    ]
}