{
    "ghsaId": "GHSA-5cpq-9538-jm2j",
    "severity": "HIGH",
    "summary": "Gradio DOS in multipart boundry while uploading the file",
    "description": "A vulnerability in the file upload process of gradio-app/gradio version @gradio/video@0.10.2 allows for a Denial of Service (DoS) attack. An attacker can append a large number of characters to the end of a multipart boundary, causing the system to continuously process each character and issue warnings. This can render Gradio inaccessible for extended periods, disrupting services and causing significant downtime.",
    "permalink": "https://github.com/advisories/GHSA-5cpq-9538-jm2j",
    "publishedAt": "2025-03-20T12:32:49Z",
    "withdrawnAt": null,
    "identifiers": [
        {
            "type": "GHSA",
            "value": "GHSA-5cpq-9538-jm2j"
        },
        {
            "type": "CVE",
            "value": "CVE-2024-8966"
        }
    ]
}