{
    "ghsaId": "GHSA-746v-hfh2-xphm",
    "severity": "HIGH",
    "summary": "Remote code execution in Apache Airflow Docker's Provider",
    "description": "Apache Airflow Docker's Provider prior to 3.0.0 shipped with an example DAG that was vulnerable to (authenticated) remote code exploit of code on the Airflow worker host. Disable loading of example DAGs or upgrade apache-airflow-providers-docker to 3.0.0 or above.",
    "permalink": "https://github.com/advisories/GHSA-746v-hfh2-xphm",
    "publishedAt": "2022-08-17T00:00:21Z",
    "withdrawnAt": null,
    "identifiers": [
        {
            "type": "GHSA",
            "value": "GHSA-746v-hfh2-xphm"
        },
        {
            "type": "CVE",
            "value": "CVE-2022-38362"
        }
    ]
}