{
    "ghsaId": "GHSA-2vj5-px25-gjrp",
    "severity": "HIGH",
    "summary": "pytorch-lightning is vulnerable to Deserialization of Untrusted Data",
    "description": "pytorch-lightning is vulnerable to Deserialization of Untrusted Data.",
    "permalink": "https://github.com/advisories/GHSA-2vj5-px25-gjrp",
    "publishedAt": "2022-01-06T23:58:59Z",
    "withdrawnAt": null,
    "identifiers": [
        {
            "type": "GHSA",
            "value": "GHSA-2vj5-px25-gjrp"
        },
        {
            "type": "CVE",
            "value": "CVE-2021-4118"
        }
    ]
}