{
    "ghsaId": "GHSA-5h2q-4hrp-v9rr",
    "severity": "HIGH",
    "summary": "Django vulnerable to Improper Restriction of Operations within the Bounds of a Memory Buffer",
    "description": "The `get_image_dimensions` function in the image-handling functionality in Django before 1.3.2 and 1.4.x before 1.4.1 uses a constant chunk size in all attempts to determine dimensions, which allows remote attackers to cause a denial of service (process or thread consumption) via a large TIFF image.",
    "permalink": "https://github.com/advisories/GHSA-5h2q-4hrp-v9rr",
    "publishedAt": "2022-05-17T05:12:01Z",
    "withdrawnAt": null,
    "identifiers": [
        {
            "type": "GHSA",
            "value": "GHSA-5h2q-4hrp-v9rr"
        },
        {
            "type": "CVE",
            "value": "CVE-2012-3444"
        }
    ]
}