{
    "ghsaId": "GHSA-787v-v9vq-4rgv",
    "severity": "HIGH",
    "summary": "Apache Superset: SQLLab Improper readonly query validation allows unauthorized write access",
    "description": "Improper Authorization vulnerability in Apache Superset. On Postgres analytic databases an attacker with SQLLab access can\u00a0craft a specially designed SQL DML statement\u00a0that is Incorrectly identified as a read-only query, enabling its execution. Non postgres analytics database connections and postgres analytics database connections set with a readonly user (advised) are not vulnerable.\u00a0\n\nThis issue affects Apache Superset: before 4.1.0.\n\nUsers are recommended to upgrade to version 4.1.0, which fixes the issue.",
    "permalink": "https://github.com/advisories/GHSA-787v-v9vq-4rgv",
    "publishedAt": "2024-12-12T15:31:09Z",
    "withdrawnAt": null,
    "identifiers": [
        {
            "type": "GHSA",
            "value": "GHSA-787v-v9vq-4rgv"
        },
        {
            "type": "CVE",
            "value": "CVE-2024-55633"
        }
    ]
}