{
    "ghsaId": "GHSA-873q-wpqr-xfgw",
    "severity": "HIGH",
    "summary": "Bottle does not properly limit content-types",
    "description": "Bottle 0.10.x before 0.10.12, 0.11.x before 0.11.7, and 0.12.x before 0.12.6 does not properly limit content types, which allows remote attackers to bypass intended access restrictions via an accepted Content-Type followed by a `;` (semi-colon) and a Content-Type that would not be accepted, as demonstrated in YouCompleteMe to execute arbitrary code.",
    "permalink": "https://github.com/advisories/GHSA-873q-wpqr-xfgw",
    "publishedAt": "2022-05-17T04:19:29Z",
    "withdrawnAt": null,
    "identifiers": [
        {
            "type": "GHSA",
            "value": "GHSA-873q-wpqr-xfgw"
        },
        {
            "type": "CVE",
            "value": "CVE-2014-3137"
        }
    ]
}