{
    "ghsaId": "GHSA-74xw-gwfm-7pv7",
    "severity": "HIGH",
    "summary": "bounter Null pointer reference",
    "description": "Null pointer reference in CMS_Conservative_increment_obj in RaRe-Technologies bounter version 1.01 and 1.10, allows attackers to conduct Denial of Service attacks by inputting a huge width of hash bucket.",
    "permalink": "https://github.com/advisories/GHSA-74xw-gwfm-7pv7",
    "publishedAt": "2021-12-18T00:00:40Z",
    "withdrawnAt": null,
    "identifiers": [
        {
            "type": "GHSA",
            "value": "GHSA-74xw-gwfm-7pv7"
        },
        {
            "type": "CVE",
            "value": "CVE-2021-41497"
        }
    ]
}