{
    "ghsaId": "GHSA-9794-pc4r-438w",
    "severity": "HIGH",
    "summary": "Local File Inclusion in Solara",
    "description": "A Local File Inclusion (LFI) vulnerability was identified in widgetti/solara, in version <1.35.1, which was fixed in version 1.35.1. This vulnerability arises from the application's failure to properly validate URI fragments for directory traversal sequences such as '../' when serving static files. An attacker can exploit this flaw by manipulating the fragment part of the URI to read arbitrary files on the local file system. \n\n### References\n- https://github.com/widgetti/solara/security/advisories/GHSA-9794-pc4r-438w\n- https://github.com/widgetti/solara/commit/df2fd66a7f4e8ffd36e8678697a8a4f76760dc54\n- https://cve.mitre.org/cgi-bin/cvename.cgi?name=CVE-2024-39903",
    "permalink": "https://github.com/advisories/GHSA-9794-pc4r-438w",
    "publishedAt": "2024-07-12T21:00:21Z",
    "withdrawnAt": null,
    "identifiers": [
        {
            "type": "GHSA",
            "value": "GHSA-9794-pc4r-438w"
        },
        {
            "type": "CVE",
            "value": "CVE-2024-39903"
        }
    ]
}