{
    "ghsaId": "GHSA-2c8c-84w2-j38j",
    "severity": "HIGH",
    "summary": "Improper Restriction of XML External Entity Reference in Plone",
    "description": "Plone before 5.2.3 allows XXE attacks via a feature that is protected by an unapplied permission of plone.schemaeditor.ManageSchemata (therefore, only available to the Manager role).",
    "permalink": "https://github.com/advisories/GHSA-2c8c-84w2-j38j",
    "publishedAt": "2021-04-07T21:14:00Z",
    "withdrawnAt": null,
    "identifiers": [
        {
            "type": "GHSA",
            "value": "GHSA-2c8c-84w2-j38j"
        },
        {
            "type": "CVE",
            "value": "CVE-2020-28736"
        }
    ]
}