{
    "ghsaId": "GHSA-89c9-3758-737w",
    "severity": "HIGH",
    "summary": "keycloak-httpd-client-install Insecure Secrets",
    "description": "keycloak-httpd-client-install versions before 0.8 allow users to insecurely pass password through command line, leaking it via command history and process info to other local users.",
    "permalink": "https://github.com/advisories/GHSA-89c9-3758-737w",
    "publishedAt": "2022-05-14T00:55:07Z",
    "withdrawnAt": null,
    "identifiers": [
        {
            "type": "GHSA",
            "value": "GHSA-89c9-3758-737w"
        },
        {
            "type": "CVE",
            "value": "CVE-2017-15112"
        }
    ]
}