{
    "ghsaId": "GHSA-4rqf-8pfm-p36r",
    "severity": "HIGH",
    "summary": "MLflow has a Local File Read/Path Traversal in dbfs",
    "description": "A path traversal vulnerability exists in mlflow/mlflow version 2.15.1. When users configure and use the dbfs service, concatenating the URL directly into the file protocol results in an arbitrary file read vulnerability. This issue occurs because only the path part of the URL is checked, while parts such as query and parameters are not handled. The vulnerability is triggered if the user has configured the dbfs service, and during usage, the service is mounted to a local directory.",
    "permalink": "https://github.com/advisories/GHSA-4rqf-8pfm-p36r",
    "publishedAt": "2025-03-20T12:32:49Z",
    "withdrawnAt": null,
    "identifiers": [
        {
            "type": "GHSA",
            "value": "GHSA-4rqf-8pfm-p36r"
        },
        {
            "type": "CVE",
            "value": "CVE-2024-8859"
        }
    ]
}