{
    "ghsaId": "GHSA-8ghj-p4vj-mr35",
    "severity": "HIGH",
    "summary": "Pillow Denial of Service vulnerability",
    "description": "An issue was discovered in Pillow before 10.0.0. It is a Denial of Service that uncontrollably allocates memory to process a given task, potentially causing a service to crash by having it run out of memory. This occurs for truetype in ImageFont when textlength in an ImageDraw instance operates on a long text argument.",
    "permalink": "https://github.com/advisories/GHSA-8ghj-p4vj-mr35",
    "publishedAt": "2023-11-03T06:36:30Z",
    "withdrawnAt": null,
    "identifiers": [
        {
            "type": "GHSA",
            "value": "GHSA-8ghj-p4vj-mr35"
        },
        {
            "type": "CVE",
            "value": "CVE-2023-44271"
        }
    ]
}