{
    "ghsaId": "GHSA-5v9m-57mq-qc75",
    "severity": "HIGH",
    "summary": "Open WebUI denial of service through endpoint for converting markdown",
    "description": "In version 0.3.8 of open-webui, an endpoint for converting markdown to HTML is exposed without authentication. A maliciously crafted markdown payload can cause the server to spend excessive time converting it, leading to a denial of service. The server becomes unresponsive to other requests until the conversion is complete.",
    "permalink": "https://github.com/advisories/GHSA-5v9m-57mq-qc75",
    "publishedAt": "2025-03-20T12:32:47Z",
    "withdrawnAt": null,
    "identifiers": [
        {
            "type": "GHSA",
            "value": "GHSA-5v9m-57mq-qc75"
        },
        {
            "type": "CVE",
            "value": "CVE-2024-7983"
        }
    ]
}