{
    "ghsaId": "GHSA-977v-29j9-9rxc",
    "severity": "HIGH",
    "summary": "MoinMoin improper sanitizes user profiles",
    "description": "MoinMoin before 1.8.7 and 1.9.x before 1.9.2 does not properly sanitize user profiles, which has unspecified impact and attack vectors.",
    "permalink": "https://github.com/advisories/GHSA-977v-29j9-9rxc",
    "publishedAt": "2022-05-02T06:14:38Z",
    "withdrawnAt": null,
    "identifiers": [
        {
            "type": "GHSA",
            "value": "GHSA-977v-29j9-9rxc"
        },
        {
            "type": "CVE",
            "value": "CVE-2010-0669"
        }
    ]
}