{
    "ghsaId": "GHSA-8fg4-j562-mjrc",
    "severity": "HIGH",
    "summary": "Improper Input Validation in Apache Airflow resulting in Remote Code Execution",
    "description": "In Apache Airflow 1.8.2 and earlier, an authenticated user can execute code remotely on the Airflow webserver by creating a special object.",
    "permalink": "https://github.com/advisories/GHSA-8fg4-j562-mjrc",
    "publishedAt": "2019-01-25T16:19:01Z",
    "withdrawnAt": null,
    "identifiers": [
        {
            "type": "GHSA",
            "value": "GHSA-8fg4-j562-mjrc"
        },
        {
            "type": "CVE",
            "value": "CVE-2017-15720"
        }
    ]
}