{
    "ghsaId": "GHSA-2r57-2mrh-ggjv",
    "severity": "HIGH",
    "summary": "ydata cross-site scripting",
    "description": "A cross-site scripting (XSS) vulnerability in versions 3.7.0 or newer of Ydata's ydata-profiling open-source library allows for payloads to be run when a maliocusly crafted report is viewed in the browser.",
    "permalink": "https://github.com/advisories/GHSA-2r57-2mrh-ggjv",
    "publishedAt": "2024-06-04T12:31:05Z",
    "withdrawnAt": null,
    "identifiers": [
        {
            "type": "GHSA",
            "value": "GHSA-2r57-2mrh-ggjv"
        },
        {
            "type": "CVE",
            "value": "CVE-2024-37063"
        }
    ]
}