{
    "ghsaId": "GHSA-9766-v29c-4vm7",
    "severity": "HIGH",
    "summary": "Apache Airflow ODBC Provider Argument Injection vulnerability",
    "description": "Improper Neutralization of Argument Delimiters in a Command ('Argument Injection') vulnerability in Apache Software Foundation Apache Airflow ODBC Provider.\nIn OdbcHook, A privilege escalation vulnerability exists in a system due to controllable ODBC driver parameters that allow the loading of arbitrary dynamic-link libraries, resulting in command execution.\nStarting version 4.0.0 driver can be set only from the hook constructor.\nThis issue affects Apache Airflow ODBC Provider: before 4.0.0.\n\n",
    "permalink": "https://github.com/advisories/GHSA-9766-v29c-4vm7",
    "publishedAt": "2023-06-27T12:30:42Z",
    "withdrawnAt": null,
    "identifiers": [
        {
            "type": "GHSA",
            "value": "GHSA-9766-v29c-4vm7"
        },
        {
            "type": "CVE",
            "value": "CVE-2023-34395"
        }
    ]
}