{
    "ghsaId": "GHSA-756h-r2c9-qp5j",
    "severity": "HIGH",
    "summary": "An authenticated user can execute arbitrary command in Gerapy",
    "description": "### Impact\n\nAn authenticated user can execute arbitrary command, see more in https://github.com/Gerapy/Gerapy/issues/211.\n\n### Patches\n\nFixed in 0.9.9",
    "permalink": "https://github.com/advisories/GHSA-756h-r2c9-qp5j",
    "publishedAt": "2022-01-06T23:48:50Z",
    "withdrawnAt": null,
    "identifiers": [
        {
            "type": "GHSA",
            "value": "GHSA-756h-r2c9-qp5j"
        },
        {
            "type": "CVE",
            "value": "CVE-2021-32849"
        }
    ]
}