{
    "ghsaId": "GHSA-7jrp-r6jx-32cw",
    "severity": "HIGH",
    "summary": "MoinMoin allows administrative access",
    "description": "MoinMoin 1.2.1 and earlier allows remote attackers to gain privileges by creating a user with the same name as an existing group that has higher privileges.",
    "permalink": "https://github.com/advisories/GHSA-7jrp-r6jx-32cw",
    "publishedAt": "2022-04-29T02:58:13Z",
    "withdrawnAt": null,
    "identifiers": [
        {
            "type": "GHSA",
            "value": "GHSA-7jrp-r6jx-32cw"
        },
        {
            "type": "CVE",
            "value": "CVE-2004-0708"
        }
    ]
}