{
    "ghsaId": "GHSA-8vpw-mgpf-mpvv",
    "severity": "HIGH",
    "summary": "Tornado XSRF cookie allows side-channel attack against TLS (BREACH attack)",
    "description": "Tornado before 3.2.2 sends arbitrary responses that contain a fixed CSRF token and may be sent with HTTP compression, which makes it easier for remote attackers to conduct a BREACH attack and determine this token via a series of crafted requests.",
    "permalink": "https://github.com/advisories/GHSA-8vpw-mgpf-mpvv",
    "publishedAt": "2022-05-17T19:57:19Z",
    "withdrawnAt": null,
    "identifiers": [
        {
            "type": "GHSA",
            "value": "GHSA-8vpw-mgpf-mpvv"
        },
        {
            "type": "CVE",
            "value": "CVE-2014-9720"
        }
    ]
}