{
    "ghsaId": "GHSA-2j58-pwwv-x666",
    "severity": "HIGH",
    "summary": "Cross-Site Request Forgery in sqlite-web",
    "description": "This affects all versions of package sqlite-web. The SQL dashboard area allows sensitive actions to be performed without validating that the request originated from the application. This could enable an attacker to trick a user into performing these actions unknowingly through a Cross Site Request Forgery (CSRF) attack.",
    "permalink": "https://github.com/advisories/GHSA-2j58-pwwv-x666",
    "publishedAt": "2021-09-09T17:10:35Z",
    "withdrawnAt": null,
    "identifiers": [
        {
            "type": "GHSA",
            "value": "GHSA-2j58-pwwv-x666"
        },
        {
            "type": "CVE",
            "value": "CVE-2021-23404"
        }
    ]
}