{
    "ghsaId": "GHSA-2894-qcqf-g23g",
    "severity": "HIGH",
    "summary": "asyncua Improper Authentication vulnerability",
    "description": "Versions of the package asyncua before 0.9.96 are vulnerable to Improper Authentication such that it is possible to access Address Space without encryption and authentication.\n\n**Note:**\n\nThis issue is a result of missing checks for services that require an active session.",
    "permalink": "https://github.com/advisories/GHSA-2894-qcqf-g23g",
    "publishedAt": "2023-10-03T06:30:26Z",
    "withdrawnAt": null,
    "identifiers": [
        {
            "type": "GHSA",
            "value": "GHSA-2894-qcqf-g23g"
        },
        {
            "type": "CVE",
            "value": "CVE-2023-26150"
        }
    ]
}