{
    "ghsaId": "GHSA-77fq-4xf5-hph4",
    "severity": "HIGH",
    "summary": "Buffer overflow in wasm3",
    "description": "WASM3 v0.5.0 was discovered to contain a heap overflow via the component /wabt/bin/poc.wasm.",
    "permalink": "https://github.com/advisories/GHSA-77fq-4xf5-hph4",
    "publishedAt": "2022-05-21T00:00:26Z",
    "withdrawnAt": null,
    "identifiers": [
        {
            "type": "GHSA",
            "value": "GHSA-77fq-4xf5-hph4"
        },
        {
            "type": "CVE",
            "value": "CVE-2022-28990"
        }
    ]
}