{
    "ghsaId": "GHSA-3ww4-gg4f-jr7f",
    "severity": "HIGH",
    "summary": "Python Cryptography package vulnerable to Bleichenbacher timing oracle attack",
    "description": "A flaw was found in the python-cryptography package. This issue may allow a remote attacker to decrypt captured messages in TLS servers that use RSA key exchanges, which may lead to exposure of confidential or sensitive data.",
    "permalink": "https://github.com/advisories/GHSA-3ww4-gg4f-jr7f",
    "publishedAt": "2024-02-05T21:30:31Z",
    "withdrawnAt": null,
    "identifiers": [
        {
            "type": "GHSA",
            "value": "GHSA-3ww4-gg4f-jr7f"
        },
        {
            "type": "CVE",
            "value": "CVE-2023-50782"
        }
    ]
}