{
    "ghsaId": "GHSA-7p8j-qv6x-f4g4",
    "severity": "HIGH",
    "summary": "MLFlow unsafe deserialization",
    "description": "Deserialization of untrusted data can occur in versions of the MLflow platform running version 1.23.0 or newer, enabling a maliciously uploaded LightGBM scikit-learn model to run arbitrary code on an end user\u2019s system when interacted with.",
    "permalink": "https://github.com/advisories/GHSA-7p8j-qv6x-f4g4",
    "publishedAt": "2024-06-04T12:31:04Z",
    "withdrawnAt": null,
    "identifiers": [
        {
            "type": "GHSA",
            "value": "GHSA-7p8j-qv6x-f4g4"
        },
        {
            "type": "CVE",
            "value": "CVE-2024-37056"
        }
    ]
}