{
    "ghsaId": "GHSA-4v9q-cgpw-cf38",
    "severity": "HIGH",
    "summary": "Multiple evaluation of contract address in call in vyper",
    "description": "### Impact\nwhen a calling an external contract with no return value, the contract address could be evaluated twice. this is usually only an efficiency problem, but if evaluation of the contract address has side effects, it could result in double evaluation of the side effects.\n\nin the following example, `Foo(msg.sender).bar()` is the contract address for the following call (to `.foo()`), and could get evaluated twice\n\n```vyper\ninterface Foo:\n    def foo(): nonpayable\n    def bar() -> address: nonpayable\n\n@external\ndef do_stuff():\n    Foo(Foo(msg.sender).bar()).foo()\n```\n\n### Patches\n6b4d8ff185de071252feaa1c319712b2d6577f8d\n\n### Workarounds\nassign contract addresses to variables. the above example would change to\n```vyper\n@external\ndef do_stuff():\n    t: Foo = Foo(msg.sender).bar()\n    t.foo()\n```\n\n### References\n\n### For more information\n",
    "permalink": "https://github.com/advisories/GHSA-4v9q-cgpw-cf38",
    "publishedAt": "2022-06-06T21:23:58Z",
    "withdrawnAt": null,
    "identifiers": [
        {
            "type": "GHSA",
            "value": "GHSA-4v9q-cgpw-cf38"
        },
        {
            "type": "CVE",
            "value": "CVE-2022-29255"
        }
    ]
}