{
    "ghsaId": "GHSA-3x47-w4rx-6pm7",
    "severity": "HIGH",
    "summary": "LoLLMS Path Traversal vulnerability",
    "description": "A path traversal vulnerability exists in the parisneo/lollms application, specifically within the `sanitize_path_from_endpoint` and `sanitize_path` functions in `lollms_core\\lollms\\security.py`. This vulnerability allows for arbitrary file reading when the application is running on Windows. The issue arises due to insufficient sanitization of user-supplied input, enabling attackers to bypass the path traversal protection mechanisms by crafting malicious input. Successful exploitation could lead to unauthorized access to sensitive files, information disclosure, and potentially a denial of service (DoS) condition by including numerous large or resource-intensive files. This vulnerability affects the latest version prior to 9.5.0.",
    "permalink": "https://github.com/advisories/GHSA-3x47-w4rx-6pm7",
    "publishedAt": "2024-06-06T21:30:37Z",
    "withdrawnAt": null,
    "identifiers": [
        {
            "type": "GHSA",
            "value": "GHSA-3x47-w4rx-6pm7"
        },
        {
            "type": "CVE",
            "value": "CVE-2024-3429"
        }
    ]
}