{
    "ghsaId": "GHSA-7wx3-vr2f-6p29",
    "severity": "HIGH",
    "summary": "SaltStack Privilege Escalation vulnerability",
    "description": "The salt master in Salt (aka SaltStack) 0.11.0 through 0.17.0 does not properly drop group privileges, which makes it easier for remote attackers to gain privileges.",
    "permalink": "https://github.com/advisories/GHSA-7wx3-vr2f-6p29",
    "publishedAt": "2022-05-17T04:58:31Z",
    "withdrawnAt": null,
    "identifiers": [
        {
            "type": "GHSA",
            "value": "GHSA-7wx3-vr2f-6p29"
        },
        {
            "type": "CVE",
            "value": "CVE-2013-6617"
        }
    ]
}