{
    "ghsaId": "GHSA-3wvg-mj6g-m9cv",
    "severity": "HIGH",
    "summary": "Pillow Uncontrolled Resource Consumption",
    "description": "Pillow before 8.1.1 allows attackers to cause a denial of service (memory consumption) because the reported size of a contained image is not properly checked for an ICNS container, and thus an attempted memory allocation can be very large.",
    "permalink": "https://github.com/advisories/GHSA-3wvg-mj6g-m9cv",
    "publishedAt": "2021-03-18T19:55:21Z",
    "withdrawnAt": null,
    "identifiers": [
        {
            "type": "GHSA",
            "value": "GHSA-3wvg-mj6g-m9cv"
        },
        {
            "type": "CVE",
            "value": "CVE-2021-27922"
        }
    ]
}