{
    "ghsaId": "GHSA-5qw5-89mw-wcg2",
    "severity": "HIGH",
    "summary": "Out of bounds write in Tensorflow",
    "description": "### Impact\nTensorFlow is vulnerable to a heap OOB write in [Grappler](https://github.com/tensorflow/tensorflow/blob/a1320ec1eac186da1d03f033109191f715b2b130/tensorflow/core/grappler/costs/graph_properties.cc#L1132-L1141):\n\n```cc\nStatus SetUnknownShape(const NodeDef* node, int output_port) {\n  shape_inference::ShapeHandle shape = \n      GetUnknownOutputShape(node, output_port);\n  InferenceContext* ctx = GetContext(node);\n  if (ctx == nullptr) {\n    return errors::InvalidArgument(\"Missing context\");\n  }\n  ctx->set_output(output_port, shape);\n  return Status::OK();\n}\n```\n\nThe [`set_output`](https://github.com/tensorflow/tensorflow/blob/a1320ec1eac186da1d03f033109191f715b2b130/tensorflow/core/framework/shape_inference.h#L394) function writes to an array at the specified index:\n\n```cc\nvoid set_output(int idx, ShapeHandle shape) { outputs_.at(idx) = shape; }\n```\n\nHence, this gives a malicious user a write primitive.\n\n### Patches\nWe have patched the issue in GitHub commit [97282c6d0d34476b6ba033f961590b783fa184cd](https://github.com/tensorflow/tensorflow/commit/97282c6d0d34476b6ba033f961590b783fa184cd).\n\nThe fix will be included in TensorFlow 2.8.0. We will also cherrypick this commit on TensorFlow 2.7.1, TensorFlow 2.6.3, and TensorFlow 2.5.3, as these are also affected and still in supported range.\n\n### For more information\nPlease consult [our security guide](https://github.com/tensorflow/tensorflow/blob/master/SECURITY.md) for more information regarding the security model and how to contact us with issues and questions.",
    "permalink": "https://github.com/advisories/GHSA-5qw5-89mw-wcg2",
    "publishedAt": "2022-02-09T23:55:43Z",
    "withdrawnAt": null,
    "identifiers": [
        {
            "type": "GHSA",
            "value": "GHSA-5qw5-89mw-wcg2"
        },
        {
            "type": "CVE",
            "value": "CVE-2022-23566"
        }
    ]
}