{
    "ghsaId": "GHSA-68wv-rjrm-576p",
    "severity": "HIGH",
    "summary": "Cross-Site Request Forgery (CSRF) in Apache Airflow",
    "description": "In Apache Airflow 1.8.2 and earlier, a CSRF vulnerability allowed for a remote command injection on a default install of Airflow.",
    "permalink": "https://github.com/advisories/GHSA-68wv-rjrm-576p",
    "publishedAt": "2019-01-25T16:19:14Z",
    "withdrawnAt": null,
    "identifiers": [
        {
            "type": "GHSA",
            "value": "GHSA-68wv-rjrm-576p"
        },
        {
            "type": "CVE",
            "value": "CVE-2017-17835"
        }
    ]
}