{
    "ghsaId": "GHSA-7vhj-pfwv-hx3w",
    "severity": "HIGH",
    "summary": "MindsDB Deserialization of Untrusted Data vulnerability",
    "description": "Deserialization of untrusted data can occur in versions 23.3.2.0 and newer of the MindsDB platform, enabling a maliciously uploaded model to run arbitrary code on the server when interacted with.",
    "permalink": "https://github.com/advisories/GHSA-7vhj-pfwv-hx3w",
    "publishedAt": "2024-09-12T15:33:01Z",
    "withdrawnAt": null,
    "identifiers": [
        {
            "type": "GHSA",
            "value": "GHSA-7vhj-pfwv-hx3w"
        },
        {
            "type": "CVE",
            "value": "CVE-2024-45852"
        }
    ]
}