{
    "ghsaId": "GHSA-3c5c-7235-994j",
    "severity": "HIGH",
    "summary": "Pillow buffer overflow in ImagingPcdDecode",
    "description": "Buffer overflow in the `ImagingPcdDecode` function in `PcdDecode.c` in Pillow before 3.1.1 and Python Imaging Library (PIL) 1.1.7 and earlier allows remote attackers to cause a denial of service (crash) via a crafted PhotoCD file.",
    "permalink": "https://github.com/advisories/GHSA-3c5c-7235-994j",
    "publishedAt": "2018-07-24T20:15:13Z",
    "withdrawnAt": null,
    "identifiers": [
        {
            "type": "GHSA",
            "value": "GHSA-3c5c-7235-994j"
        },
        {
            "type": "CVE",
            "value": "CVE-2016-2533"
        }
    ]
}