{
    "ghsaId": "GHSA-269x-pg5c-5xgm",
    "severity": "HIGH",
    "summary": "Apache Airflow Execution with Unnecessary Privileges",
    "description": "Execution with Unnecessary Privileges, : Exposure of Sensitive Information to an Unauthorized Actor vulnerability in Apache Software Foundation Apache Airflow.The \"Run Task\" feature enables authenticated user to bypass some of the restrictions put in place. It allows to execute code in the webserver context as well as allows to bypas limitation of access the user has to certain DAGs. The \"Run Task\" feature is considered dangerous and it has been removed entirely in Airflow 2.6.0.\n\nThis issue affects Apache Airflow: before 2.6.0.",
    "permalink": "https://github.com/advisories/GHSA-269x-pg5c-5xgm",
    "publishedAt": "2023-08-05T09:30:16Z",
    "withdrawnAt": null,
    "identifiers": [
        {
            "type": "GHSA",
            "value": "GHSA-269x-pg5c-5xgm"
        },
        {
            "type": "CVE",
            "value": "CVE-2023-39508"
        }
    ]
}