{
    "ghsaId": "GHSA-5pcm-hx3q-hm94",
    "severity": "HIGH",
    "summary": "PyTorch heap buffer overflow vulnerability",
    "description": "PyTorch before v2.2.0 was discovered to contain a heap buffer overflow vulnerability in the component /runtime/vararg_functions.cpp. This vulnerability allows attackers to cause a Denial of Service (DoS) via a crafted input.",
    "permalink": "https://github.com/advisories/GHSA-5pcm-hx3q-hm94",
    "publishedAt": "2024-04-17T21:30:48Z",
    "withdrawnAt": null,
    "identifiers": [
        {
            "type": "GHSA",
            "value": "GHSA-5pcm-hx3q-hm94"
        },
        {
            "type": "CVE",
            "value": "CVE-2024-31580"
        }
    ]
}