{
    "ghsaId": "GHSA-823f-cwm9-4g74",
    "severity": "HIGH",
    "summary": "Splash authentication credentials potentially leaked to target websites ",
    "description": "### Impact\n\nIf you use [`HttpAuthMiddleware`](http://doc.scrapy.org/en/latest/topics/downloader-middleware.html#module-scrapy.downloadermiddlewares.httpauth) (i.e. the `http_user` and `http_pass` spider attributes) for Splash authentication, any non-Splash request will expose your credentials to the request target. This includes `robots.txt` requests sent by Scrapy when the `ROBOTSTXT_OBEY` setting is set to `True`.\n\n### Patches\n\nUpgrade to scrapy-splash 0.8.0 and use the new `SPLASH_USER` and `SPLASH_PASS` settings instead to set your Splash authentication credentials safely.\n\n### Workarounds\n\nIf you cannot upgrade, set your Splash request credentials on a per-request basis, [using the `splash_headers` request parameter](https://github.com/scrapy-plugins/scrapy-splash/tree/0.8.x#http-basic-auth), instead of defining them globally using the [`HttpAuthMiddleware`](http://doc.scrapy.org/en/latest/topics/downloader-middleware.html#module-scrapy.downloadermiddlewares.httpauth).\n\nAlternatively, make sure all your requests go through Splash. That includes disabling the [robots.txt middleware](https://docs.scrapy.org/en/latest/topics/downloader-middleware.html#topics-dlmw-robots).\n\n### For more information\nIf you have any questions or comments about this advisory:\n* [Open an issue](https://github.com/scrapy-plugins/scrapy-splash/issues)\n* [Email us](mailto:opensource@zyte.com)\n",
    "permalink": "https://github.com/advisories/GHSA-823f-cwm9-4g74",
    "publishedAt": "2021-10-06T17:49:23Z",
    "withdrawnAt": null,
    "identifiers": [
        {
            "type": "GHSA",
            "value": "GHSA-823f-cwm9-4g74"
        },
        {
            "type": "CVE",
            "value": "CVE-2021-41124"
        }
    ]
}