{
    "ghsaId": "GHSA-3c45-wgjp-7v9r",
    "severity": "HIGH",
    "summary": "Python Twisted trustRoot is not respected in HTTP client",
    "description": "Python Twisted 14.0.0 `trustRoot` is not respected in HTTP client",
    "permalink": "https://github.com/advisories/GHSA-3c45-wgjp-7v9r",
    "publishedAt": "2019-12-17T22:52:34Z",
    "withdrawnAt": null,
    "identifiers": [
        {
            "type": "GHSA",
            "value": "GHSA-3c45-wgjp-7v9r"
        },
        {
            "type": "CVE",
            "value": "CVE-2014-7143"
        }
    ]
}