{
    "ghsaId": "GHSA-5jjr-gmq3-f986",
    "severity": "HIGH",
    "summary": "MoinMoin has improper default configuration",
    "description": "The default configuration of `cfg.packagepages_actions_excluded` in MoinMoin before 1.8.7 does not prevent unsafe package actions, which has unspecified impact and attack vectors.",
    "permalink": "https://github.com/advisories/GHSA-5jjr-gmq3-f986",
    "publishedAt": "2022-05-02T06:15:08Z",
    "withdrawnAt": null,
    "identifiers": [
        {
            "type": "GHSA",
            "value": "GHSA-5jjr-gmq3-f986"
        },
        {
            "type": "CVE",
            "value": "CVE-2010-0717"
        }
    ]
}