{
    "ghsaId": "GHSA-5jfw-gq64-q45f",
    "severity": "HIGH",
    "summary": "HTML Cleaner allows crafted scripts in special contexts like svg or math to pass through",
    "description": "### Impact\n\nThe HTML Parser in lxml does not properly handle context-switching for special HTML tags such as `<svg>`, `<math>` and `<noscript>`. This behavior deviates from how web browsers parse and interpret such tags. Specifically, content in CSS comments is ignored by lxml_html_clean but may be interpreted differently by web browsers, enabling malicious scripts to bypass the cleaning process. This vulnerability could lead to Cross-Site Scripting (XSS) attacks, compromising the security of users relying on lxml_html_clean in default configuration for sanitizing untrusted HTML content.\n\n### Patches\n\nUsers employing the HTML cleaner in a security-sensitive context should upgrade to lxml 0.4.0, which addresses this issue.\n\n### Workarounds\n\nAs a temporary mitigation, users can configure lxml_html_clean with the following settings to prevent the exploitation of this vulnerability:\n* `remove_tags`: Specify tags to remove - their content is moved to their parents' tags.\n* `kill_tags`: Specify tags to be removed completely.\n* `allow_tags`: Restrict the set of permissible tags, excluding context-switching tags like `<svg>`, `<math>` and `<noscript>`.\n\n### References\n\n* https://github.com/fedora-python/lxml_html_clean/pull/19\n* https://github.com/fedora-python/lxml_html_clean/pull/19/commits/c5d816f86eb3707d72a8ecf5f3823e0daa1b3808\n",
    "permalink": "https://github.com/advisories/GHSA-5jfw-gq64-q45f",
    "publishedAt": "2024-11-19T21:07:59Z",
    "withdrawnAt": null,
    "identifiers": [
        {
            "type": "GHSA",
            "value": "GHSA-5jfw-gq64-q45f"
        },
        {
            "type": "CVE",
            "value": "CVE-2024-52595"
        }
    ]
}