{
    "ghsaId": "GHSA-5hch-v5pq-x4qp",
    "severity": "HIGH",
    "summary": "Plone allows anonymous users to reset any users password through the web via Password Reset Tool",
    "description": "Unspecified vulnerability in the Password Reset Tool before 0.4.1 on Plone 2.5 and 2.5.1 Release Candidate allows attackers to reset the passwords of other users, related to \"an erroneous security declaration.\"",
    "permalink": "https://github.com/advisories/GHSA-5hch-v5pq-x4qp",
    "publishedAt": "2022-05-01T07:16:48Z",
    "withdrawnAt": null,
    "identifiers": [
        {
            "type": "GHSA",
            "value": "GHSA-5hch-v5pq-x4qp"
        },
        {
            "type": "CVE",
            "value": "CVE-2006-4247"
        }
    ]
}