{
    "ghsaId": "GHSA-9gjg-834p-5gvv",
    "severity": "HIGH",
    "summary": "Duplicate Advisory: Keylime's registrar vulnerable to Denial-of-service attack via a single open connection",
    "description": "## Duplicate Advisory\nThis advisory has been withdrawn because it is a duplicate of GHSA-pg75-v6fp-8q59. This link is maintained to preserve external references.\n\n## Original Description\nA flaw was found in Keylime. Due to their blocking nature, the Keylime registrar is subject to a remote denial of service against its SSL connections. This flaw allows an attacker to exhaust all available connections.",
    "permalink": "https://github.com/advisories/GHSA-9gjg-834p-5gvv",
    "publishedAt": "2023-07-24T18:30:44Z",
    "withdrawnAt": "2023-08-01T20:09:43Z",
    "identifiers": [
        {
            "type": "GHSA",
            "value": "GHSA-9gjg-834p-5gvv"
        }
    ]
}