{
    "ghsaId": "GHSA-38hf-c37x-32hv",
    "severity": "HIGH",
    "summary": "LIEF vulnerable to denial of service through segmentation fault",
    "description": "A vulnerability in the LIEF::MachO::BinaryParser::init_and_parse function of LIEF v0.12.1 allows attackers to cause a denial of service (DOS) through a segmentation fault via a crafted MachO file. A [patch](https://github.com/lief-project/LIEF/commit/fde2c48986739fabd2cf9b40b9af149a89c57850) for this issue is available at commit fde2c48986739fabd2cf9b40b9af149a89c57850.",
    "permalink": "https://github.com/advisories/GHSA-38hf-c37x-32hv",
    "publishedAt": "2022-10-04T00:00:25Z",
    "withdrawnAt": null,
    "identifiers": [
        {
            "type": "GHSA",
            "value": "GHSA-38hf-c37x-32hv"
        },
        {
            "type": "CVE",
            "value": "CVE-2022-40922"
        }
    ]
}