{
    "ghsaId": "GHSA-59p2-v62x-gxj8",
    "severity": "HIGH",
    "summary": "Ryu Infinite Loop vulnerability",
    "description": "`OFPHello` in parser.py in Faucet SDN Ryu 4.34 allows attackers to cause a denial of service (infinite loop) via `length=0`.",
    "permalink": "https://github.com/advisories/GHSA-59p2-v62x-gxj8",
    "publishedAt": "2024-05-05T03:30:47Z",
    "withdrawnAt": null,
    "identifiers": [
        {
            "type": "GHSA",
            "value": "GHSA-59p2-v62x-gxj8"
        },
        {
            "type": "CVE",
            "value": "CVE-2024-34489"
        }
    ]
}