{
    "ghsaId": "GHSA-2ww3-fxvq-293j",
    "severity": "HIGH",
    "summary": "NLTK Vulnerable to REDoS",
    "description": "The nltk package is vulnerable to ReDoS (regular expression denial of service). An attacker that is able to provide as an input to the [`_read_comparison_block()`(https://github.com/nltk/nltk/blob/23f4b1c4b4006b0cb3ec278e801029557cec4e82/nltk/corpus/reader/comparative_sents.py#L259) function in the file `nltk/corpus/reader/comparative_sents.py` may cause an application to consume an excessive amount of CPU.",
    "permalink": "https://github.com/advisories/GHSA-2ww3-fxvq-293j",
    "publishedAt": "2021-09-29T17:14:53Z",
    "withdrawnAt": null,
    "identifiers": [
        {
            "type": "GHSA",
            "value": "GHSA-2ww3-fxvq-293j"
        },
        {
            "type": "CVE",
            "value": "CVE-2021-3828"
        }
    ]
}