{
    "ghsaId": "GHSA-8cw9-5hmv-77w6",
    "severity": "HIGH",
    "summary": "sanic vulnerable to Path Traversal when using `app.static` if using encoded `%2F` URLs",
    "description": "### Impact\nAccess to lateral directories when using `app.static` if using encoded `%2F` URLs. Parent directory traversal is not impacted.\n\n### Patches\n- v20.12.7 (LTS)\n- v21.12.2 (LTS)\n- v22.6.1\n\n### References\nhttps://github.com/sanic-org/sanic/issues/2478\nhttps://github.com/sanic-org/sanic/pull/2495\n\n### For more information\nIf you have any questions or comments about this advisory:\n* Open an issue in [the community forums](https://community.sanicframework.org/)\n* Ping us on [the Discord server](https://discord.gg/FARQzAEMAA)\n\n",
    "permalink": "https://github.com/advisories/GHSA-8cw9-5hmv-77w6",
    "publishedAt": "2022-08-06T05:21:19Z",
    "withdrawnAt": null,
    "identifiers": [
        {
            "type": "GHSA",
            "value": "GHSA-8cw9-5hmv-77w6"
        },
        {
            "type": "CVE",
            "value": "CVE-2022-35920"
        }
    ]
}