{
    "ghsaId": "GHSA-56m6-4mhw-h3g5",
    "severity": "HIGH",
    "summary": "langflow has vulnerability in PythonCodeTool component",
    "description": "langflow v1.0.12 was discovered to contain a remote code execution (RCE) vulnerability via the PythonCodeTool component.",
    "permalink": "https://github.com/advisories/GHSA-56m6-4mhw-h3g5",
    "publishedAt": "2024-10-31T15:30:59Z",
    "withdrawnAt": null,
    "identifiers": [
        {
            "type": "GHSA",
            "value": "GHSA-56m6-4mhw-h3g5"
        },
        {
            "type": "CVE",
            "value": "CVE-2024-42835"
        }
    ]
}