{
    "ghsaId": "GHSA-85jc-8h5p-8vw8",
    "severity": "HIGH",
    "summary": "Open WebUI Cross-Site Request Forgery (CSRF) Vulnerability",
    "description": "A vulnerability in open-webui/open-webui versions <= 0.3.8 allows remote code execution by non-admin users via Cross-Site Request Forgery (CSRF). The application uses cookies with the SameSite attribute set to lax for authentication and lacks CSRF tokens. This allows an attacker to craft a malicious HTML that, when accessed by a victim, can modify the Python code of an existing pipeline and execute arbitrary code with the victim's privileges.",
    "permalink": "https://github.com/advisories/GHSA-85jc-8h5p-8vw8",
    "publishedAt": "2025-03-20T12:32:46Z",
    "withdrawnAt": null,
    "identifiers": [
        {
            "type": "GHSA",
            "value": "GHSA-85jc-8h5p-8vw8"
        },
        {
            "type": "CVE",
            "value": "CVE-2024-7806"
        }
    ]
}