{
    "ghsaId": "GHSA-63fq-8fp9-vhwq",
    "severity": "HIGH",
    "summary": "OpenStack Compute (Nova) Denial of service via a large number of calls to the addFixedIp function",
    "description": "OpenStack Compute (Nova) Grizzly, Folsom (2012.2), and Essex (2012.1) does not properly implement a quota for fixed IPs, which allows remote authenticated users to cause a denial of service (resource exhaustion and failure to spawn new instances) via a large number of calls to the addFixedIp function.",
    "permalink": "https://github.com/advisories/GHSA-63fq-8fp9-vhwq",
    "publishedAt": "2022-05-17T01:36:29Z",
    "withdrawnAt": null,
    "identifiers": [
        {
            "type": "GHSA",
            "value": "GHSA-63fq-8fp9-vhwq"
        },
        {
            "type": "CVE",
            "value": "CVE-2013-1838"
        }
    ]
}