{
    "ghsaId": "GHSA-3q6g-vf58-7m4g",
    "severity": "HIGH",
    "summary": "Regular Expression Denial of Service in flask-restx",
    "description": "Flask RESTX contains a regular expression that is vulnerable to [ReDoS](https://owasp.org/www-community/attacks/Regular_expression_Denial_of_Service_-_ReDoS) (Regular Expression Denial of Service) in `email_regex`.\n",
    "permalink": "https://github.com/advisories/GHSA-3q6g-vf58-7m4g",
    "publishedAt": "2021-09-08T15:41:15Z",
    "withdrawnAt": null,
    "identifiers": [
        {
            "type": "GHSA",
            "value": "GHSA-3q6g-vf58-7m4g"
        },
        {
            "type": "CVE",
            "value": "CVE-2021-32838"
        }
    ]
}