{
    "ghsaId": "GHSA-8849-5h85-98qw",
    "severity": "HIGH",
    "summary": "Out-of-bounds Write in OpenCV",
    "description": "In opencv calls that use libpng, there is a possible out of bounds write due to a missing bounds check. This could lead to local escalation of privilege with no additional execution privileges required. User interaction is not required for exploitation. Product: AndroidVersions: Android-10Android ID: A-110986616",
    "permalink": "https://github.com/advisories/GHSA-8849-5h85-98qw",
    "publishedAt": "2021-10-12T22:22:17Z",
    "withdrawnAt": null,
    "identifiers": [
        {
            "type": "GHSA",
            "value": "GHSA-8849-5h85-98qw"
        },
        {
            "type": "CVE",
            "value": "CVE-2019-9423"
        }
    ]
}