{
    "ghsaId": "GHSA-2r8p-fg3c-wcj4",
    "severity": "HIGH",
    "summary": "Heap OOB and CHECK fail in `ResourceGather`",
    "description": "### Impact\nAn attacker can trigger a crash via a `CHECK`-fail in debug builds of TensorFlow using `tf.raw_ops.ResourceGather` or a read from outside the bounds of heap allocated data in the same API in a release build:\n\n```python\nimport tensorflow as tf\n\ntensor = tf.constant(value=[[1,2],[3,4],[5,6]],shape=(3,2),dtype=tf.uint32)\nv = tf.Variable(tensor)\ntf.raw_ops.ResourceGather(\n  resource=v.handle,\n  indices=[0],\n  dtype=tf.uint32,\n  batch_dims=10,\n  validate_indices=False)\n```\n\nThe [implementation](https://github.com/tensorflow/tensorflow/blob/f24faa153ad31a4b51578f8181d3aaab77a1ddeb/tensorflow/core/kernels/resource_variable_ops.cc#L660-L668) does not check that the `batch_dims` value that the user supplies is less than the rank of the input tensor.\n\nSince the implementation uses several for loops over the dimensions of `tensor`, this results in reading data from outside the bounds of heap allocated buffer backing the tensor:\n\n```cc\n    // batch_dims_ = > params.dims() (10 > 2)\n    for (int i = 0; i < batch_dims_; ++i) {\n      result_shape.AddDim(params.dim_size(i));\n    }\n    for (int i = batch_dims_; i < indices.dims(); ++i) {\n      result_shape.AddDim(indices.dim_size(i));\n    }\n    for (int i = batch_dims_ + 1; i < params.dims(); ++i) {\n      result_shape.AddDim(params.dim_size(i));\n    }\n```\n\nIn debug mode, `.dim_size(i)` validates that the argument is less than `.dims()` using a `DCHECK`. But the `DCHECK` is a no-op in release builds.\n\n### Patches\nWe have patched the issue in GitHub commit [bc9c546ce7015c57c2f15c168b3d9201de679a1d](https://github.com/tensorflow/tensorflow/commit/bc9c546ce7015c57c2f15c168b3d9201de679a1d).\n\nThe fix will be included in TensorFlow 2.6.0. We will also cherrypick this commit on TensorFlow 2.5.1, TensorFlow 2.4.3, and TensorFlow 2.3.4, as these are also affected and still in supported range.\n\n### For more information\nPlease consult [our security guide](https://github.com/tensorflow/tensorflow/blob/master/SECURITY.md) for more information regarding the security model and how to contact us with issues and questions.\n\n### Attribution\nThis vulnerability has been reported by members of the Aivul Team from Qihoo 360.",
    "permalink": "https://github.com/advisories/GHSA-2r8p-fg3c-wcj4",
    "publishedAt": "2021-08-25T14:43:01Z",
    "withdrawnAt": null,
    "identifiers": [
        {
            "type": "GHSA",
            "value": "GHSA-2r8p-fg3c-wcj4"
        },
        {
            "type": "CVE",
            "value": "CVE-2021-37654"
        }
    ]
}