{
    "ghsaId": "GHSA-6mv3-p2gr-wgqf",
    "severity": "HIGH",
    "summary": "OpenStack Identity (Keystone) DoS through V3 API authentication chaining",
    "description": "The V3 API in OpenStack Identity (Keystone) 2013.1 before 2013.2.4 and icehouse before icehouse-rc2 allows remote attackers to cause a denial of service (CPU consumption) via a large number of the same authentication method in a request, aka \"authentication chaining.\"",
    "permalink": "https://github.com/advisories/GHSA-6mv3-p2gr-wgqf",
    "publishedAt": "2022-05-17T04:03:06Z",
    "withdrawnAt": null,
    "identifiers": [
        {
            "type": "GHSA",
            "value": "GHSA-6mv3-p2gr-wgqf"
        },
        {
            "type": "CVE",
            "value": "CVE-2014-2828"
        }
    ]
}