{
    "ghsaId": "GHSA-3qpr-7rmg-73v8",
    "severity": "HIGH",
    "summary": "Plone and Zope2 affected by Race Condition",
    "description": "AccessControl/AuthEncoding.py in Zope before 2.13.19, as used in Plone before 4.2.3 and 4.3 before beta 1, allows remote attackers to obtain passwords via vectors involving timing discrepancies in password validation.",
    "permalink": "https://github.com/advisories/GHSA-3qpr-7rmg-73v8",
    "publishedAt": "2018-07-23T19:51:02Z",
    "withdrawnAt": null,
    "identifiers": [
        {
            "type": "GHSA",
            "value": "GHSA-3qpr-7rmg-73v8"
        },
        {
            "type": "CVE",
            "value": "CVE-2012-5507"
        }
    ]
}