{
    "ghsaId": "GHSA-3v6v-2x6p-32mc",
    "severity": "HIGH",
    "summary": "pgadmin4 vulnerable to Code Injection",
    "description": "The pgAdmin server includes an HTTP API that is intended to be used to validate the path a user selects to external PostgreSQL utilities such as pg_dump and pg_restore. The utility is executed by the server to determine what PostgreSQL version it is from. Versions of pgAdmin prior to 6.17 failed to properly secure this API, which could allow an unauthenticated user to call it with a path of their choosing, such as a UNC path to a server they control on a Windows machine. This would cause an appropriately named executable in the target path to be executed by the pgAdmin server.",
    "permalink": "https://github.com/advisories/GHSA-3v6v-2x6p-32mc",
    "publishedAt": "2022-12-13T18:30:34Z",
    "withdrawnAt": null,
    "identifiers": [
        {
            "type": "GHSA",
            "value": "GHSA-3v6v-2x6p-32mc"
        },
        {
            "type": "CVE",
            "value": "CVE-2022-4223"
        }
    ]
}