{
    "ghsaId": "GHSA-3fhq-72hw-jqwv",
    "severity": "HIGH",
    "summary": "rdiffweb's lack of token name length limit can result in DoS or memory corruption",
    "description": "rdiffweb prior to 2.5.0a3 is vulnerable to Allocation of Resources Without Limits or Throttling. A lack of limit in the length of the `Token name` parameter can result in denial of service or memory corruption. Version 2.5.0a3 fixes this issue.",
    "permalink": "https://github.com/advisories/GHSA-3fhq-72hw-jqwv",
    "publishedAt": "2022-10-01T00:00:21Z",
    "withdrawnAt": null,
    "identifiers": [
        {
            "type": "GHSA",
            "value": "GHSA-3fhq-72hw-jqwv"
        },
        {
            "type": "CVE",
            "value": "CVE-2022-3371"
        }
    ]
}