{
    "ghsaId": "GHSA-6cwv-x26c-w2q4",
    "severity": "HIGH",
    "summary": "Jupyter Notebook file bypasses sanitization, executes JavaScript",
    "description": "In Jupyter Notebook before 5.4.1, a maliciously forged notebook file can bypass sanitization to execute JavaScript in the notebook context. Specifically, invalid HTML is 'fixed' by jQuery after sanitization, making it dangerous.",
    "permalink": "https://github.com/advisories/GHSA-6cwv-x26c-w2q4",
    "publishedAt": "2018-07-12T12:00:00Z",
    "withdrawnAt": null,
    "identifiers": [
        {
            "type": "GHSA",
            "value": "GHSA-6cwv-x26c-w2q4"
        },
        {
            "type": "CVE",
            "value": "CVE-2018-8768"
        }
    ]
}