{
    "ghsaId": "GHSA-8wwf-2644-f8x4",
    "severity": "HIGH",
    "summary": "The Fuck Arbitrary File Deletion via Path Traversal",
    "description": "The thefuck (aka _The Fuck_) is app that corrects errors in previous console commands. _The Fuck_ python package before 3.31 allows Path Traversal that leads to arbitrary file deletion via the `undo archive operation` feature.",
    "permalink": "https://github.com/advisories/GHSA-8wwf-2644-f8x4",
    "publishedAt": "2021-06-15T15:49:01Z",
    "withdrawnAt": null,
    "identifiers": [
        {
            "type": "GHSA",
            "value": "GHSA-8wwf-2644-f8x4"
        },
        {
            "type": "CVE",
            "value": "CVE-2021-34363"
        }
    ]
}