{
    "ghsaId": "GHSA-77rm-9x9h-xj3g",
    "severity": "HIGH",
    "summary": "NULL Pointer Dereference in Protocol Buffers",
    "description": "Nullptr dereference when a null char is present in a proto symbol. The symbol is parsed incorrectly, leading to an unchecked call into the proto file's name during generation of the resulting error message. Since the symbol is incorrectly parsed, the file is nullptr. We recommend upgrading to version 3.15.0 or greater.",
    "permalink": "https://github.com/advisories/GHSA-77rm-9x9h-xj3g",
    "publishedAt": "2022-01-27T00:01:15Z",
    "withdrawnAt": null,
    "identifiers": [
        {
            "type": "GHSA",
            "value": "GHSA-77rm-9x9h-xj3g"
        },
        {
            "type": "CVE",
            "value": "CVE-2021-22570"
        }
    ]
}