{
    "ghsaId": "GHSA-437p-qw95-wqqr",
    "severity": "HIGH",
    "summary": "Trac vulnerable to denial of service",
    "description": "Unspecified vulnerability in Trac before 0.11.2 allows attackers to cause a denial of service via unknown attack vectors related to \"certain wiki markup.\"",
    "permalink": "https://github.com/advisories/GHSA-437p-qw95-wqqr",
    "publishedAt": "2022-05-17T02:17:25Z",
    "withdrawnAt": null,
    "identifiers": [
        {
            "type": "GHSA",
            "value": "GHSA-437p-qw95-wqqr"
        },
        {
            "type": "CVE",
            "value": "CVE-2008-5646"
        }
    ]
}