{
    "ghsaId": "GHSA-53qw-q765-4fww",
    "severity": "HIGH",
    "summary": "Denial-of-service in Django",
    "description": "An issue was discovered in Django 2.2 before 2.2.26, 3.2 before 3.2.11, and 4.0 before 4.0.1. `UserAttributeSimilarityValidator` incurred significant overhead in evaluating a submitted password that was artificially large in relation to the comparison values. In a situation where access to user registration was unrestricted, this provided a potential vector for a denial-of-service attack.",
    "permalink": "https://github.com/advisories/GHSA-53qw-q765-4fww",
    "publishedAt": "2022-01-12T19:20:53Z",
    "withdrawnAt": null,
    "identifiers": [
        {
            "type": "GHSA",
            "value": "GHSA-53qw-q765-4fww"
        },
        {
            "type": "CVE",
            "value": "CVE-2021-45115"
        }
    ]
}