{
    "ghsaId": "GHSA-9chm-m6x2-6fvc",
    "severity": "HIGH",
    "summary": "lollms vulnerable to path traversal due to unauthenticated root folder settings change",
    "description": "A path traversal vulnerability exists in the XTTS server included in the lollms package, version v9.6. This vulnerability arises from the ability to perform an unauthenticated root folder settings change. Although the read file endpoint is protected against path traversals, this protection can be bypassed by changing the root folder to '/'. This allows attackers to read arbitrary files on the system. Additionally, the output folders can be changed to write arbitrary audio files to any location on the system.",
    "permalink": "https://github.com/advisories/GHSA-9chm-m6x2-6fvc",
    "publishedAt": "2024-06-27T21:32:08Z",
    "withdrawnAt": null,
    "identifiers": [
        {
            "type": "GHSA",
            "value": "GHSA-9chm-m6x2-6fvc"
        },
        {
            "type": "CVE",
            "value": "CVE-2024-6085"
        }
    ]
}