{
    "ghsaId": "GHSA-2655-q453-22f9",
    "severity": "HIGH",
    "summary": "Django Allows Arbitrary URL Generation",
    "description": "The `django.http.HttpRequest.get_host` function in Django 1.3.x before 1.3.4 and 1.4.x before 1.4.2 allows remote attackers to generate and display arbitrary URLs via crafted username and password Host header values.",
    "permalink": "https://github.com/advisories/GHSA-2655-q453-22f9",
    "publishedAt": "2022-05-17T05:10:31Z",
    "withdrawnAt": null,
    "identifiers": [
        {
            "type": "GHSA",
            "value": "GHSA-2655-q453-22f9"
        },
        {
            "type": "CVE",
            "value": "CVE-2012-4520"
        }
    ]
}