{
    "ghsaId": "GHSA-2q26-r8c4-jfx5",
    "severity": "HIGH",
    "summary": "Edgewall Trac Cross-site request forgery (CSRF) vulnerability",
    "description": "Cross-site request forgery (CSRF) vulnerability in Edgewall Trac 0.10 and earlier allows remote attackers to perform unauthorized actions as other users via unknown vectors.",
    "permalink": "https://github.com/advisories/GHSA-2q26-r8c4-jfx5",
    "publishedAt": "2022-05-01T07:32:37Z",
    "withdrawnAt": null,
    "identifiers": [
        {
            "type": "GHSA",
            "value": "GHSA-2q26-r8c4-jfx5"
        },
        {
            "type": "CVE",
            "value": "CVE-2006-5878"
        }
    ]
}