{
    "ghsaId": "GHSA-2586-f3p4-hq84",
    "severity": "HIGH",
    "summary": "LightGBM Remote Code Execution Vulnerability",
    "description": "LightGBM Remote Code Execution Vulnerability",
    "permalink": "https://github.com/advisories/GHSA-2586-f3p4-hq84",
    "publishedAt": "2024-11-12T18:30:58Z",
    "withdrawnAt": null,
    "identifiers": [
        {
            "type": "GHSA",
            "value": "GHSA-2586-f3p4-hq84"
        },
        {
            "type": "CVE",
            "value": "CVE-2024-43598"
        }
    ]
}