{
    "ghsaId": "GHSA-8qch-vj6m-2694",
    "severity": "HIGH",
    "summary": "luigi Arbitrary File Write via Archive Extraction (Zip Slip)",
    "description": "Versions of the package luigi before 3.6.0 are vulnerable to Arbitrary File Write via Archive Extraction (Zip Slip) due to improper destination file path validation in the _extract_packages_archive function.",
    "permalink": "https://github.com/advisories/GHSA-8qch-vj6m-2694",
    "publishedAt": "2024-12-10T06:31:40Z",
    "withdrawnAt": null,
    "identifiers": [
        {
            "type": "GHSA",
            "value": "GHSA-8qch-vj6m-2694"
        },
        {
            "type": "CVE",
            "value": "CVE-2024-21542"
        }
    ]
}