{
    "ghsaId": "GHSA-3g2p-7c6p-vj8c",
    "severity": "HIGH",
    "summary": "Apache Qpid Python client Improper certificate validation",
    "description": "The Python client in Apache Qpid before 2.2 does not verify that the server hostname matches a domain name in the subject's Common Name (CN) or subjectAltName field of the X.509 certificate, which allows man-in-the-middle attackers to spoof SSL servers via an arbitrary valid certificate.",
    "permalink": "https://github.com/advisories/GHSA-3g2p-7c6p-vj8c",
    "publishedAt": "2022-05-13T01:08:41Z",
    "withdrawnAt": null,
    "identifiers": [
        {
            "type": "GHSA",
            "value": "GHSA-3g2p-7c6p-vj8c"
        },
        {
            "type": "CVE",
            "value": "CVE-2013-1909"
        }
    ]
}