{
    "ghsaId": "GHSA-5jrq-582v-9767",
    "severity": "HIGH",
    "summary": "Out-of-bounds read in admesh",
    "description": "ADMesh through 0.98.4 has a heap-based buffer over-read in stl_update_connects_remove_1 (called from stl_remove_degenerate) in connect.c in libadmesh.a.",
    "permalink": "https://github.com/advisories/GHSA-5jrq-582v-9767",
    "publishedAt": "2022-05-09T00:00:51Z",
    "withdrawnAt": null,
    "identifiers": [
        {
            "type": "GHSA",
            "value": "GHSA-5jrq-582v-9767"
        },
        {
            "type": "CVE",
            "value": "CVE-2018-25033"
        }
    ]
}