{
    "ghsaId": "GHSA-6523-jf4r-c962",
    "severity": "HIGH",
    "summary": "Apache StreamPipes has potential remote code execution (RCE) via file upload",
    "description": "Unrestricted Upload of File with dangerous type vulnerability in Apache StreamPipes.\nSuch a dangerous type might be an executable file that may lead to a remote code execution (RCE).\nThe unrestricted upload is only possible for authenticated and authorized users.\n\nThis issue affects Apache StreamPipes: through 0.93.0.\n\nUsers are recommended to upgrade to version 0.95.0, which fixes the issue.",
    "permalink": "https://github.com/advisories/GHSA-6523-jf4r-c962",
    "publishedAt": "2024-07-17T12:31:11Z",
    "withdrawnAt": null,
    "identifiers": [
        {
            "type": "GHSA",
            "value": "GHSA-6523-jf4r-c962"
        },
        {
            "type": "CVE",
            "value": "CVE-2024-31411"
        }
    ]
}