{
    "ghsaId": "GHSA-8wfh-qxxv-3q8c",
    "severity": "HIGH",
    "summary": "Use after free in PaddlePaddle",
    "description": "Use after free in paddle.diagonal in PaddlePaddle before 2.5.0. This resulted in a potentially exploitable condition.\n",
    "permalink": "https://github.com/advisories/GHSA-8wfh-qxxv-3q8c",
    "publishedAt": "2023-07-26T12:30:28Z",
    "withdrawnAt": null,
    "identifiers": [
        {
            "type": "GHSA",
            "value": "GHSA-8wfh-qxxv-3q8c"
        },
        {
            "type": "CVE",
            "value": "CVE-2023-38669"
        }
    ]
}