{
    "ghsaId": "GHSA-5xfx-55x4-j223",
    "severity": "HIGH",
    "summary": "Cross-Frame Scripting vulnerability has been found on Plone CMS",
    "description": "A Cross-Frame Scripting vulnerability has been found on Plone CMS affecting version below 6.0.5. An attacker could store a malicious URL to be opened by an administrator and execute a malicios iframe element.",
    "permalink": "https://github.com/advisories/GHSA-5xfx-55x4-j223",
    "publishedAt": "2024-01-18T15:30:37Z",
    "withdrawnAt": null,
    "identifiers": [
        {
            "type": "GHSA",
            "value": "GHSA-5xfx-55x4-j223"
        },
        {
            "type": "CVE",
            "value": "CVE-2024-0669"
        }
    ]
}