{
    "ghsaId": "GHSA-6pw3-8h9w-32gc",
    "severity": "HIGH",
    "summary": "Apache Airflow vulnerable to OS Command Injection via example DAGs",
    "description": "A vulnerability in Example Dags of Apache Airflow allows an attacker with UI access who can trigger DAGs, to execute arbitrary commands via manually provided run_id parameter. This issue affects Apache Airflow versions prior to 2.4.0.",
    "permalink": "https://github.com/advisories/GHSA-6pw3-8h9w-32gc",
    "publishedAt": "2022-11-14T12:00:15Z",
    "withdrawnAt": null,
    "identifiers": [
        {
            "type": "GHSA",
            "value": "GHSA-6pw3-8h9w-32gc"
        },
        {
            "type": "CVE",
            "value": "CVE-2022-40127"
        }
    ]
}