{
    "ghsaId": "GHSA-3f38-96qm-r3fw",
    "severity": "HIGH",
    "summary": "esptool allows attackers to view sensitive information via weak cryptographic algorithm",
    "description": "An issue discovered in esptool 4.6.2 allows attackers to view sensitive information via weak cryptographic algorithm.",
    "permalink": "https://github.com/advisories/GHSA-3f38-96qm-r3fw",
    "publishedAt": "2023-11-09T18:34:55Z",
    "withdrawnAt": null,
    "identifiers": [
        {
            "type": "GHSA",
            "value": "GHSA-3f38-96qm-r3fw"
        },
        {
            "type": "CVE",
            "value": "CVE-2023-46894"
        }
    ]
}