{
    "ghsaId": "GHSA-8rh6-h94m-vj54",
    "severity": "HIGH",
    "summary": "Incorrect Comparison in cvxopt",
    "description": "Incomplete string comparison vulnerability exits in cvxopt.org cvxop <= 1.2.6 in APIs (cvxopt.cholmod.diag, cvxopt.cholmod.getfactor, cvxopt.cholmod.solve, cvxopt.cholmod.spsolve), which allows attackers to conduct Denial of Service attacks by construct fake Capsule objects.",
    "permalink": "https://github.com/advisories/GHSA-8rh6-h94m-vj54",
    "publishedAt": "2022-01-07T00:01:11Z",
    "withdrawnAt": null,
    "identifiers": [
        {
            "type": "GHSA",
            "value": "GHSA-8rh6-h94m-vj54"
        },
        {
            "type": "CVE",
            "value": "CVE-2021-41500"
        }
    ]
}