{
    "ghsaId": "GHSA-4c42-4rxm-x6qf",
    "severity": "HIGH",
    "summary": "Django Denial of Service Vulnerability in the authentication framework ",
    "description": "The authentication framework (django.contrib.auth) in Django 1.4.x before 1.4.8, 1.5.x before 1.5.4, and 1.6.x before 1.6 beta 4 allows remote attackers to cause a denial of service (CPU consumption) via a long password which is then hashed.",
    "permalink": "https://github.com/advisories/GHSA-4c42-4rxm-x6qf",
    "publishedAt": "2022-05-17T04:53:45Z",
    "withdrawnAt": null,
    "identifiers": [
        {
            "type": "GHSA",
            "value": "GHSA-4c42-4rxm-x6qf"
        },
        {
            "type": "CVE",
            "value": "CVE-2013-1443"
        }
    ]
}