{
    "ghsaId": "GHSA-49cw-434h-qc57",
    "severity": "HIGH",
    "summary": "Mercurial vulnerable to arbitrary code execution when converting Git repos",
    "description": "The convert extension in Mercurial before 3.8 might allow context-dependent attackers to execute arbitrary code via a crafted git repository name.",
    "permalink": "https://github.com/advisories/GHSA-49cw-434h-qc57",
    "publishedAt": "2022-05-17T02:37:31Z",
    "withdrawnAt": null,
    "identifiers": [
        {
            "type": "GHSA",
            "value": "GHSA-49cw-434h-qc57"
        },
        {
            "type": "CVE",
            "value": "CVE-2016-3105"
        }
    ]
}