{
    "ghsaId": "GHSA-8843-m7mw-mxqm",
    "severity": "HIGH",
    "summary": "Buffer overflow in Pillow",
    "description": "In Pillow before 7.1.0, there are two Buffer Overflows in `libImaging/TiffDecode.c`.",
    "permalink": "https://github.com/advisories/GHSA-8843-m7mw-mxqm",
    "publishedAt": "2020-07-27T21:52:41Z",
    "withdrawnAt": null,
    "identifiers": [
        {
            "type": "GHSA",
            "value": "GHSA-8843-m7mw-mxqm"
        },
        {
            "type": "CVE",
            "value": "CVE-2020-10379"
        }
    ]
}