{
    "ghsaId": "GHSA-94qm-99qc-qwqj",
    "severity": "HIGH",
    "summary": "rdiffweb vulnerable to Insufficient Session Expiration",
    "description": "Insufficient Session Expiration in GitHub repository ikus060/rdiffweb prior to 2.5.0.",
    "permalink": "https://github.com/advisories/GHSA-94qm-99qc-qwqj",
    "publishedAt": "2022-11-15T12:00:17Z",
    "withdrawnAt": null,
    "identifiers": [
        {
            "type": "GHSA",
            "value": "GHSA-94qm-99qc-qwqj"
        },
        {
            "type": "CVE",
            "value": "CVE-2022-3362"
        }
    ]
}