{
    "ghsaId": "GHSA-8c7c-2c8j-3xfp",
    "severity": "HIGH",
    "summary": "blosc2 heap-based buffer overflow",
    "description": "blosc2.c in Blosc C-Blosc2 through 2.0.0.beta.5 has a heap-based buffer overflow when there is a lack of space to write compressed data.",
    "permalink": "https://github.com/advisories/GHSA-8c7c-2c8j-3xfp",
    "publishedAt": "2022-05-24T17:35:03Z",
    "withdrawnAt": null,
    "identifiers": [
        {
            "type": "GHSA",
            "value": "GHSA-8c7c-2c8j-3xfp"
        },
        {
            "type": "CVE",
            "value": "CVE-2020-29367"
        }
    ]
}