{
    "ghsaId": "GHSA-3jqw-crqj-w8qw",
    "severity": "HIGH",
    "summary": "Denial of service in django",
    "description": "The verify_exists functionality in the URLField implementation in Django before 1.2.7 and 1.3.x before 1.3.1 relies on Python libraries that attempt access to an arbitrary URL with no timeout, which allows remote attackers to cause a denial of service (resource consumption) via a URL associated with (1) a slow response, (2) a completed TCP connection with no application data sent, or (3) a large amount of application data, a related issue to CVE-2011-1521.",
    "permalink": "https://github.com/advisories/GHSA-3jqw-crqj-w8qw",
    "publishedAt": "2018-07-23T19:51:35Z",
    "withdrawnAt": null,
    "identifiers": [
        {
            "type": "GHSA",
            "value": "GHSA-3jqw-crqj-w8qw"
        },
        {
            "type": "CVE",
            "value": "CVE-2011-4137"
        }
    ]
}