{
    "ghsaId": "GHSA-5rfv-66g4-jr8h",
    "severity": "HIGH",
    "summary": "RestrictedPython information leakage via `AttributeError.obj` and the `string` module",
    "description": "### Impact\nA user can gain access to protected (and potentially sensible) information indirectly via `AttributeError.obj` and the `string` module.\n\n### Patches\nThe problem will be fixed in version 7.3.\n\n\n### Workarounds\nIf the application does not require access to the module `string`, it can remove it from `RestrictedPython.Utilities.utility_builtins`  or otherwise do not make it available in the restricted execution environment.\n",
    "permalink": "https://github.com/advisories/GHSA-5rfv-66g4-jr8h",
    "publishedAt": "2024-09-30T17:14:00Z",
    "withdrawnAt": null,
    "identifiers": [
        {
            "type": "GHSA",
            "value": "GHSA-5rfv-66g4-jr8h"
        },
        {
            "type": "CVE",
            "value": "CVE-2024-47532"
        }
    ]
}