{
    "ghsaId": "GHSA-95q3-8gr9-gm8w",
    "severity": "HIGH",
    "summary": "Pillow Denial of Service by Uncontrolled Resource Consumption",
    "description": "Pillow before 8.1.1 allows attackers to cause a denial of service (memory consumption) because the reported size of a contained image is not properly checked for an ICO container, and thus an attempted memory allocation can be very large.",
    "permalink": "https://github.com/advisories/GHSA-95q3-8gr9-gm8w",
    "publishedAt": "2021-03-18T19:54:43Z",
    "withdrawnAt": null,
    "identifiers": [
        {
            "type": "GHSA",
            "value": "GHSA-95q3-8gr9-gm8w"
        },
        {
            "type": "CVE",
            "value": "CVE-2021-27923"
        }
    ]
}