{
    "ghsaId": "GHSA-8xjv-v9xq-m5h9",
    "severity": "HIGH",
    "summary": "Pillow Buffer overflow in ImagingFliDecode",
    "description": "Buffer overflow in the `ImagingFliDecode` function in `libImaging/FliDecode.c` in Pillow before 3.1.1 allows remote attackers to cause a denial of service (crash) via a crafted FLI file.",
    "permalink": "https://github.com/advisories/GHSA-8xjv-v9xq-m5h9",
    "publishedAt": "2018-07-24T20:15:36Z",
    "withdrawnAt": null,
    "identifiers": [
        {
            "type": "GHSA",
            "value": "GHSA-8xjv-v9xq-m5h9"
        },
        {
            "type": "CVE",
            "value": "CVE-2016-0775"
        }
    ]
}