{
    "ghsaId": "GHSA-25pw-q952-x37g",
    "severity": "HIGH",
    "summary": "Duplicate Advisory: pyload-ng vulnerable to RCE with js2py sandbox escape",
    "description": "## Duplicate Advisory\nThis advisory has been withdrawn because it is a duplicate of GHSA-r9pp-r4xf-597r. This link is maintained to preserve external references.\n\n## Original Description\nAn issue in pyload-ng v0.5.0b3.dev85 running under python3.11 or below allows attackers to execute arbitrary code via a crafted HTTP request.",
    "permalink": "https://github.com/advisories/GHSA-25pw-q952-x37g",
    "publishedAt": "2024-10-28T21:30:34Z",
    "withdrawnAt": "2024-10-28T21:50:04Z",
    "identifiers": [
        {
            "type": "GHSA",
            "value": "GHSA-25pw-q952-x37g"
        }
    ]
}