{
    "ghsaId": "GHSA-59qh-fmm7-3g9q",
    "severity": "HIGH",
    "summary": "Rembg CORS misconfiguration",
    "description": "Rembg is a tool to remove images background. In Rembg 2.0.57 and earlier, the CORS middleware is setup incorrectly. All origins are reflected, which allows any website to send cross site requests to the rembg server and thus query any API. Even if authentication were to be enabled, allow_credentials is set to True, which would allow any website to send authenticated cross site requests.",
    "permalink": "https://github.com/advisories/GHSA-59qh-fmm7-3g9q",
    "publishedAt": "2025-03-11T21:32:43Z",
    "withdrawnAt": null,
    "identifiers": [
        {
            "type": "GHSA",
            "value": "GHSA-59qh-fmm7-3g9q"
        },
        {
            "type": "CVE",
            "value": "CVE-2025-25302"
        }
    ]
}