{
    "ghsaId": "GHSA-3v7g-4pg3-7r6j",
    "severity": "HIGH",
    "summary": "OS Command injection in Apache Airflow",
    "description": "In Apache Airflow, prior to version 2.2.4, some example DAGs did not properly sanitize user-provided params, making them susceptible to OS Command Injection from the web UI.",
    "permalink": "https://github.com/advisories/GHSA-3v7g-4pg3-7r6j",
    "publishedAt": "2022-02-26T00:00:44Z",
    "withdrawnAt": null,
    "identifiers": [
        {
            "type": "GHSA",
            "value": "GHSA-3v7g-4pg3-7r6j"
        },
        {
            "type": "CVE",
            "value": "CVE-2022-24288"
        }
    ]
}