{
    "ghsaId": "GHSA-3xv8-3j54-hgrp",
    "severity": "HIGH",
    "summary": "Out-of-bounds read in Pillow",
    "description": "In `libImaging/PcxDecode.c` in Pillow before 7.1.0, an out-of-bounds read can occur when reading PCX files where `state->shuffle` is instructed to read beyond `state->buffer`.",
    "permalink": "https://github.com/advisories/GHSA-3xv8-3j54-hgrp",
    "publishedAt": "2021-11-03T18:04:53Z",
    "withdrawnAt": null,
    "identifiers": [
        {
            "type": "GHSA",
            "value": "GHSA-3xv8-3j54-hgrp"
        },
        {
            "type": "CVE",
            "value": "CVE-2020-10378"
        }
    ]
}