{
    "ghsaId": "GHSA-6fq2-x65v-v9h7",
    "severity": "HIGH",
    "summary": "Ansible password prompts could expose passwords",
    "description": "A data disclosure flaw was found in ansible. Password prompts in ansible-playbook and ansible-cli tools could expose passwords with special characters as they are not properly wrapped. A password with special characters is exposed starting with the first of these special characters. The highest threat from this vulnerability is to data confidentiality.\n\nThis CVE exists due to an incomplete fix for CVE-2019-10206.",
    "permalink": "https://github.com/advisories/GHSA-6fq2-x65v-v9h7",
    "publishedAt": "2022-05-24T17:02:07Z",
    "withdrawnAt": null,
    "identifiers": [
        {
            "type": "GHSA",
            "value": "GHSA-6fq2-x65v-v9h7"
        },
        {
            "type": "CVE",
            "value": "CVE-2019-14856"
        }
    ]
}