{
    "ghsaId": "GHSA-9ggp-4jpr-7ppj",
    "severity": "HIGH",
    "summary": "Duplicate Advisory: Possible remote code execution via a remote procedure call",
    "description": "Withdrawn: duplicate of GHSA-pj4g-4488-wmxm\n\n## Original Description\n\nIn RPyC 4.1.x through 4.1.1, a remote attacker can dynamically modify object attributes to construct a remote procedure call that executes code for an RPyC service with default configuration settings.",
    "permalink": "https://github.com/advisories/GHSA-9ggp-4jpr-7ppj",
    "publishedAt": "2019-11-20T01:35:53Z",
    "withdrawnAt": "2021-02-17T19:44:50Z",
    "identifiers": [
        {
            "type": "GHSA",
            "value": "GHSA-9ggp-4jpr-7ppj"
        }
    ]
}