{
    "ghsaId": "GHSA-27x4-j476-jp5f",
    "severity": "HIGH",
    "summary": "Setuptools vulnerable to Man-in-the-middle attacks",
    "description": "easy_install in setuptools before 0.7 uses HTTP to retrieve packages from the PyPI repository, and does not perform integrity checks on package contents, which allows man-in-the-middle attackers to execute arbitrary code via a crafted response to the default use of the product.",
    "permalink": "https://github.com/advisories/GHSA-27x4-j476-jp5f",
    "publishedAt": "2022-05-17T05:01:02Z",
    "withdrawnAt": null,
    "identifiers": [
        {
            "type": "GHSA",
            "value": "GHSA-27x4-j476-jp5f"
        },
        {
            "type": "CVE",
            "value": "CVE-2013-1633"
        }
    ]
}