{
    "ghsaId": "GHSA-5rp4-749p-vx26",
    "severity": "HIGH",
    "summary": "Apache Airflow vulnerable to Use of Externally-Controlled Format String",
    "description": "In Apache Airflow 2.3.0 through 2.3.4, part of a url was unnecessarily formatted, allowing for possible information extraction.",
    "permalink": "https://github.com/advisories/GHSA-5rp4-749p-vx26",
    "publishedAt": "2022-09-22T22:40:27Z",
    "withdrawnAt": null,
    "identifiers": [
        {
            "type": "GHSA",
            "value": "GHSA-5rp4-749p-vx26"
        },
        {
            "type": "CVE",
            "value": "CVE-2022-40604"
        }
    ]
}