{
    "ghsaId": "GHSA-537h-rv9q-vvph",
    "severity": "HIGH",
    "summary": "Python-RSA decryption of ciphertext leads to DoS",
    "description": "Python-RSA before 4.1 ignores leading '\\0' bytes during decryption of ciphertext. This could conceivably have a security-relevant impact, e.g., by helping an attacker to infer that an application uses Python-RSA, or if the length of accepted ciphertext affects application behavior (such as by causing excessive memory allocation).",
    "permalink": "https://github.com/advisories/GHSA-537h-rv9q-vvph",
    "publishedAt": "2021-03-24T18:24:39Z",
    "withdrawnAt": null,
    "identifiers": [
        {
            "type": "GHSA",
            "value": "GHSA-537h-rv9q-vvph"
        },
        {
            "type": "CVE",
            "value": "CVE-2020-13757"
        }
    ]
}