{
    "ghsaId": "GHSA-5836-grcc-8j89",
    "severity": "HIGH",
    "summary": "OpenStack Heat information leak vulnerability",
    "description": "An information leak was discovered in OpenStack heat. This issue could allow a remote, authenticated attacker to use the 'stack show' command to reveal parameters which are supposed to remain hidden. This has a low impact to the confidentiality, integrity, and availability of the system.",
    "permalink": "https://github.com/advisories/GHSA-5836-grcc-8j89",
    "publishedAt": "2023-09-24T03:30:20Z",
    "withdrawnAt": null,
    "identifiers": [
        {
            "type": "GHSA",
            "value": "GHSA-5836-grcc-8j89"
        },
        {
            "type": "CVE",
            "value": "CVE-2023-1625"
        }
    ]
}