{
    "ghsaId": "GHSA-6xc7-4cx8-j3xc",
    "severity": "HIGH",
    "summary": "OpenStack Nova-LXD bypass security restrictions",
    "description": "OpenStack Nova-LXD before 13.1.1 uses the wrong name for the veth pairs when applying Neutron security group rules for instances, which allows remote attackers to bypass intended security restrictions.",
    "permalink": "https://github.com/advisories/GHSA-6xc7-4cx8-j3xc",
    "publishedAt": "2022-05-13T01:46:20Z",
    "withdrawnAt": null,
    "identifiers": [
        {
            "type": "GHSA",
            "value": "GHSA-6xc7-4cx8-j3xc"
        },
        {
            "type": "CVE",
            "value": "CVE-2017-5936"
        }
    ]
}