{
    "ghsaId": "GHSA-98j2-hfxp-8h8r",
    "severity": "HIGH",
    "summary": "Apache Doris hardcoded key and IV",
    "description": "Apache Doris, prior to 1.0.0, used a hardcoded key and IV to initialize the cipher used for ldap password, which may lead to information disclosure.",
    "permalink": "https://github.com/advisories/GHSA-98j2-hfxp-8h8r",
    "publishedAt": "2022-04-27T00:00:20Z",
    "withdrawnAt": null,
    "identifiers": [
        {
            "type": "GHSA",
            "value": "GHSA-98j2-hfxp-8h8r"
        },
        {
            "type": "CVE",
            "value": "CVE-2022-23942"
        }
    ]
}