{
    "ghsaId": "GHSA-2jc8-4r6g-282j",
    "severity": "HIGH",
    "summary": "python-gnupg's shell_quote function does not properly escape characters",
    "description": "The shell_quote function in python-gnupg 0.3.5 does not properly escape characters, which allows context-dependent attackers to execute arbitrary code via shell metacharacters in unspecified vectors, as demonstrated using \"\\\" (backslash) characters to form multi-command sequences, a different vulnerability than CVE-2014-1927.  NOTE: this vulnerability exists because of an incomplete fix for CVE-2013-7323.",
    "permalink": "https://github.com/advisories/GHSA-2jc8-4r6g-282j",
    "publishedAt": "2018-11-06T23:13:02Z",
    "withdrawnAt": null,
    "identifiers": [
        {
            "type": "GHSA",
            "value": "GHSA-2jc8-4r6g-282j"
        },
        {
            "type": "CVE",
            "value": "CVE-2014-1928"
        }
    ]
}