{
    "ghsaId": "GHSA-5m98-qgg9-wh84",
    "severity": "HIGH",
    "summary": "aiohttp vulnerable to Denial of Service when trying to parse malformed POST requests",
    "description": "### Summary\nAn attacker can send a specially crafted POST (multipart/form-data) request. When the aiohttp server processes it, the server will enter an infinite loop and be unable to process any further requests.\n\n### Impact\nAn attacker can stop the application from serving requests after sending a single request.\n\n-------\n\nFor anyone needing to patch older versions of aiohttp, the minimum diff needed to resolve the issue is (located in `_read_chunk_from_length()`):\n\n```diff\ndiff --git a/aiohttp/multipart.py b/aiohttp/multipart.py\nindex 227be605c..71fc2654a 100644\n--- a/aiohttp/multipart.py\n+++ b/aiohttp/multipart.py\n@@ -338,6 +338,8 @@ class BodyPartReader:\n         assert self._length is not None, \"Content-Length required for chunked read\"\n         chunk_size = min(size, self._length - self._read_bytes)\n         chunk = await self._content.read(chunk_size)\n+        if self._content.at_eof():\n+            self._at_eof = True\n         return chunk\n \n     async def _read_chunk_from_stream(self, size: int) -> bytes:\n```\n\nThis does however introduce some very minor issues with handling form data. So, if possible, it would be recommended to also backport the changes in:\nhttps://github.com/aio-libs/aiohttp/commit/cebe526b9c34dc3a3da9140409db63014bc4cf19\nhttps://github.com/aio-libs/aiohttp/commit/7eecdff163ccf029fbb1ddc9de4169d4aaeb6597\nhttps://github.com/aio-libs/aiohttp/commit/f21c6f2ca512a026ce7f0f6c6311f62d6a638866",
    "permalink": "https://github.com/advisories/GHSA-5m98-qgg9-wh84",
    "publishedAt": "2024-05-03T17:29:54Z",
    "withdrawnAt": null,
    "identifiers": [
        {
            "type": "GHSA",
            "value": "GHSA-5m98-qgg9-wh84"
        },
        {
            "type": "CVE",
            "value": "CVE-2024-30251"
        }
    ]
}