{
    "ghsaId": "GHSA-337x-4q8g-prc5",
    "severity": "HIGH",
    "summary": "Improper Input Validation in Django",
    "description": "In Django 1.11.x before 1.11.18, 2.0.x before 2.0.10, and 2.1.x before 2.1.5, an Improper Neutralization of Special Elements in Output Used by a Downstream Component issue exists in `django.views.defaults.page_not_found()`, leading to content spoofing (in a 404 error page) if a user fails to recognize that a crafted URL has malicious content.",
    "permalink": "https://github.com/advisories/GHSA-337x-4q8g-prc5",
    "publishedAt": "2019-01-14T16:20:05Z",
    "withdrawnAt": null,
    "identifiers": [
        {
            "type": "GHSA",
            "value": "GHSA-337x-4q8g-prc5"
        },
        {
            "type": "CVE",
            "value": "CVE-2019-3498"
        }
    ]
}