{
    "ghsaId": "GHSA-7vhh-gfjc-x8rm",
    "severity": "HIGH",
    "summary": "MindsDB Deserialization of Untrusted Data vulnerability",
    "description": "Deserialization of untrusted data can occur in versions 23.10.3.0 and newer of the MindsDB platform, enabling a maliciously uploaded \u2018inhouse\u2019 model to run arbitrary code on the server when a \u2018describe\u2019 query is run on it.",
    "permalink": "https://github.com/advisories/GHSA-7vhh-gfjc-x8rm",
    "publishedAt": "2024-09-12T15:33:01Z",
    "withdrawnAt": null,
    "identifiers": [
        {
            "type": "GHSA",
            "value": "GHSA-7vhh-gfjc-x8rm"
        },
        {
            "type": "CVE",
            "value": "CVE-2024-45854"
        }
    ]
}