{
    "ghsaId": "GHSA-5c9c-6x87-f9vm",
    "severity": "HIGH",
    "summary": "zstd vulnerable to buffer overrun",
    "description": "A vulnerability was found in zstd v1.4.10, where an attacker can supply an empty string as an argument to the command line tool to cause buffer overrun.",
    "permalink": "https://github.com/advisories/GHSA-5c9c-6x87-f9vm",
    "publishedAt": "2023-03-31T21:30:37Z",
    "withdrawnAt": null,
    "identifiers": [
        {
            "type": "GHSA",
            "value": "GHSA-5c9c-6x87-f9vm"
        },
        {
            "type": "CVE",
            "value": "CVE-2022-4899"
        }
    ]
}