{
    "ghsaId": "GHSA-4fgp-7vvm-m4jf",
    "severity": "HIGH",
    "summary": "Refuel Autolab Eval Injection vulnerability",
    "description": "An arbitrary code execution vulnerability exists in versions 0.0.8 and newer of the Refuel Autolabel library because of the way its multilabel classification tasks handle provided CSV files. If a user creates a multilabel classification task using a maliciously crafted CSV file containing Python code, the code will be passed to an eval function which executes it.",
    "permalink": "https://github.com/advisories/GHSA-4fgp-7vvm-m4jf",
    "publishedAt": "2024-09-12T15:33:00Z",
    "withdrawnAt": null,
    "identifiers": [
        {
            "type": "GHSA",
            "value": "GHSA-4fgp-7vvm-m4jf"
        },
        {
            "type": "CVE",
            "value": "CVE-2024-27321"
        }
    ]
}