{
    "ghsaId": "GHSA-77pw-c3j2-5fc8",
    "severity": "HIGH",
    "summary": "Plaintext password leak in Apache Superset",
    "description": "In the course of work on the open source project it was discovered that authenticated users running queries against Hive and Presto database engines could access information via a number of templated fields including the contents of query description metadata database, the hashed version of the authenticated users\u2019 password, and access to connection information including the plaintext password for the current connection. It would also be possible to run arbitrary methods on the database connection object for the Presto or Hive connection, allowing the user to bypass security controls internal to Superset. This vulnerability is present in every Apache Superset version < 0.37.2.",
    "permalink": "https://github.com/advisories/GHSA-77pw-c3j2-5fc8",
    "publishedAt": "2021-04-30T17:34:03Z",
    "withdrawnAt": null,
    "identifiers": [
        {
            "type": "GHSA",
            "value": "GHSA-77pw-c3j2-5fc8"
        },
        {
            "type": "CVE",
            "value": "CVE-2020-13952"
        }
    ]
}