{
    "ghsaId": "GHSA-43c4-9qgj-x742",
    "severity": "HIGH",
    "summary": "MLFlow unsafe deserialization",
    "description": "Deserialization of untrusted data can occur in versions of the MLflow platform running version 1.1.0 or newer, enabling a maliciously uploaded scikit-learn model to run arbitrary code on an end user\u2019s system when interacted with.",
    "permalink": "https://github.com/advisories/GHSA-43c4-9qgj-x742",
    "publishedAt": "2024-06-04T12:31:04Z",
    "withdrawnAt": null,
    "identifiers": [
        {
            "type": "GHSA",
            "value": "GHSA-43c4-9qgj-x742"
        },
        {
            "type": "CVE",
            "value": "CVE-2024-37053"
        }
    ]
}