{
    "ghsaId": "GHSA-77gc-v2xv-rvvh",
    "severity": "HIGH",
    "summary": "Out-of-bounds Read in Pillow",
    "description": "An issue was discovered in Pillow before 8.2.0. There is an out-of-bounds read in J2kDecode, in j2ku_graya_la.",
    "permalink": "https://github.com/advisories/GHSA-77gc-v2xv-rvvh",
    "publishedAt": "2021-06-08T18:49:02Z",
    "withdrawnAt": null,
    "identifiers": [
        {
            "type": "GHSA",
            "value": "GHSA-77gc-v2xv-rvvh"
        },
        {
            "type": "CVE",
            "value": "CVE-2021-25287"
        }
    ]
}