{
    "ghsaId": "GHSA-93vr-9q9m-pj8p",
    "severity": "HIGH",
    "summary": "TensorFlow vulnerable to Out-of-Bounds Read in DynamicStitch",
    "description": "### Impact\nIf the parameter `indices` for `DynamicStitch` does not match the shape of the parameter `data`, it can trigger an stack OOB read.\n\n```python\nimport tensorflow as tf\nfunc = tf.raw_ops.DynamicStitch\npara={'indices': [[0xdeadbeef], [405], [519], [758], [1015]], 'data': [[110.27793884277344], [120.29475402832031], [157.2418212890625], [157.2626953125], [188.45382690429688]]}\ny = func(**para)\n```\n\n### Patches\nWe have patched the issue in GitHub commit [ee004b18b976eeb5a758020af8880236cd707d05](https://github.com/tensorflow/tensorflow/commit/ee004b18b976eeb5a758020af8880236cd707d05).\n\nThe fix will be included in TensorFlow 2.12. We will also cherrypick this commit on TensorFlow 2.11.1.\n\n\n### For more information\nPlease consult [our security guide](https://github.com/tensorflow/tensorflow/blob/master/SECURITY.md) for more information regarding the security model and how to contact us with issues and questions.\n\n\n### Attribution\nThis has been reported via Google OSS VRP.",
    "permalink": "https://github.com/advisories/GHSA-93vr-9q9m-pj8p",
    "publishedAt": "2023-03-24T21:58:53Z",
    "withdrawnAt": null,
    "identifiers": [
        {
            "type": "GHSA",
            "value": "GHSA-93vr-9q9m-pj8p"
        },
        {
            "type": "CVE",
            "value": "CVE-2023-25659"
        }
    ]
}