{
    "ghsaId": "GHSA-4hh5-2678-83fx",
    "severity": "HIGH",
    "summary": "Cross-Site Request Forgery vulnerability in Prefect",
    "description": "An attacker is able to steal secrets and potentially gain remote code execution via CSRF using a self-hosted, open source Prefect API.",
    "permalink": "https://github.com/advisories/GHSA-4hh5-2678-83fx",
    "publishedAt": "2023-11-16T18:30:31Z",
    "withdrawnAt": null,
    "identifiers": [
        {
            "type": "GHSA",
            "value": "GHSA-4hh5-2678-83fx"
        },
        {
            "type": "CVE",
            "value": "CVE-2023-6022"
        }
    ]
}