{
    "ghsaId": "GHSA-8w49-h785-mj3c",
    "severity": "HIGH",
    "summary": "Tornado has an HTTP cookie parsing DoS vulnerability",
    "description": "The algorithm used for parsing HTTP cookies in Tornado versions prior to 6.4.2 sometimes has quadratic complexity, leading to excessive CPU consumption when parsing maliciously-crafted cookie headers. This parsing occurs in the event loop thread and may block the processing of other requests.\n\nSee also CVE-2024-7592 for a similar vulnerability in cpython.",
    "permalink": "https://github.com/advisories/GHSA-8w49-h785-mj3c",
    "publishedAt": "2024-11-22T20:26:41Z",
    "withdrawnAt": null,
    "identifiers": [
        {
            "type": "GHSA",
            "value": "GHSA-8w49-h785-mj3c"
        },
        {
            "type": "CVE",
            "value": "CVE-2024-52804"
        }
    ]
}