{
    "ghsaId": "GHSA-99w2-67h8-5948",
    "severity": "HIGH",
    "summary": "Aim Cross-Site Request Forgery vulnerability allows user to delete runs and perform other operations",
    "description": "aimhubio/aim is vulnerable to Cross-Site Request Forgery (CSRF), allowing attackers to perform actions such as deleting runs, updating data, and stealing data like log records and notes without the user's consent. The vulnerability stems from the lack of CSRF and CORS protection in the aim dashboard. An attacker can exploit this by tricking a user into executing a malicious script that sends unauthorized requests to the aim server, leading to potential data loss and unauthorized data manipulation.",
    "permalink": "https://github.com/advisories/GHSA-99w2-67h8-5948",
    "publishedAt": "2024-04-10T18:30:48Z",
    "withdrawnAt": null,
    "identifiers": [
        {
            "type": "GHSA",
            "value": "GHSA-99w2-67h8-5948"
        },
        {
            "type": "CVE",
            "value": "CVE-2024-2196"
        }
    ]
}