{
    "ghsaId": "GHSA-3v99-hpv7-9hh9",
    "severity": "HIGH",
    "summary": "Capstone Integer overflow",
    "description": "Integer overflow in the cs_winkernel_malloc function in winkernel_mm.c in Capstone 3.0.4 and earlier allows attackers to cause a denial of service (heap-based buffer overflow in a kernel driver) or possibly have unspecified other impact via a large value.",
    "permalink": "https://github.com/advisories/GHSA-3v99-hpv7-9hh9",
    "publishedAt": "2022-05-17T02:51:51Z",
    "withdrawnAt": null,
    "identifiers": [
        {
            "type": "GHSA",
            "value": "GHSA-3v99-hpv7-9hh9"
        },
        {
            "type": "CVE",
            "value": "CVE-2017-6952"
        }
    ]
}