{
    "ghsaId": "GHSA-2q4g-wfm6-5fpm",
    "severity": "HIGH",
    "summary": "SaltStack Improper Verification of Cryptographic Signature",
    "description": "An issue was discovered in SaltStack Salt in versions before 3002.8, 3003.4, 3004.1. Salt Masters do not sign pillar data with the minion\u2019s public key, which can result in attackers substituting arbitrary pillar data.",
    "permalink": "https://github.com/advisories/GHSA-2q4g-wfm6-5fpm",
    "publishedAt": "2022-03-30T00:00:20Z",
    "withdrawnAt": null,
    "identifiers": [
        {
            "type": "GHSA",
            "value": "GHSA-2q4g-wfm6-5fpm"
        },
        {
            "type": "CVE",
            "value": "CVE-2022-22934"
        }
    ]
}