{
    "ghsaId": "GHSA-22x7-vwh9-5w4g",
    "severity": "HIGH",
    "summary": "LIEF heap-buffer-overflow",
    "description": "An issue was discovered in LIEF prior to version 0.11.0. A heap-buffer-overflow exists in the function main located in `pe_reader.c`. It allows an attacker to cause code Execution.",
    "permalink": "https://github.com/advisories/GHSA-22x7-vwh9-5w4g",
    "publishedAt": "2022-05-24T19:15:12Z",
    "withdrawnAt": null,
    "identifiers": [
        {
            "type": "GHSA",
            "value": "GHSA-22x7-vwh9-5w4g"
        },
        {
            "type": "CVE",
            "value": "CVE-2021-32297"
        }
    ]
}