{
    "ghsaId": "GHSA-85q9-7467-r53q",
    "severity": "HIGH",
    "summary": "XSS Vulnerability in Markdown Editor",
    "description": "### Impact\n\nInvenTree uses [EasyMDE](https://github.com/Ionaru/easy-markdown-editor) for displaying markdown text in various places (e.g. for the various \"notes\" fields associated with various models).\n\nBy default, EasyMDE does not sanitize input data, and it is possible for malicious code to be injected into the markdown editor, and executed in the users browser.\n\n*Note: This malicious data must be first uploaded to the database by an authorized user, so the risk here is limited to trusted users*\n\n### Solution\n\nThe solution here is two-fold:\n\n- Enable data sanitization for the EasyMDE renderer - [#3205](https://github.com/inventree/InvenTree/pull/3205)\n- Enforce cleaning of all data uploaded to the database via the API - [#3204](https://github.com/inventree/InvenTree/pull/3204) *(This will be ready for the 0.8.0 release)*\n\n### Patches\n\n- The issue is addressed in the upcoming 0.8.0 release\n- This fix will also be back-ported to the 0.7.x branch, applied to the 0.7.3 release\n\n### Workarounds\n\nThere is no workaround for this issue without upgrading InvenTree to the specified version.\n\n### References\n\n- https://huntr.dev/bounties/ab296cf5-7a3e-4f49-8f63-5b35fc707f03/\n\n### For more information\n\nIf you have any questions or comments about this advisory:\n\n* Open an issue in [github](http://github.com/inventree/inventree)\n* Email us at [security@inventree.org](mailto:security@inventree.org)\n",
    "permalink": "https://github.com/advisories/GHSA-85q9-7467-r53q",
    "publishedAt": "2022-06-17T21:51:45Z",
    "withdrawnAt": null,
    "identifiers": [
        {
            "type": "GHSA",
            "value": "GHSA-85q9-7467-r53q"
        }
    ]
}