{
    "ghsaId": "GHSA-6xgj-c5fx-5v57",
    "severity": "HIGH",
    "summary": "DB-GPT Uncontrolled Resource Consumption vulnerability",
    "description": "A Denial of Service (DoS) vulnerability in the multipart request boundary processing mechanism of eosphoros-ai/db-gpt v0.6.0 allows unauthenticated attackers to cause excessive resource consumption. The server fails to handle excessive characters appended to the end of multipart boundaries, leading to an infinite loop and complete denial of service for all users. This vulnerability affects all endpoints processing multipart/form-data requests.",
    "permalink": "https://github.com/advisories/GHSA-6xgj-c5fx-5v57",
    "publishedAt": "2025-03-20T12:32:40Z",
    "withdrawnAt": null,
    "identifiers": [
        {
            "type": "GHSA",
            "value": "GHSA-6xgj-c5fx-5v57"
        },
        {
            "type": "CVE",
            "value": "CVE-2024-10829"
        }
    ]
}