{
    "ghsaId": "GHSA-6f6x-f56q-5xgv",
    "severity": "HIGH",
    "summary": "InvokeAI has Denial of Service (DoS) vulnerability in `/api/v1/images/upload`",
    "description": "A Denial of Service (DoS) vulnerability in the multipart request boundary processing mechanism of the Invoke-AI server (version v5.0.1) allows unauthenticated attackers to cause excessive resource consumption. The server fails to handle excessive characters appended to the end of multipart boundaries, leading to an infinite loop and a complete denial of service for all users. The affected endpoint is `/api/v1/images/upload`.",
    "permalink": "https://github.com/advisories/GHSA-6f6x-f56q-5xgv",
    "publishedAt": "2025-03-20T12:32:40Z",
    "withdrawnAt": null,
    "identifiers": [
        {
            "type": "GHSA",
            "value": "GHSA-6f6x-f56q-5xgv"
        },
        {
            "type": "CVE",
            "value": "CVE-2024-10821"
        }
    ]
}