{
    "ghsaId": "GHSA-47wv-vhj2-g66m",
    "severity": "HIGH",
    "summary": "Use of insecure temporary file in Horovod",
    "description": "### Impact\nThe insecure `tempfile.mktemp()` is used when Horovod is run in an LSF job with `jsrun`. In that situation, a jsrun rank file is created with `mktemp`, which could be hijacked by another process to read or manipulate the content.\n\nThis issue does not impact the use of MPI, Gloo, Spark or Ray.\n\n### Patches\nThe problem has been fixed in [b96ecae4](https://github.com/horovod/horovod/commit/b96ecae4dc69fc0a83c7c2d3f1dde600c20a1b41).\n\n### Workarounds\nThe rank file is not created when `binding_args` are provided in the `Settings` instance.\n\n### References\nPlease see https://github.com/horovod/horovod/pull/3358 for details.\n\n### For more information\nIf you have any questions or comments about this advisory:\n* Open an issue in [https://github.com/horovod/horovod](https://github.com/horovod/horovod/issues/new/choose)",
    "permalink": "https://github.com/advisories/GHSA-47wv-vhj2-g66m",
    "publishedAt": "2022-03-29T19:18:32Z",
    "withdrawnAt": null,
    "identifiers": [
        {
            "type": "GHSA",
            "value": "GHSA-47wv-vhj2-g66m"
        },
        {
            "type": "CVE",
            "value": "CVE-2022-0315"
        }
    ]
}