{
    "ghsaId": "GHSA-6h4q-63c5-qfqf",
    "severity": "HIGH",
    "summary": "Path traversal in flaskcode",
    "description": "An issue was discovered in the flaskcode package through 0.0.8 for Python. An unauthenticated directory traversal, exploitable with a GET request to a /resource-data/<file_path>.txt URI (from views.py), allows attackers to read arbitrary files.",
    "permalink": "https://github.com/advisories/GHSA-6h4q-63c5-qfqf",
    "publishedAt": "2024-01-13T06:30:26Z",
    "withdrawnAt": null,
    "identifiers": [
        {
            "type": "GHSA",
            "value": "GHSA-6h4q-63c5-qfqf"
        },
        {
            "type": "CVE",
            "value": "CVE-2023-52288"
        }
    ]
}