{
    "ghsaId": "GHSA-46x4-9jmv-jc8p",
    "severity": "HIGH",
    "summary": "Django Access Restrictions Bypass ",
    "description": "Django 1.9.x before 1.9.2, when `ModelAdmin.save_as` is set to True, allows remote authenticated users to bypass intended access restrictions and create ModelAdmin objects via the \"Save as New\" option when editing objects and leveraging the \"change\" permission.",
    "permalink": "https://github.com/advisories/GHSA-46x4-9jmv-jc8p",
    "publishedAt": "2022-05-17T03:43:00Z",
    "withdrawnAt": null,
    "identifiers": [
        {
            "type": "GHSA",
            "value": "GHSA-46x4-9jmv-jc8p"
        },
        {
            "type": "CVE",
            "value": "CVE-2016-2048"
        }
    ]
}