{
    "ghsaId": "GHSA-2h84-3crq-vgfj",
    "severity": "HIGH",
    "summary": "Apache Airflow Incorrect Authorization vulnerability",
    "description": "Apache Airflow, versions before 2.6.3, is affected by a vulnerability that allows unauthorized read access to a DAG through the URL.\u00a0It is recommended to upgrade to a version that is not affected",
    "permalink": "https://github.com/advisories/GHSA-2h84-3crq-vgfj",
    "publishedAt": "2023-07-12T12:31:36Z",
    "withdrawnAt": null,
    "identifiers": [
        {
            "type": "GHSA",
            "value": "GHSA-2h84-3crq-vgfj"
        },
        {
            "type": "CVE",
            "value": "CVE-2023-35908"
        }
    ]
}