{
    "ghsaId": "GHSA-6cw3-g6wv-c2xv",
    "severity": "HIGH",
    "summary": "Infinite Loop in Django",
    "description": "An issue was discovered in MultiPartParser in Django 2.2 before 2.2.27, 3.2 before 3.2.12, and 4.0 before 4.0.2. Passing certain inputs to multipart forms could result in an infinite loop when parsing files.",
    "permalink": "https://github.com/advisories/GHSA-6cw3-g6wv-c2xv",
    "publishedAt": "2022-02-04T00:00:26Z",
    "withdrawnAt": null,
    "identifiers": [
        {
            "type": "GHSA",
            "value": "GHSA-6cw3-g6wv-c2xv"
        },
        {
            "type": "CVE",
            "value": "CVE-2022-23833"
        }
    ]
}