{
    "ghsaId": "GHSA-5rv5-6h4r-h22v",
    "severity": "HIGH",
    "summary": "opentelemetry-instrumentation Denial of Service vulnerability due to unbound cardinality metrics",
    "description": "### Summary\nAutoinstrumentation out of the box adds the label `http_method` that has unbound cardinality. It leads to the server's potential memory exhaustion when many malicious requests are sent.\n\n### Details\nHTTP method for requests can be easily set by an attacker to be random and long.\n\n### PoC\nSend many requests with long randomly generated HTTP methods and observe how memory consumption increases during it. The app can be like [this example from the official docs](https://opentelemetry-python-contrib.readthedocs.io/en/latest/instrumentation/flask/flask.html#id1).\n\n### Impact\nIn order to be affected program has to be instrumented for HTTP handlers and does not filter any unknown HTTP methods on the level of CDN, LB, previous middleware, etc.\n\n### Proposed solution\nFor convenience and safe usage of this library, it should by default mark with the label `UNKNOWN` non-standard HTTP methods to show that such requests were made (and this way does not increase cardinality). In case someone wants to stay with the current behavior, library API should allow it. The mechanism with environment variables can be reused - introduce the variable `OTEL_INSTRUMENTATION_HTTP_CAPTURE_ALL_METHODS` that will allow enabling current behavior when someone really wants it. \n\n\n",
    "permalink": "https://github.com/advisories/GHSA-5rv5-6h4r-h22v",
    "publishedAt": "2023-10-02T23:29:42Z",
    "withdrawnAt": null,
    "identifiers": [
        {
            "type": "GHSA",
            "value": "GHSA-5rv5-6h4r-h22v"
        },
        {
            "type": "CVE",
            "value": "CVE-2023-43810"
        }
    ]
}