{
    "ghsaId": "GHSA-75v5-6885-59f9",
    "severity": "HIGH",
    "summary": "AgentScope Cross-Origin Resource Sharing (CORS) vulnerability",
    "description": "A Cross-Origin Resource Sharing (CORS) vulnerability exists in modelscope/agentscope version v0.0.4. The CORS configuration on the agentscope server does not properly restrict access to only trusted origins, allowing any external domain to make requests to the API. This can lead to unauthorized data access, information disclosure, and potential further exploitation, thereby compromising the integrity and confidentiality of the system.",
    "permalink": "https://github.com/advisories/GHSA-75v5-6885-59f9",
    "publishedAt": "2025-03-20T12:32:48Z",
    "withdrawnAt": null,
    "identifiers": [
        {
            "type": "GHSA",
            "value": "GHSA-75v5-6885-59f9"
        },
        {
            "type": "CVE",
            "value": "CVE-2024-8487"
        }
    ]
}