{
    "ghsaId": "GHSA-34wj-p5jm-2p96",
    "severity": "HIGH",
    "summary": "Improper Restriction of XML External Entity Reference in python-docx",
    "description": "python-docx before 0.8.6 allows context-dependent attackers to conduct XML External Entity (XXE) attacks via a crafted document.",
    "permalink": "https://github.com/advisories/GHSA-34wj-p5jm-2p96",
    "publishedAt": "2022-05-13T01:06:10Z",
    "withdrawnAt": null,
    "identifiers": [
        {
            "type": "GHSA",
            "value": "GHSA-34wj-p5jm-2p96"
        },
        {
            "type": "CVE",
            "value": "CVE-2016-5851"
        }
    ]
}