{
    "ghsaId": "GHSA-32pc-xphx-q4f6",
    "severity": "HIGH",
    "summary": "Gunicorn contains Improper Neutralization of CRLF sequences in HTTP headers",
    "description": "gunicorn version 19.4.5 contains a CWE-113: Improper Neutralization of CRLF Sequences in HTTP Headers vulnerability in \"process_headers\" function in \"gunicorn/http/wsgi.py\" that can result in an attacker causing the server to return arbitrary HTTP headers. This vulnerability appears to have been fixed in 19.5.0.",
    "permalink": "https://github.com/advisories/GHSA-32pc-xphx-q4f6",
    "publishedAt": "2018-07-12T20:30:49Z",
    "withdrawnAt": null,
    "identifiers": [
        {
            "type": "GHSA",
            "value": "GHSA-32pc-xphx-q4f6"
        },
        {
            "type": "CVE",
            "value": "CVE-2018-1000164"
        }
    ]
}