{
    "ghsaId": "GHSA-3f95-mxq2-2f63",
    "severity": "HIGH",
    "summary": "Gradio Local File Inclusion vulnerability",
    "description": "gradio-app/gradio is vulnerable to a local file inclusion vulnerability due to improper validation of user-supplied input in the UploadButton component. Attackers can exploit this vulnerability to read arbitrary files on the filesystem, such as private SSH keys, by manipulating the file path in the request to the `/queue/join` endpoint. This issue could potentially lead to remote code execution. The vulnerability is present in the handling of file upload paths, allowing attackers to redirect file uploads to unintended locations on the server.",
    "permalink": "https://github.com/advisories/GHSA-3f95-mxq2-2f63",
    "publishedAt": "2024-04-10T18:30:48Z",
    "withdrawnAt": null,
    "identifiers": [
        {
            "type": "GHSA",
            "value": "GHSA-3f95-mxq2-2f63"
        },
        {
            "type": "CVE",
            "value": "CVE-2024-1728"
        }
    ]
}