{
    "ghsaId": "GHSA-5m22-cfq9-86x6",
    "severity": "HIGH",
    "summary": "Pickle serialization vulnerable to Deserialization of Untrusted Data",
    "description": "### What\nWe are using pickle as default serialization module but that has known security issues (see e.g. https://medium.com/ochrona/python-pickle-is-notoriously-insecure-d6651f1974c9). \n\nIn summary, it is not advisable to open Pickles that you create yourself locally. In vantage6, algorithms use pickles to send aggregated data around and to pack algorithm input or output. All of the Python algorithms that use the wrappers with default serialization are therefore vulnerable to this issue.\n\nSolution: we should use JSON instead\n\n### Impact\nAll users of vantage6 that post tasks with algorithms that use the default serialization. The default serialization is used by default with all algorithm wrappers.\n\n### Patches\nNot yet\n\n### Workarounds\nSpecify JSON serialization\n\n",
    "permalink": "https://github.com/advisories/GHSA-5m22-cfq9-86x6",
    "publishedAt": "2023-10-13T19:25:39Z",
    "withdrawnAt": null,
    "identifiers": [
        {
            "type": "GHSA",
            "value": "GHSA-5m22-cfq9-86x6"
        },
        {
            "type": "CVE",
            "value": "CVE-2023-23930"
        }
    ]
}