{
    "ghsaId": "GHSA-8936-44gw-7664",
    "severity": "HIGH",
    "summary": "TripleO Heat templates might allow remote attackers to obtain sensitive information from private containers",
    "description": "The TripleO Heat templates (tripleo-heat-templates) do not properly order the Identity Service (keystone) before the OpenStack Object Storage (Swift) staticweb middleware in the swiftproxy pipeline when the staticweb middleware is enabled, which might allow remote attackers to obtain sensitive information from private containers via unspecified vectors.",
    "permalink": "https://github.com/advisories/GHSA-8936-44gw-7664",
    "publishedAt": "2022-05-17T03:56:29Z",
    "withdrawnAt": null,
    "identifiers": [
        {
            "type": "GHSA",
            "value": "GHSA-8936-44gw-7664"
        },
        {
            "type": "CVE",
            "value": "CVE-2015-5271"
        }
    ]
}