{
    "ghsaId": "GHSA-56wv-2wr9-3h9r",
    "severity": "HIGH",
    "summary": "Improper Verification of Cryptographic Signature in fastecdsa",
    "description": "An issue was discovered in fastecdsa before 2.1.2. When using the NIST P-256 curve in the ECDSA implementation, the point at infinity is mishandled. This means that for an extreme value in k and s<sup>-1</sup>, the signature verification fails even if the signature is correct. This behavior is not solely a usability problem. There are some threat models where an attacker can benefit by successfully guessing users for whom signature verification will fail.",
    "permalink": "https://github.com/advisories/GHSA-56wv-2wr9-3h9r",
    "publishedAt": "2021-10-12T16:30:37Z",
    "withdrawnAt": null,
    "identifiers": [
        {
            "type": "GHSA",
            "value": "GHSA-56wv-2wr9-3h9r"
        },
        {
            "type": "CVE",
            "value": "CVE-2020-12607"
        }
    ]
}