{
    "ghsaId": "GHSA-7hfx-h3j3-rwq4",
    "severity": "HIGH",
    "summary": "D-Tale server-side request forgery through Web uploads",
    "description": "### Impact\nUsers hosting D-Tale publicly can be vulnerable to server-side request forgery (SSRF) allowing attackers to access files on the server.\n\n### Patches\nUsers should upgrade to version 3.9.0 where the \"Load From the Web\" input is turned off by default. You can find out more information on how to turn it back on [here](https://github.com/man-group/dtale?tab=readme-ov-file#load-data--sample-datasets)\n\n### Workarounds\nThe only workaround for versions earlier than 3.9.0 is to only host D-Tale to trusted users.\n\n### References\nSee \"Load Data & Sample Datasets\" [documentation](https://github.com/man-group/dtale?tab=readme-ov-file#load-data--sample-datasets)\n",
    "permalink": "https://github.com/advisories/GHSA-7hfx-h3j3-rwq4",
    "publishedAt": "2024-01-05T21:21:40Z",
    "withdrawnAt": null,
    "identifiers": [
        {
            "type": "GHSA",
            "value": "GHSA-7hfx-h3j3-rwq4"
        },
        {
            "type": "CVE",
            "value": "CVE-2024-21642"
        }
    ]
}