{
    "ghsaId": "GHSA-9cmq-pj6p-hgwf",
    "severity": "HIGH",
    "summary": "Zope does not properly restrict access to the getRoles method",
    "description": "Zope before 2.2.1 does not properly restrict access to the getRoles method, which allows users who can edit DTML to add or modify roles by modifying the roles list that is included in a request.",
    "permalink": "https://github.com/advisories/GHSA-9cmq-pj6p-hgwf",
    "publishedAt": "2022-04-30T18:14:11Z",
    "withdrawnAt": null,
    "identifiers": [
        {
            "type": "GHSA",
            "value": "GHSA-9cmq-pj6p-hgwf"
        },
        {
            "type": "CVE",
            "value": "CVE-2000-0725"
        }
    ]
}