{
    "ghsaId": "GHSA-6m8p-x4qw-gh5j",
    "severity": "HIGH",
    "summary": "Insufficient Session Expiration in OpenStack Keystone",
    "description": "An issue was discovered in OpenStack Keystone before 15.0.1, and 16.0.0. The list of roles provided for an OAuth1 access token is silently ignored. Thus, when an access token is used to request a keystone token, the keystone token contains every role assignment the creator had for the project. This results in the provided keystone token having more role assignments than the creator intended, possibly giving unintended escalated access.",
    "permalink": "https://github.com/advisories/GHSA-6m8p-x4qw-gh5j",
    "publishedAt": "2021-06-09T17:34:09Z",
    "withdrawnAt": null,
    "identifiers": [
        {
            "type": "GHSA",
            "value": "GHSA-6m8p-x4qw-gh5j"
        },
        {
            "type": "CVE",
            "value": "CVE-2020-12690"
        }
    ]
}