{
    "ghsaId": "GHSA-4258-vcjw-wwxx",
    "severity": "HIGH",
    "summary": "furlongm openvpn-monitor command injection",
    "description": "furlongm openvpn-monitor through 1.1.3 allows `%0a` command injection via the OpenVPN management interface socket. This can shut down the server via signal `SIGTERM`.",
    "permalink": "https://github.com/advisories/GHSA-4258-vcjw-wwxx",
    "publishedAt": "2022-05-24T19:15:55Z",
    "withdrawnAt": null,
    "identifiers": [
        {
            "type": "GHSA",
            "value": "GHSA-4258-vcjw-wwxx"
        },
        {
            "type": "CVE",
            "value": "CVE-2021-31605"
        }
    ]
}