{
    "ghsaId": "GHSA-7xmc-vhjp-qv5q",
    "severity": "HIGH",
    "summary": "Gradio Vulnerable to Denial of Service (DoS) via Crafted Zip Bomb",
    "description": "A vulnerability in the dataframe component of gradio-app/gradio (version git 98cbcae) allows for a zip bomb attack. The component uses pd.read_csv to process input values, which can accept compressed files. An attacker can exploit this by uploading a maliciously crafted zip bomb, leading to a server crash and causing a denial of service.",
    "permalink": "https://github.com/advisories/GHSA-7xmc-vhjp-qv5q",
    "publishedAt": "2025-03-20T12:32:39Z",
    "withdrawnAt": null,
    "identifiers": [
        {
            "type": "GHSA",
            "value": "GHSA-7xmc-vhjp-qv5q"
        },
        {
            "type": "CVE",
            "value": "CVE-2024-10569"
        }
    ]
}