{
    "ghsaId": "GHSA-8mrm-r7h3-c3hj",
    "severity": "HIGH",
    "summary": "LoLLMS vulnerable to Expected Behavior Violation",
    "description": "A path traversal vulnerability exists in the `apply_settings` function of parisneo/lollms versions prior to 9.5.1. The `sanitize_path` function does not adequately secure the `discussion_db_name` parameter, allowing attackers to manipulate the path and potentially write to important system folders.",
    "permalink": "https://github.com/advisories/GHSA-8mrm-r7h3-c3hj",
    "publishedAt": "2024-07-20T06:30:35Z",
    "withdrawnAt": null,
    "identifiers": [
        {
            "type": "GHSA",
            "value": "GHSA-8mrm-r7h3-c3hj"
        },
        {
            "type": "CVE",
            "value": "CVE-2024-6281"
        }
    ]
}