{
    "ghsaId": "GHSA-33h2-69j3-r336",
    "severity": "HIGH",
    "summary": "Out-of-bounds Read in OpenCV ",
    "description": "OpenCV (Open Source Computer Vision Library) through 3.3 (corresponding to OpenCV-Python 3.3.0.9) has an out-of-bounds read error in the cv::RBaseStream::readBlock function in modules/imgcodecs/src/bitstrm.cpp when reading an image file by using cv::imread, as demonstrated by the 8-opencv-invalid-read-fread test case.",
    "permalink": "https://github.com/advisories/GHSA-33h2-69j3-r336",
    "publishedAt": "2021-10-12T22:00:51Z",
    "withdrawnAt": null,
    "identifiers": [
        {
            "type": "GHSA",
            "value": "GHSA-33h2-69j3-r336"
        },
        {
            "type": "CVE",
            "value": "CVE-2017-12598"
        }
    ]
}