{
    "ghsaId": "GHSA-3x58-8qmv-wqw5",
    "severity": "HIGH",
    "summary": "Aubio is vulnerable to out of bound read when samplerate > 50kHz",
    "description": "An issue was discovered in aubio 0.4.6. A buffer over-read can occur in `new_aubio_pitchyinfft` in `pitch/pitchyinfft.c` when the samplerate of the input file is larger than 50kHz.",
    "permalink": "https://github.com/advisories/GHSA-3x58-8qmv-wqw5",
    "publishedAt": "2022-05-13T01:49:58Z",
    "withdrawnAt": null,
    "identifiers": [
        {
            "type": "GHSA",
            "value": "GHSA-3x58-8qmv-wqw5"
        },
        {
            "type": "CVE",
            "value": "CVE-2018-14523"
        }
    ]
}