{
    "ghsaId": "GHSA-7g9h-c88w-r7h2",
    "severity": "CRITICAL",
    "summary": "Directory traversal in Django",
    "description": "Directory traversal vulnerability in Django 1.1.x before 1.1.4 and 1.2.x before 1.2.5 on Windows might allow remote attackers to read or execute files via a / (slash) character in a key in a session cookie, related to session replays.",
    "permalink": "https://github.com/advisories/GHSA-7g9h-c88w-r7h2",
    "publishedAt": "2018-07-23T19:52:31Z",
    "withdrawnAt": null,
    "identifiers": [
        {
            "type": "GHSA",
            "value": "GHSA-7g9h-c88w-r7h2"
        },
        {
            "type": "CVE",
            "value": "CVE-2011-0698"
        }
    ]
}