{
    "ghsaId": "GHSA-3mjj-mr4f-qxmx",
    "severity": "CRITICAL",
    "summary": "Mercurial mishandles integer addition and subtraction",
    "description": "`mpatch.c` in Mercurial before 4.6.1 mishandles integer addition and subtraction, aka OVE-20180430-0002.",
    "permalink": "https://github.com/advisories/GHSA-3mjj-mr4f-qxmx",
    "publishedAt": "2022-05-13T01:24:55Z",
    "withdrawnAt": null,
    "identifiers": [
        {
            "type": "GHSA",
            "value": "GHSA-3mjj-mr4f-qxmx"
        },
        {
            "type": "CVE",
            "value": "CVE-2018-13347"
        }
    ]
}