{
    "ghsaId": "GHSA-2hmp-5wqg-f24h",
    "severity": "CRITICAL",
    "summary": "PlotAI eval vulnerability",
    "description": "A vulnerability, that could result in Remote Code Execution (RCE), has been found in PlotAI. Lack of validation of LLM-generated output allows attacker to execute arbitrary Python code. PlotAI commented out vulnerable line, further usage of the software requires uncommenting it and thus accepting the risk.",
    "permalink": "https://github.com/advisories/GHSA-2hmp-5wqg-f24h",
    "publishedAt": "2025-03-10T15:30:47Z",
    "withdrawnAt": null,
    "identifiers": [
        {
            "type": "GHSA",
            "value": "GHSA-2hmp-5wqg-f24h"
        },
        {
            "type": "CVE",
            "value": "CVE-2025-1497"
        }
    ]
}