{
    "ghsaId": "GHSA-9w7f-m4j4-j3xw",
    "severity": "CRITICAL",
    "summary": "Gerapy may cause remote code execution",
    "description": "### Impact\n\nproject_configure function exist remote code execute in Gerapy < 0.9.8\n\n### Patches\n\nPatched in version 0.9.8, please install with:\n\n```\npip3 install -U gerapy\n```",
    "permalink": "https://github.com/advisories/GHSA-9w7f-m4j4-j3xw",
    "publishedAt": "2022-01-06T17:36:38Z",
    "withdrawnAt": null,
    "identifiers": [
        {
            "type": "GHSA",
            "value": "GHSA-9w7f-m4j4-j3xw"
        },
        {
            "type": "CVE",
            "value": "CVE-2021-43857"
        }
    ]
}