{
    "ghsaId": "GHSA-6v56-cpg6-3rpx",
    "severity": "CRITICAL",
    "summary": "Mercurial vulnerable to arbitrary code injection",
    "description": "In Mercurial before 4.4.1, it is possible that a specially malformed repository can cause Git subrepositories to run arbitrary code in the form of a `.git/hooks/post-update` script checked into the repository. Typical use of Mercurial prevents construction of such repositories, but they can be created programmatically.",
    "permalink": "https://github.com/advisories/GHSA-6v56-cpg6-3rpx",
    "publishedAt": "2022-05-13T01:24:56Z",
    "withdrawnAt": null,
    "identifiers": [
        {
            "type": "GHSA",
            "value": "GHSA-6v56-cpg6-3rpx"
        },
        {
            "type": "CVE",
            "value": "CVE-2017-17458"
        }
    ]
}