{
    "ghsaId": "GHSA-w7qg-j435-78qw",
    "severity": "CRITICAL",
    "summary": "Use of hard-coded, security-relevant constants in deepset-ai/haystack",
    "description": "Use of Hard-coded, Security-relevant Constants in GitHub repository deepset-ai/haystack in version 1.15.0 and prior. A patch is available at commit 5fc84904f198de661d5b933fde756aa922bf09f1.",
    "permalink": "https://github.com/advisories/GHSA-w7qg-j435-78qw",
    "publishedAt": "2023-03-30T12:30:15Z",
    "withdrawnAt": null,
    "identifiers": [
        {
            "type": "GHSA",
            "value": "GHSA-w7qg-j435-78qw"
        },
        {
            "type": "CVE",
            "value": "CVE-2023-1712"
        }
    ]
}