{
    "ghsaId": "GHSA-x64g-wjmw-w328",
    "severity": "CRITICAL",
    "summary": "Injection vulnerability that affects ironic-discoverd",
    "description": "OpenStack Ironic Inspector (aka ironic-inspector or ironic-discoverd), when debug mode is enabled, might allow remote attackers to access the Flask console and execute arbitrary Python code by triggering an error.",
    "permalink": "https://github.com/advisories/GHSA-x64g-wjmw-w328",
    "publishedAt": "2019-07-05T21:10:52Z",
    "withdrawnAt": null,
    "identifiers": [
        {
            "type": "GHSA",
            "value": "GHSA-x64g-wjmw-w328"
        },
        {
            "type": "CVE",
            "value": "CVE-2015-5306"
        }
    ]
}