{
    "ghsaId": "GHSA-6c5p-j8vq-pqhj",
    "severity": "CRITICAL",
    "summary": "python-jose algorithm confusion with OpenSSH ECDSA keys",
    "description": "python-jose through 3.3.0 has algorithm confusion with OpenSSH ECDSA keys and other key formats. This is similar to CVE-2022-29217.",
    "permalink": "https://github.com/advisories/GHSA-6c5p-j8vq-pqhj",
    "publishedAt": "2024-04-26T00:30:35Z",
    "withdrawnAt": null,
    "identifiers": [
        {
            "type": "GHSA",
            "value": "GHSA-6c5p-j8vq-pqhj"
        },
        {
            "type": "CVE",
            "value": "CVE-2024-33663"
        }
    ]
}