{
    "ghsaId": "GHSA-gjxm-x497-4h6h",
    "severity": "CRITICAL",
    "summary": "D-Tale Command Injection vulnerability",
    "description": "A vulnerability in man-group/dtale versions 3.15.1 allows an attacker to override global state settings to enable the `enable_custom_filters` feature, which is typically restricted to trusted environments. Once enabled, the attacker can exploit the /test-filter endpoint to execute arbitrary system commands, leading to remote code execution (RCE). This issue is addressed in version 3.16.1.",
    "permalink": "https://github.com/advisories/GHSA-gjxm-x497-4h6h",
    "publishedAt": "2025-03-20T12:32:52Z",
    "withdrawnAt": null,
    "identifiers": [
        {
            "type": "GHSA",
            "value": "GHSA-gjxm-x497-4h6h"
        },
        {
            "type": "CVE",
            "value": "CVE-2025-0655"
        }
    ]
}