{
    "ghsaId": "GHSA-9x6q-5423-w5v9",
    "severity": "CRITICAL",
    "summary": "Ansible fails to cache SSH host keys",
    "description": "Ansible before 1.2.1 makes it easier for remote attackers to conduct man-in-the-middle attacks by leveraging failure to cache SSH host keys.",
    "permalink": "https://github.com/advisories/GHSA-9x6q-5423-w5v9",
    "publishedAt": "2018-10-10T17:23:39Z",
    "withdrawnAt": null,
    "identifiers": [
        {
            "type": "GHSA",
            "value": "GHSA-9x6q-5423-w5v9"
        },
        {
            "type": "CVE",
            "value": "CVE-2013-2233"
        }
    ]
}