{
    "ghsaId": "GHSA-g67g-hvc3-xmvf",
    "severity": "CRITICAL",
    "summary": "Inconsistent input sanitisation leads to XSS vectors",
    "description": "### Background\n\nA variety of templates do not perform proper sanitization through HTML escaping.\nDue to the lack of sanitization and use of ``jQuery.html()``, there are a whole host of XSS possibilities with specially crafted input to a variety of fields.\n\n### Impact\n\nOMERO.web before 5.11.0 and OMERO.figure before 4.4.1.\n\n### Patches\nUsers should upgrade OMERO.web to 5.11.0 or higher and OMERO.figure to 4.4.1 or higher.",
    "permalink": "https://github.com/advisories/GHSA-g67g-hvc3-xmvf",
    "publishedAt": "2021-10-14T21:19:23Z",
    "withdrawnAt": null,
    "identifiers": [
        {
            "type": "GHSA",
            "value": "GHSA-g67g-hvc3-xmvf"
        },
        {
            "type": "CVE",
            "value": "CVE-2021-41132"
        }
    ]
}