{
    "ghsaId": "GHSA-8m9x-pxwq-j236",
    "severity": "CRITICAL",
    "summary": "Pillow command injection",
    "description": "Python Image Library (PIL) 1.1.7 and earlier and Pillow before 2.5.0 might allow remote attackers to execute arbitrary commands via shell metacharacters in unspecified vectors related to CVE-2014-1932, possibly JpegImagePlugin.py.",
    "permalink": "https://github.com/advisories/GHSA-8m9x-pxwq-j236",
    "publishedAt": "2022-05-17T04:45:39Z",
    "withdrawnAt": null,
    "identifiers": [
        {
            "type": "GHSA",
            "value": "GHSA-8m9x-pxwq-j236"
        },
        {
            "type": "CVE",
            "value": "CVE-2014-3007"
        }
    ]
}