{
    "ghsaId": "GHSA-w24h-v9qh-8gxj",
    "severity": "CRITICAL",
    "summary": "SQL Injection in Django",
    "description": "A SQL injection issue was discovered in `QuerySet.explain()` in Django 2.2 before 2.2.28, 3.2 before 3.2.13, and 4.0 before 4.0.4. This occurs by passing a crafted dictionary (with dictionary expansion) as the `**options` argument, and placing the injection payload in an option name.",
    "permalink": "https://github.com/advisories/GHSA-w24h-v9qh-8gxj",
    "publishedAt": "2022-04-13T00:00:33Z",
    "withdrawnAt": null,
    "identifiers": [
        {
            "type": "GHSA",
            "value": "GHSA-w24h-v9qh-8gxj"
        },
        {
            "type": "CVE",
            "value": "CVE-2022-28347"
        }
    ]
}