{
    "ghsaId": "GHSA-x2pc-fqrw-hc7f",
    "severity": "CRITICAL",
    "summary": "SatyaLab opendiamond 10.1.1 vulnerable to path traversal because Flask send_file function used unsafely",
    "description": "The cmusatyalab/opendiamond repository through 10.1.1 on GitHub allows absolute path traversal because the Flask send_file function is used unsafely. A patch is available on the `master` branch of the repository.",
    "permalink": "https://github.com/advisories/GHSA-x2pc-fqrw-hc7f",
    "publishedAt": "2022-07-12T00:00:57Z",
    "withdrawnAt": null,
    "identifiers": [
        {
            "type": "GHSA",
            "value": "GHSA-x2pc-fqrw-hc7f"
        },
        {
            "type": "CVE",
            "value": "CVE-2022-31506"
        }
    ]
}