{
    "ghsaId": "GHSA-w6xv-mf6f-r5f6",
    "severity": "CRITICAL",
    "summary": "Scalyr Agent Missing SSL Certificate Validation",
    "description": "The Scalyr Agent before 2.1.10 has Missing SSL Certificate Validation because, in some circumstances, the openssl binary is called without the -verify_hostname option.",
    "permalink": "https://github.com/advisories/GHSA-w6xv-mf6f-r5f6",
    "publishedAt": "2022-05-24T17:26:55Z",
    "withdrawnAt": null,
    "identifiers": [
        {
            "type": "GHSA",
            "value": "GHSA-w6xv-mf6f-r5f6"
        },
        {
            "type": "CVE",
            "value": "CVE-2020-24714"
        }
    ]
}