{
    "ghsaId": "GHSA-p4xh-4869-8vrg",
    "severity": "CRITICAL",
    "summary": "AdaptiveScale LXDUI Hardcoded JWT Secret Key",
    "description": "A Hardcoded JWT Secret Key in `__metadata__.py` metadata.py in AdaptiveScale LXDUI through 2.1.3 allows attackers to gain admin access to the host system.",
    "permalink": "https://github.com/advisories/GHSA-p4xh-4869-8vrg",
    "publishedAt": "2022-05-24T19:13:00Z",
    "withdrawnAt": null,
    "identifiers": [
        {
            "type": "GHSA",
            "value": "GHSA-p4xh-4869-8vrg"
        },
        {
            "type": "CVE",
            "value": "CVE-2021-40494"
        }
    ]
}