{
    "ghsaId": "GHSA-m956-frf4-m2wr",
    "severity": "CRITICAL",
    "summary": "Ansible is vulnerable to an improper input validation in Ansible's handling of data sent from client systems",
    "description": "Ansible before versions 2.1.4.0, 2.2.1.0 is vulnerable to an improper input validation in Ansible's handling of data sent from client systems. An attacker with control over a client system being managed by Ansible and the ability to send facts back to the Ansible server could use this flaw to execute arbitrary code on the Ansible server using the Ansible server privileges.",
    "permalink": "https://github.com/advisories/GHSA-m956-frf4-m2wr",
    "publishedAt": "2018-10-10T17:22:53Z",
    "withdrawnAt": null,
    "identifiers": [
        {
            "type": "GHSA",
            "value": "GHSA-m956-frf4-m2wr"
        },
        {
            "type": "CVE",
            "value": "CVE-2016-9587"
        }
    ]
}