{
    "ghsaId": "GHSA-xp7p-3gx7-j6wx",
    "severity": "CRITICAL",
    "summary": "calibre-web is vulnerable to Business Logic Errors",
    "description": "calibre-web is vulnerable to Business Logic Errors",
    "permalink": "https://github.com/advisories/GHSA-xp7p-3gx7-j6wx",
    "publishedAt": "2022-01-21T23:44:15Z",
    "withdrawnAt": null,
    "identifiers": [
        {
            "type": "GHSA",
            "value": "GHSA-xp7p-3gx7-j6wx"
        },
        {
            "type": "CVE",
            "value": "CVE-2021-4171"
        }
    ]
}