{
    "ghsaId": "GHSA-mv8g-fhh6-6267",
    "severity": "CRITICAL",
    "summary": "Django user with hardcoded password created when running tests on Oracle",
    "description": "Django 1.8.x before 1.8.16, 1.9.x before 1.9.11, and 1.10.x before 1.10.3 use a hardcoded password for a temporary database user created when running tests with an Oracle database, which makes it easier for remote attackers to obtain access to the database server by leveraging failure to manually specify a password in the database settings TEST dictionary.",
    "permalink": "https://github.com/advisories/GHSA-mv8g-fhh6-6267",
    "publishedAt": "2022-05-17T00:27:18Z",
    "withdrawnAt": null,
    "identifiers": [
        {
            "type": "GHSA",
            "value": "GHSA-mv8g-fhh6-6267"
        },
        {
            "type": "CVE",
            "value": "CVE-2016-9013"
        }
    ]
}