{
    "ghsaId": "GHSA-6hrg-qmvc-2xh8",
    "severity": "CRITICAL",
    "summary": "joblib vulnerable to arbitrary code execution",
    "description": "The package joblib from 0 and before 1.2.0 is vulnerable to Arbitrary Code Execution via the `pre_dispatch` flag in `Parallel()` class due to the `eval()` statement.",
    "permalink": "https://github.com/advisories/GHSA-6hrg-qmvc-2xh8",
    "publishedAt": "2022-09-27T00:00:22Z",
    "withdrawnAt": null,
    "identifiers": [
        {
            "type": "GHSA",
            "value": "GHSA-6hrg-qmvc-2xh8"
        },
        {
            "type": "CVE",
            "value": "CVE-2022-21797"
        }
    ]
}