{
    "ghsaId": "GHSA-fff8-4w9p-7v76",
    "severity": "CRITICAL",
    "summary": "Command Injection in Pygments",
    "description": "The FontManager._get_nix_font_path function in formatters/img.py in Pygments 1.2.2 through 2.0.2 allows remote attackers to execute arbitrary commands via shell metacharacters in a font name.",
    "permalink": "https://github.com/advisories/GHSA-fff8-4w9p-7v76",
    "publishedAt": "2022-05-17T02:37:56Z",
    "withdrawnAt": null,
    "identifiers": [
        {
            "type": "GHSA",
            "value": "GHSA-fff8-4w9p-7v76"
        },
        {
            "type": "CVE",
            "value": "CVE-2015-8557"
        }
    ]
}