{
    "ghsaId": "GHSA-jx3q-5rgf-vrrr",
    "severity": "CRITICAL",
    "summary": "xalpha vulnerable to Remote Code Execution",
    "description": "xalpha v0.11.4 is vulnerable to Remote Command Execution (RCE). User input is not properly checked to be numerical values prior to being evaluated.",
    "permalink": "https://github.com/advisories/GHSA-jx3q-5rgf-vrrr",
    "publishedAt": "2023-07-11T15:31:18Z",
    "withdrawnAt": null,
    "identifiers": [
        {
            "type": "GHSA",
            "value": "GHSA-jx3q-5rgf-vrrr"
        },
        {
            "type": "CVE",
            "value": "CVE-2023-37659"
        }
    ]
}