{
    "ghsaId": "GHSA-8fp9-43pw-56vw",
    "severity": "CRITICAL",
    "summary": "PandasAI vulnerable to arbitrary code execution",
    "description": "An issue in pandas-ai v.0.8.1 and before allows a remote attacker to execute arbitrary code via the `_is_jailbreak` function.",
    "permalink": "https://github.com/advisories/GHSA-8fp9-43pw-56vw",
    "publishedAt": "2023-08-15T18:31:32Z",
    "withdrawnAt": null,
    "identifiers": [
        {
            "type": "GHSA",
            "value": "GHSA-8fp9-43pw-56vw"
        },
        {
            "type": "CVE",
            "value": "CVE-2023-39661"
        }
    ]
}