{
    "ghsaId": "GHSA-c2jg-hw38-jrqq",
    "severity": "CRITICAL",
    "summary": "Inconsistent Interpretation of HTTP Requests in twisted.web",
    "description": "The Twisted Web HTTP 1.1 server, located in the `twisted.web.http` module, parsed several HTTP request constructs more leniently than permitted by RFC 7230:\n\n1. The Content-Length header value could have a `+` or `-` prefix.\n2. Illegal characters were permitted in chunked extensions, such as the LF (`\\n`) character.\n3. Chunk lengths, which are expressed in hexadecimal format, could have a prefix of `0x`.\n4. HTTP headers were stripped of all leading and trailing ASCII whitespace, rather than only space and HTAB (`\\t`).\n\nThis non-conformant parsing can lead to desync if requests pass through multiple HTTP parsers, potentially resulting in HTTP request smuggling.\n\n### Impact\n\nYou may be affected if:\n\n1. You use Twisted Web's HTTP 1.1 server and/or proxy\n2. You also pass requests through a different HTTP server and/or proxy\n\nThe specifics of the other HTTP parser matter. The original report notes that some versions of Apache Traffic Server and HAProxy have been vulnerable in the past. HTTP request smuggling may be a serious concern if you use a proxy to perform request validation or access control.\n\nThe Twisted Web client is not affected. The HTTP 2.0 server uses a different parser, so it is not affected.\n\n### Patches\n\nThe issue has been addressed in Twisted 22.4.0rc1 and later.\n\n### Workarounds\n\nOther than upgrading Twisted, you could:\n\n* Ensure any vulnerabilities in upstream proxies have been addressed, such as by upgrading them\n* Filter malformed requests by other means, such as configuration of an upstream proxy\n\n### Credits\n\nThis issue was initially reported by [Zhang Zeyu](https://github.com/zeyu2001).",
    "permalink": "https://github.com/advisories/GHSA-c2jg-hw38-jrqq",
    "publishedAt": "2022-04-04T21:29:41Z",
    "withdrawnAt": null,
    "identifiers": [
        {
            "type": "GHSA",
            "value": "GHSA-c2jg-hw38-jrqq"
        },
        {
            "type": "CVE",
            "value": "CVE-2022-24801"
        }
    ]
}