{
    "ghsaId": "GHSA-554w-xh4j-8w64",
    "severity": "CRITICAL",
    "summary": "Path traversal in MLflow",
    "description": "Path Traversal: '\\..\\filename' in GitHub repository mlflow/mlflow prior to 2.9.2.",
    "permalink": "https://github.com/advisories/GHSA-554w-xh4j-8w64",
    "publishedAt": "2023-12-15T03:30:18Z",
    "withdrawnAt": null,
    "identifiers": [
        {
            "type": "GHSA",
            "value": "GHSA-554w-xh4j-8w64"
        },
        {
            "type": "CVE",
            "value": "CVE-2023-6831"
        }
    ]
}