{
    "ghsaId": "GHSA-2xxc-73fv-36f7",
    "severity": "CRITICAL",
    "summary": "llama-index vulnerable to arbitrary code execution",
    "description": "An issue in llama_index v.0.7.13 and before allows a remote attacker to execute arbitrary code via the `exec` parameter in PandasQueryEngine function.",
    "permalink": "https://github.com/advisories/GHSA-2xxc-73fv-36f7",
    "publishedAt": "2023-08-15T18:31:32Z",
    "withdrawnAt": null,
    "identifiers": [
        {
            "type": "GHSA",
            "value": "GHSA-2xxc-73fv-36f7"
        },
        {
            "type": "CVE",
            "value": "CVE-2023-39662"
        }
    ]
}