{
    "ghsaId": "GHSA-hg6c-qqcm-r79r",
    "severity": "CRITICAL",
    "summary": "Apache Airflow Hive Provider Beeline remote code execution with Principal",
    "description": "Improper Input Validation vulnerability in Apache Software Foundation Apache Airflow Hive Provider.\nThis issue affects Apache Airflow Apache Hive Provider: before 6.1.1.\n\nBefore version 6.1.1 it was\u00a0possible to bypass the security check to RCE via\nprincipal parameter. For this to be\u00a0exploited it requires access to modifying the connection details.\n\nIt is recommended updating provider version to 6.1.1 in order to avoid this\u00a0vulnerability.",
    "permalink": "https://github.com/advisories/GHSA-hg6c-qqcm-r79r",
    "publishedAt": "2023-07-03T12:30:34Z",
    "withdrawnAt": null,
    "identifiers": [
        {
            "type": "GHSA",
            "value": "GHSA-hg6c-qqcm-r79r"
        },
        {
            "type": "CVE",
            "value": "CVE-2023-35797"
        }
    ]
}