{
    "ghsaId": "GHSA-fpjm-rp2g-3r4c",
    "severity": "CRITICAL",
    "summary": "Django Rest Framework jwt allows obtaining new token from notionally invalidated token",
    "description": "An issue was discovered in drf-jwt 1.15.x before 1.15.1. It allows attackers with access to a notionally invalidated token to obtain a new, working token via the refresh endpoint, because the blacklist protection mechanism is incompatible with the token-refresh feature. NOTE: drf-jwt is a fork of jpadilla/django-rest-framework-jwt, which is unmaintained.",
    "permalink": "https://github.com/advisories/GHSA-fpjm-rp2g-3r4c",
    "publishedAt": "2020-06-05T16:09:34Z",
    "withdrawnAt": null,
    "identifiers": [
        {
            "type": "GHSA",
            "value": "GHSA-fpjm-rp2g-3r4c"
        },
        {
            "type": "CVE",
            "value": "CVE-2020-10594"
        }
    ]
}