{
    "ghsaId": "GHSA-g86p-hgx5-2pfh",
    "severity": "CRITICAL",
    "summary": "Improper Authentication in Buildbot",
    "description": "Buildbot before 1.8.2 and 2.x before 2.3.1 accepts a user-submitted authorization token from OAuth and uses it to authenticate a user. If an attacker has a token allowing them to read the user details of a victim, they can login as the victim.",
    "permalink": "https://github.com/advisories/GHSA-g86p-hgx5-2pfh",
    "publishedAt": "2019-05-29T18:48:11Z",
    "withdrawnAt": null,
    "identifiers": [
        {
            "type": "GHSA",
            "value": "GHSA-g86p-hgx5-2pfh"
        },
        {
            "type": "CVE",
            "value": "CVE-2019-12300"
        }
    ]
}