{
    "ghsaId": "GHSA-x4wf-678h-2pmq",
    "severity": "CRITICAL",
    "summary": "Keras code injection vulnerability",
    "description": "A arbitrary code injection vulnerability in TensorFlow's Keras framework (<2.13) allows attackers to execute arbitrary code with the same permissions as the application using a model that allow arbitrary code irrespective of the application.",
    "permalink": "https://github.com/advisories/GHSA-x4wf-678h-2pmq",
    "publishedAt": "2024-04-16T21:31:28Z",
    "withdrawnAt": null,
    "identifiers": [
        {
            "type": "GHSA",
            "value": "GHSA-x4wf-678h-2pmq"
        },
        {
            "type": "CVE",
            "value": "CVE-2024-3660"
        }
    ]
}