{
    "ghsaId": "GHSA-w578-j992-554x",
    "severity": "CRITICAL",
    "summary": "Ansible fails to properly mark lookup-plugin results as unsafe",
    "description": "Ansible before versions 2.3.1.0 and 2.4.0.0 fails to properly mark lookup-plugin results as unsafe. If an attacker could control the results of lookup() calls, they could inject Unicode strings to be parsed by the jinja2 templating system, resulting in code execution. By default, the jinja2 templating language is now marked as 'unsafe' and is not evaluated.",
    "permalink": "https://github.com/advisories/GHSA-w578-j992-554x",
    "publishedAt": "2018-09-06T03:28:50Z",
    "withdrawnAt": null,
    "identifiers": [
        {
            "type": "GHSA",
            "value": "GHSA-w578-j992-554x"
        },
        {
            "type": "CVE",
            "value": "CVE-2017-7481"
        }
    ]
}