{
    "ghsaId": "GHSA-v4f4-23wc-99mh",
    "severity": "CRITICAL",
    "summary": "pipreqs vulnerable to Dependency Confusion",
    "description": "A dependency confusion in pipreqs v0.3.0 to v0.4.11 allows attackers to execute arbitrary code via uploading a crafted PyPI package to the chosen repository server.",
    "permalink": "https://github.com/advisories/GHSA-v4f4-23wc-99mh",
    "publishedAt": "2023-06-30T21:30:26Z",
    "withdrawnAt": null,
    "identifiers": [
        {
            "type": "GHSA",
            "value": "GHSA-v4f4-23wc-99mh"
        },
        {
            "type": "CVE",
            "value": "CVE-2023-31543"
        }
    ]
}