{
    "ghsaId": "GHSA-8rf6-w2mx-4xjh",
    "severity": "CRITICAL",
    "summary": "Undirectional routing wasn't respected in some cases in Mitogen",
    "description": "core.py in Mitogen before 0.2.8 has a typo that drops the unidirectional-routing protection mechanism in the case of a child that is initiated by another child. The Ansible extension is unaffected. NOTE: the vendor disputes this issue because it is exploitable only in conjunction with hypothetical other factors, i.e., an affected use case within a library caller, and a bug in the message receiver policy code that led to reliance on this extra protection mechanism.",
    "permalink": "https://github.com/advisories/GHSA-8rf6-w2mx-4xjh",
    "publishedAt": "2019-08-19T23:45:47Z",
    "withdrawnAt": "2019-08-20T14:13:17Z",
    "identifiers": [
        {
            "type": "GHSA",
            "value": "GHSA-8rf6-w2mx-4xjh"
        },
        {
            "type": "CVE",
            "value": "CVE-2019-15149"
        }
    ]
}