{
    "ghsaId": "GHSA-p99h-pfg6-qrfg",
    "severity": "CRITICAL",
    "summary": "Duplicate Advisory: Privilege escalation in sap-xssec",
    "description": "## Duplicate Advisory\nThis advisory has been withdrawn because it is a duplicate of GHSA-6mjg-37cp-42x5. This link is maintained to preserve external references.\n\n## Original Description\nSAP\u00a0BTP\u00a0Security Services Integration Library ([Python]\u00a0sap-xssec) - versions < 4.1.0, allow under certain conditions an escalation of privileges. On successful exploitation, an unauthenticated attacker can obtain arbitrary permissions within the application.\n\n",
    "permalink": "https://github.com/advisories/GHSA-p99h-pfg6-qrfg",
    "publishedAt": "2023-12-12T03:31:45Z",
    "withdrawnAt": "2024-09-30T18:51:33Z",
    "identifiers": [
        {
            "type": "GHSA",
            "value": "GHSA-p99h-pfg6-qrfg"
        }
    ]
}