{
    "ghsaId": "GHSA-cq27-v7xp-c356",
    "severity": "CRITICAL",
    "summary": "Buffer Overflow in pycrypto",
    "description": "Heap-based buffer overflow in the ALGnew function in block_templace.c in Python Cryptography Toolkit (aka pycrypto) allows remote attackers to execute arbitrary code as demonstrated by a crafted iv parameter to cryptmsg.py.",
    "permalink": "https://github.com/advisories/GHSA-cq27-v7xp-c356",
    "publishedAt": "2018-12-14T18:51:38Z",
    "withdrawnAt": null,
    "identifiers": [
        {
            "type": "GHSA",
            "value": "GHSA-cq27-v7xp-c356"
        },
        {
            "type": "CVE",
            "value": "CVE-2013-7459"
        }
    ]
}