{
    "ghsaId": "GHSA-4j5j-58j7-6c3w",
    "severity": "CRITICAL",
    "summary": "Dulwich Arbitrary code execution via commit with directory path starting with .git",
    "description": "The `build_index_from_tree` function in index.py in Dulwich before 0.9.9 allows remote attackers to execute arbitrary code via a commit with a directory path starting with `.git/`, which is not properly handled when checking out a working tree.",
    "permalink": "https://github.com/advisories/GHSA-4j5j-58j7-6c3w",
    "publishedAt": "2022-05-17T04:14:03Z",
    "withdrawnAt": null,
    "identifiers": [
        {
            "type": "GHSA",
            "value": "GHSA-4j5j-58j7-6c3w"
        },
        {
            "type": "CVE",
            "value": "CVE-2014-9706"
        }
    ]
}