{
    "ghsaId": "GHSA-297x-2qf3-jrj3",
    "severity": "CRITICAL",
    "summary": "Unsafe yaml deserialization in llama-hub",
    "description": "The OpenAPI and ChatGPT plugin loaders in LlamaHub (aka llama-hub) before 0.0.67 allow attackers to execute arbitrary code because safe_load is not used for YAML.",
    "permalink": "https://github.com/advisories/GHSA-297x-2qf3-jrj3",
    "publishedAt": "2024-01-21T18:30:34Z",
    "withdrawnAt": null,
    "identifiers": [
        {
            "type": "GHSA",
            "value": "GHSA-297x-2qf3-jrj3"
        },
        {
            "type": "CVE",
            "value": "CVE-2024-23730"
        }
    ]
}