{
    "ghsaId": "GHSA-f4q6-9qm4-h8j4",
    "severity": "CRITICAL",
    "summary": "OS Command Injection in cookiecutter",
    "description": "The package cookiecutter before 2.1.1 is vulnerable to Command Injection via hg argument injection. When calling the cookiecutter function from Python code with the checkout parameter, it is passed to the hg checkout command in a way that additional flags can be set. The additional flags can be used to perform a command injection.",
    "permalink": "https://github.com/advisories/GHSA-f4q6-9qm4-h8j4",
    "publishedAt": "2022-06-09T23:48:49Z",
    "withdrawnAt": null,
    "identifiers": [
        {
            "type": "GHSA",
            "value": "GHSA-f4q6-9qm4-h8j4"
        },
        {
            "type": "CVE",
            "value": "CVE-2022-24065"
        }
    ]
}