{
    "ghsaId": "GHSA-4q2r-qxp6-h5j6",
    "severity": "CRITICAL",
    "summary": "Improper Restriction of XML External Entity Reference in Quokka",
    "description": "XML External Entities (XXE) in Quokka v0.4.0 allows remote attackers to execute arbitrary code via the component 'quokka/core/content/views.py'.",
    "permalink": "https://github.com/advisories/GHSA-4q2r-qxp6-h5j6",
    "publishedAt": "2021-08-30T16:25:18Z",
    "withdrawnAt": null,
    "identifiers": [
        {
            "type": "GHSA",
            "value": "GHSA-4q2r-qxp6-h5j6"
        },
        {
            "type": "CVE",
            "value": "CVE-2020-18705"
        }
    ]
}