{
    "ghsaId": "GHSA-vqwr-q6cc-c242",
    "severity": "CRITICAL",
    "summary": "parisneo/lollms Local File Inclusion (LFI) attack",
    "description": "parisneo/lollms version 9.5 is vulnerable to Local File Inclusion (LFI) attacks due to insufficient path sanitization. The `sanitize_path_from_endpoint` function fails to properly sanitize Windows-style paths (backward slash `\\`), allowing attackers to perform directory traversal attacks on Windows systems. This vulnerability can be exploited through various routes, including `personalities` and `/del_preset`, to read or delete any file on the Windows filesystem, compromising the system's availability.",
    "permalink": "https://github.com/advisories/GHSA-vqwr-q6cc-c242",
    "publishedAt": "2024-06-12T03:31:15Z",
    "withdrawnAt": null,
    "identifiers": [
        {
            "type": "GHSA",
            "value": "GHSA-vqwr-q6cc-c242"
        },
        {
            "type": "CVE",
            "value": "CVE-2024-4315"
        }
    ]
}