{
    "ghsaId": "GHSA-vjjf-3rvg-gv3v",
    "severity": "CRITICAL",
    "summary": "Dulwich Buffer Overflow when handling pack files",
    "description": "Buffer overflow in the C implementation of the `apply_delta` function `in _pack.c` in Dulwich before 0.9.9 allows remote attackers to execute arbitrary code via a crafted pack file.",
    "permalink": "https://github.com/advisories/GHSA-vjjf-3rvg-gv3v",
    "publishedAt": "2022-05-17T04:14:09Z",
    "withdrawnAt": null,
    "identifiers": [
        {
            "type": "GHSA",
            "value": "GHSA-vjjf-3rvg-gv3v"
        },
        {
            "type": "CVE",
            "value": "CVE-2015-0838"
        }
    ]
}