{
    "ghsaId": "GHSA-jrcv-3c5h-rh3q",
    "severity": "CRITICAL",
    "summary": "SiCKRAGE Discloses Plaintext Credentials",
    "description": "SickRage before v2018.03.09-1 includes cleartext credentials in HTTP responses.",
    "permalink": "https://github.com/advisories/GHSA-jrcv-3c5h-rh3q",
    "publishedAt": "2022-05-13T01:53:52Z",
    "withdrawnAt": null,
    "identifiers": [
        {
            "type": "GHSA",
            "value": "GHSA-jrcv-3c5h-rh3q"
        },
        {
            "type": "CVE",
            "value": "CVE-2018-9160"
        }
    ]
}