{
    "ghsaId": "GHSA-x8x2-wc2h-wc48",
    "severity": "CRITICAL",
    "summary": "Missing rate limit on rdiffweb",
    "description": "Allocation of Resources Without Limits or Throttling in GitHub repository ikus060/rdiffweb prior to 2.5.0. ",
    "permalink": "https://github.com/advisories/GHSA-x8x2-wc2h-wc48",
    "publishedAt": "2022-10-14T19:00:44Z",
    "withdrawnAt": null,
    "identifiers": [
        {
            "type": "GHSA",
            "value": "GHSA-x8x2-wc2h-wc48"
        },
        {
            "type": "CVE",
            "value": "CVE-2022-3439"
        }
    ]
}