{
    "ghsaId": "GHSA-v8vj-cv27-hjv8",
    "severity": "CRITICAL",
    "summary": "LangChain Experimental vulnerable to arbitrary code execution",
    "description": "langchain_experimental (aka LangChain Experimental) before 0.0.52, part of LangChain before 0.1.8, allows an attacker to bypass the CVE-2023-44467 fix and execute arbitrary code via the `__import__`, `__subclasses__`, `__builtins__`, `__globals__`, `__getattribute__`, `__bases__`, `__mro__`, or `__base__` attribute in Python code. These are not prohibited by `pal_chain/base.py`.",
    "permalink": "https://github.com/advisories/GHSA-v8vj-cv27-hjv8",
    "publishedAt": "2024-02-26T18:30:31Z",
    "withdrawnAt": null,
    "identifiers": [
        {
            "type": "GHSA",
            "value": "GHSA-v8vj-cv27-hjv8"
        },
        {
            "type": "CVE",
            "value": "CVE-2024-27444"
        }
    ]
}