{
    "ghsaId": "GHSA-x58j-j539-w8mv",
    "severity": "CRITICAL",
    "summary": "Duplicate Advisory: Improper Restriction of XML External Entity Reference in pikepdf",
    "description": "** REJECT ** DO NOT USE THIS CANDIDATE NUMBER. ConsultIDs: CVE-2021-29421, GHSA-ccgm-3xw4-h5p8. Reason: This candidate is a duplicate of CVE-2021-29421. Notes: All CVE users should reference CVE-2021-29421 instead of this candidate. All references and descriptions in this candidate have been removed to prevent accidental usage.",
    "permalink": "https://github.com/advisories/GHSA-x58j-j539-w8mv",
    "publishedAt": "2022-10-24T19:00:20Z",
    "withdrawnAt": "2023-08-03T22:53:44Z",
    "identifiers": [
        {
            "type": "GHSA",
            "value": "GHSA-x58j-j539-w8mv"
        },
        {
            "type": "CVE",
            "value": "CVE-2021-46849"
        }
    ]
}