{
    "ghsaId": "GHSA-x38j-4rr5-hqrj",
    "severity": "CRITICAL",
    "summary": "git-big-picture Code Execution",
    "description": "git-big-picture before 1.0.0 mishandles `'` characters in a branch name, leading to code execution.",
    "permalink": "https://github.com/advisories/GHSA-x38j-4rr5-hqrj",
    "publishedAt": "2022-05-24T17:39:13Z",
    "withdrawnAt": null,
    "identifiers": [
        {
            "type": "GHSA",
            "value": "GHSA-x38j-4rr5-hqrj"
        },
        {
            "type": "CVE",
            "value": "CVE-2021-3028"
        }
    ]
}