{
    "ghsaId": "GHSA-2jxw-4hm4-6w87",
    "severity": "CRITICAL",
    "summary": "SQL injection in llama-index",
    "description": "LlamaIndex (aka llama_index) through 0.9.35 allows SQL injection via the Text-to-SQL feature in NLSQLTableQueryEngine, SQLTableRetrieverQueryEngine, NLSQLRetriever, RetrieverQueryEngine, and PGVectorSQLQueryEngine. For example, an attacker might be able to delete this year's student records via \"Drop the Students table\" within English language input.",
    "permalink": "https://github.com/advisories/GHSA-2jxw-4hm4-6w87",
    "publishedAt": "2024-01-22T03:30:26Z",
    "withdrawnAt": null,
    "identifiers": [
        {
            "type": "GHSA",
            "value": "GHSA-2jxw-4hm4-6w87"
        },
        {
            "type": "CVE",
            "value": "CVE-2024-23751"
        }
    ]
}