{
    "ghsaId": "GHSA-w873-xcqq-x922",
    "severity": "CRITICAL",
    "summary": "Command Injection in Simiki",
    "description": "Command Injection in Simiki v1.6.2.1 and prior allows remote attackers to execute arbitrary system commands via line 64 of the component 'simiki/blob/master/simiki/config.py'.",
    "permalink": "https://github.com/advisories/GHSA-w873-xcqq-x922",
    "publishedAt": "2021-09-01T18:37:24Z",
    "withdrawnAt": null,
    "identifiers": [
        {
            "type": "GHSA",
            "value": "GHSA-w873-xcqq-x922"
        },
        {
            "type": "CVE",
            "value": "CVE-2020-19001"
        }
    ]
}