{
    "ghsaId": "GHSA-r6gp-rff2-p3hf",
    "severity": "CRITICAL",
    "summary": "llama-index-core Command Injection vulnerability",
    "description": "A command injection vulnerability exists in the run-llama/llama_index repository, specifically within the safe_eval function. Attackers can bypass the intended security mechanism, which checks for the presence of underscores in code generated by LLM, to execute arbitrary code. This is achieved by crafting input that does not contain an underscore but still results in the execution of OS commands. The vulnerability allows for remote code execution (RCE) on the server hosting the application.",
    "permalink": "https://github.com/advisories/GHSA-r6gp-rff2-p3hf",
    "publishedAt": "2024-04-16T00:30:34Z",
    "withdrawnAt": null,
    "identifiers": [
        {
            "type": "GHSA",
            "value": "GHSA-r6gp-rff2-p3hf"
        },
        {
            "type": "CVE",
            "value": "CVE-2024-3271"
        }
    ]
}