{
    "ghsaId": "GHSA-j5h9-9r39-43q5",
    "severity": "CRITICAL",
    "summary": "PaddlePaddle command injection in get_online_pass_interval",
    "description": "PaddlePaddle before 2.6.0 has a command injection in get_online_pass_interval. This resulted in the ability to execute arbitrary commands on the operating system.\n\n\n\n\n\n\n\n",
    "permalink": "https://github.com/advisories/GHSA-j5h9-9r39-43q5",
    "publishedAt": "2024-01-03T09:30:33Z",
    "withdrawnAt": null,
    "identifiers": [
        {
            "type": "GHSA",
            "value": "GHSA-j5h9-9r39-43q5"
        },
        {
            "type": "CVE",
            "value": "CVE-2023-52310"
        }
    ]
}