{
    "ghsaId": "GHSA-w6g9-xccc-347h",
    "severity": "CRITICAL",
    "summary": "Plone Unauthenticated Write Vulnerability",
    "description": "A privilege escalation issue in plone.app.contenttypes in Plone 4.3 through 5.2.1 allows users to PUT (overwrite) some content without needing write permission.",
    "permalink": "https://github.com/advisories/GHSA-w6g9-xccc-347h",
    "publishedAt": "2022-05-24T17:07:14Z",
    "withdrawnAt": null,
    "identifiers": [
        {
            "type": "GHSA",
            "value": "GHSA-w6g9-xccc-347h"
        },
        {
            "type": "CVE",
            "value": "CVE-2020-7941"
        }
    ]
}