{
    "ghsaId": "GHSA-h3xg-wv58-5p43",
    "severity": "CRITICAL",
    "summary": "Ray OS Command Injection vulnerability",
    "description": "A command injection exists in Ray's cpu_profile URL parameter allowing attackers to execute os commands on the system running the ray dashboard remotely without authentication.",
    "permalink": "https://github.com/advisories/GHSA-h3xg-wv58-5p43",
    "publishedAt": "2023-11-16T18:30:31Z",
    "withdrawnAt": null,
    "identifiers": [
        {
            "type": "GHSA",
            "value": "GHSA-h3xg-wv58-5p43"
        },
        {
            "type": "CVE",
            "value": "CVE-2023-6019"
        }
    ]
}