{
    "ghsaId": "GHSA-wqq5-c89p-3wc3",
    "severity": "CRITICAL",
    "summary": "Ansible Arbitrary Code Execution",
    "description": "Ansible before 1.6.7 does not prevent inventory data with \"{{\" and \"lookup\" substrings, and does not prevent remote data with \"{{\" substrings, which allows remote attackers to execute arbitrary code via (1) crafted lookup('pipe') calls or (2) crafted Jinja2 data.\n",
    "permalink": "https://github.com/advisories/GHSA-wqq5-c89p-3wc3",
    "publishedAt": "2022-05-17T19:57:30Z",
    "withdrawnAt": null,
    "identifiers": [
        {
            "type": "GHSA",
            "value": "GHSA-wqq5-c89p-3wc3"
        },
        {
            "type": "CVE",
            "value": "CVE-2014-4966"
        }
    ]
}