{
    "ghsaId": "GHSA-h96w-mmrf-2h6v",
    "severity": "CRITICAL",
    "summary": "Improper Input Validation in Twisted",
    "description": "In Twisted Web before 20.3.0, there was an HTTP request splitting vulnerability. When presented with two content-length headers, it ignored the first header. When the second content-length value was set to zero, the request body was interpreted as a pipelined request.",
    "permalink": "https://github.com/advisories/GHSA-h96w-mmrf-2h6v",
    "publishedAt": "2020-03-31T15:42:42Z",
    "withdrawnAt": null,
    "identifiers": [
        {
            "type": "GHSA",
            "value": "GHSA-h96w-mmrf-2h6v"
        },
        {
            "type": "CVE",
            "value": "CVE-2020-10108"
        }
    ]
}