{
    "ghsaId": "GHSA-vg8g-jpm9-jh8r",
    "severity": "CRITICAL",
    "summary": "Unsafe pyyaml load usage in PyAnyAPI",
    "description": "An exploitable vulnerability exists in the YAML parsing functionality in the YAMLParser method in Interfaces.py in PyAnyAPI before 0.6.1. A YAML parser can execute arbitrary Python commands resulting in command execution because `load` is used where `safe_load` should have been used. An attacker can insert Python into loaded YAML to trigger this vulnerability.",
    "permalink": "https://github.com/advisories/GHSA-vg8g-jpm9-jh8r",
    "publishedAt": "2022-05-13T01:44:08Z",
    "withdrawnAt": null,
    "identifiers": [
        {
            "type": "GHSA",
            "value": "GHSA-vg8g-jpm9-jh8r"
        },
        {
            "type": "CVE",
            "value": "CVE-2017-16616"
        }
    ]
}