{
    "ghsaId": "GHSA-p373-jqfm-j6wr",
    "severity": "CRITICAL",
    "summary": "Shinken Solutions Shinken Monitoring vulnerable to Incorrect Access Control",
    "description": "Shinken Solutions Shinken Monitoring Version 2.4.3 affected is vulnerable to Incorrect Access Control. The `SafeUnpickler` class found in `shinken/safepickle.py` implements a weak authentication scheme when unserializing objects passed from monitoring nodes to the Shinken monitoring server.",
    "permalink": "https://github.com/advisories/GHSA-p373-jqfm-j6wr",
    "publishedAt": "2022-10-20T12:00:15Z",
    "withdrawnAt": null,
    "identifiers": [
        {
            "type": "GHSA",
            "value": "GHSA-p373-jqfm-j6wr"
        },
        {
            "type": "CVE",
            "value": "CVE-2022-37298"
        }
    ]
}