{
    "ghsaId": "GHSA-8r8j-xvfj-36f9",
    "severity": "CRITICAL",
    "summary": "Code injection in ymlref",
    "description": "ymlref is a library that allows to load Yaml documents and resolve JSON-pointer references inside them. ymlref versions up to 0.1.1 allow code injection.",
    "permalink": "https://github.com/advisories/GHSA-8r8j-xvfj-36f9",
    "publishedAt": "2018-12-19T19:25:14Z",
    "withdrawnAt": null,
    "identifiers": [
        {
            "type": "GHSA",
            "value": "GHSA-8r8j-xvfj-36f9"
        },
        {
            "type": "CVE",
            "value": "CVE-2018-20133"
        }
    ]
}