{
    "ghsaId": "GHSA-v9hf-5j83-6xpp",
    "severity": "CRITICAL",
    "summary": "PyMySQL SQL Injection vulnerability",
    "description": "PyMySQL through 1.1.0 allows SQL injection if used with untrusted JSON input because keys are not escaped by `escape_dict`.",
    "permalink": "https://github.com/advisories/GHSA-v9hf-5j83-6xpp",
    "publishedAt": "2024-05-21T18:31:23Z",
    "withdrawnAt": null,
    "identifiers": [
        {
            "type": "GHSA",
            "value": "GHSA-v9hf-5j83-6xpp"
        },
        {
            "type": "CVE",
            "value": "CVE-2024-36039"
        }
    ]
}