{
    "ghsaId": "GHSA-83g7-8fch-p37m",
    "severity": "CRITICAL",
    "summary": "PaddlePaddle vulnerable to code injection via winstr",
    "description": "In PaddlePaddle before 2.4, paddle.audio.functional.get_window is vulnerable to code injection because it calls eval on a user-supplied winstr. This may lead to arbitrary code execution.",
    "permalink": "https://github.com/advisories/GHSA-83g7-8fch-p37m",
    "publishedAt": "2022-11-26T03:30:27Z",
    "withdrawnAt": null,
    "identifiers": [
        {
            "type": "GHSA",
            "value": "GHSA-83g7-8fch-p37m"
        },
        {
            "type": "CVE",
            "value": "CVE-2022-45908"
        }
    ]
}