{
    "ghsaId": "GHSA-gwqq-6vq7-5j86",
    "severity": "CRITICAL",
    "summary": "langchain Code Injection vulnerability",
    "description": "An issue in Harrison Chase langchain allows an attacker to execute arbitrary code via the PALChain,from_math_prompt(llm).run in the python exec method.",
    "permalink": "https://github.com/advisories/GHSA-gwqq-6vq7-5j86",
    "publishedAt": "2023-08-05T03:30:19Z",
    "withdrawnAt": null,
    "identifiers": [
        {
            "type": "GHSA",
            "value": "GHSA-gwqq-6vq7-5j86"
        },
        {
            "type": "CVE",
            "value": "CVE-2023-36095"
        }
    ]
}