{
    "ghsaId": "GHSA-mcpw-cp35-p3h8",
    "severity": "CRITICAL",
    "summary": "OpenStack os-vif Ageing time of 0 disables linuxbridge MAC learning",
    "description": "In OpenStack os-vif 1.15.x before 1.15.2, and 1.16.0, a hard-coded MAC aging time of 0 disables MAC learning in linuxbridge, forcing obligatory Ethernet flooding of non-local destinations, which both impedes network performance and allows users to possibly view the content of packets for instances belonging to other tenants sharing the same network. Only deployments using the linuxbridge backend are affected. This occurs in PyRoute2.add() in `internal/command/ip/linux/impl_pyroute2.py`.",
    "permalink": "https://github.com/advisories/GHSA-mcpw-cp35-p3h8",
    "publishedAt": "2022-05-24T16:55:04Z",
    "withdrawnAt": null,
    "identifiers": [
        {
            "type": "GHSA",
            "value": "GHSA-mcpw-cp35-p3h8"
        },
        {
            "type": "CVE",
            "value": "CVE-2019-15753"
        }
    ]
}