{
    "ghsaId": "GHSA-q2rq-qgcf-m22w",
    "severity": "CRITICAL",
    "summary": "web2py remote code execution via hardcoded encryption key in session.connect function",
    "description": "The sample web application in web2py before 2.14.2 might allow remote attackers to execute arbitrary code via vectors involving use of a hardcoded encryption key when calling the `session.connect` function.",
    "permalink": "https://github.com/advisories/GHSA-q2rq-qgcf-m22w",
    "publishedAt": "2022-05-14T00:57:47Z",
    "withdrawnAt": null,
    "identifiers": [
        {
            "type": "GHSA",
            "value": "GHSA-q2rq-qgcf-m22w"
        },
        {
            "type": "CVE",
            "value": "CVE-2016-3953"
        }
    ]
}