{
    "ghsaId": "GHSA-qp72-96p2-g644",
    "severity": "CRITICAL",
    "summary": "Tooxie Shiva 0.10.0 allows absolute path traversal because Flask send_file function used unsafely",
    "description": "The tooxie/shiva-server repository through 0.10.0 on GitHub allows absolute path traversal because the Flask send_file function is used unsafely.",
    "permalink": "https://github.com/advisories/GHSA-qp72-96p2-g644",
    "publishedAt": "2022-07-12T00:00:58Z",
    "withdrawnAt": null,
    "identifiers": [
        {
            "type": "GHSA",
            "value": "GHSA-qp72-96p2-g644"
        },
        {
            "type": "CVE",
            "value": "CVE-2022-31558"
        }
    ]
}