{
    "ghsaId": "GHSA-376m-3rm2-9jm6",
    "severity": "CRITICAL",
    "summary": "Session Fixation in ipsilon",
    "description": "A vulnerability in ipsilon 2.0 before 2.0.2, 1.2 before 1.2.1, 1.1 before 1.1.2, and 1.0 before 1.0.3 was found that allows attacker to log out active sessions of other users.  This issue is related to how it tracks sessions, and allows an unauthenticated attacker to view and terminate active sessions from other users. It is also called a \"SAML2 multi-session vulnerability.\"",
    "permalink": "https://github.com/advisories/GHSA-376m-3rm2-9jm6",
    "publishedAt": "2022-05-14T03:55:23Z",
    "withdrawnAt": null,
    "identifiers": [
        {
            "type": "GHSA",
            "value": "GHSA-376m-3rm2-9jm6"
        },
        {
            "type": "CVE",
            "value": "CVE-2016-8638"
        }
    ]
}