{
    "ghsaId": "GHSA-p64x-8rxx-wf6q",
    "severity": "CRITICAL",
    "summary": "Django `Trunc()` and `Extract()` database functions vulnerable to SQL Injection",
    "description": "An issue was discovered in Django 3.2 before 3.2.14 and 4.0 before 4.0.6. The `Trunc()` and `Extract()` database functions are subject to SQL injection if untrusted data is used as a kind/lookup_name value. Applications that constrain the lookup name and kind choice to a known safe list are unaffected.",
    "permalink": "https://github.com/advisories/GHSA-p64x-8rxx-wf6q",
    "publishedAt": "2022-07-05T00:00:53Z",
    "withdrawnAt": null,
    "identifiers": [
        {
            "type": "GHSA",
            "value": "GHSA-p64x-8rxx-wf6q"
        },
        {
            "type": "CVE",
            "value": "CVE-2022-34265"
        }
    ]
}