{
    "ghsaId": "GHSA-8h5w-f6q9-wg35",
    "severity": "CRITICAL",
    "summary": "Langchain SQL Injection vulnerability",
    "description": "In Langchain before 0.0.247, prompt injection allows execution of arbitrary code against the SQL service provided by the chain. ",
    "permalink": "https://github.com/advisories/GHSA-8h5w-f6q9-wg35",
    "publishedAt": "2023-10-21T00:30:47Z",
    "withdrawnAt": null,
    "identifiers": [
        {
            "type": "GHSA",
            "value": "GHSA-8h5w-f6q9-wg35"
        },
        {
            "type": "CVE",
            "value": "CVE-2023-32785"
        }
    ]
}