{
    "ghsaId": "GHSA-92j5-3459-qgp4",
    "severity": "CRITICAL",
    "summary": "LangChain vulnerable to arbitrary code execution",
    "description": "An issue in Harrison Chase langchain before version 0.0.236 allows a remote attacker to execute arbitrary code via the `from_math_prompt` and `from_colored_object_prompt` functions.",
    "permalink": "https://github.com/advisories/GHSA-92j5-3459-qgp4",
    "publishedAt": "2023-08-15T18:31:32Z",
    "withdrawnAt": null,
    "identifiers": [
        {
            "type": "GHSA",
            "value": "GHSA-92j5-3459-qgp4"
        },
        {
            "type": "CVE",
            "value": "CVE-2023-38896"
        }
    ]
}