{
    "ghsaId": "GHSA-m923-w2gj-v43g",
    "severity": "CRITICAL",
    "summary": "graphite-web is vulnerable to Remote Code Execution via renderLocalView function ",
    "description": "The renderLocalView function in render/views.py in graphite-web in Graphite 0.9.5 through 0.9.10 uses the pickle Python module unsafely, which allows remote attackers to execute arbitrary code via a crafted serialized object.",
    "permalink": "https://github.com/advisories/GHSA-m923-w2gj-v43g",
    "publishedAt": "2022-05-17T05:03:05Z",
    "withdrawnAt": null,
    "identifiers": [
        {
            "type": "GHSA",
            "value": "GHSA-m923-w2gj-v43g"
        },
        {
            "type": "CVE",
            "value": "CVE-2013-5093"
        }
    ]
}