{
    "ghsaId": "GHSA-924m-4pmx-c67h",
    "severity": "CRITICAL",
    "summary": "pysaml2 Improper Authentication vulnerability",
    "description": "pysaml2 version 4.4.0 and older accept any password when run with python optimizations enabled. This allows attackers to log in as any user without knowing their password.",
    "permalink": "https://github.com/advisories/GHSA-924m-4pmx-c67h",
    "publishedAt": "2018-07-13T16:01:17Z",
    "withdrawnAt": null,
    "identifiers": [
        {
            "type": "GHSA",
            "value": "GHSA-924m-4pmx-c67h"
        },
        {
            "type": "CVE",
            "value": "CVE-2017-1000433"
        }
    ]
}