{
    "ghsaId": "GHSA-jqff-8g2v-642h",
    "severity": "CRITICAL",
    "summary": "NASA AIT-Core vulnerable to remote code execution",
    "description": "An issue in the Pickle Python library of NASA AIT-Core v2.5.2 allows attackers to execute arbitrary commands.",
    "permalink": "https://github.com/advisories/GHSA-jqff-8g2v-642h",
    "publishedAt": "2024-05-21T21:30:27Z",
    "withdrawnAt": null,
    "identifiers": [
        {
            "type": "GHSA",
            "value": "GHSA-jqff-8g2v-642h"
        },
        {
            "type": "CVE",
            "value": "CVE-2024-35059"
        }
    ]
}