{
    "ghsaId": "GHSA-g283-88v5-rmq2",
    "severity": "CRITICAL",
    "summary": "SaltStack Salt allows compromised salt-minions to impersonate the salt-master",
    "description": "In SaltStack Salt before 2016.3.6, compromised salt-minions can impersonate the salt-master.",
    "permalink": "https://github.com/advisories/GHSA-g283-88v5-rmq2",
    "publishedAt": "2022-05-13T01:47:12Z",
    "withdrawnAt": null,
    "identifiers": [
        {
            "type": "GHSA",
            "value": "GHSA-g283-88v5-rmq2"
        },
        {
            "type": "CVE",
            "value": "CVE-2017-7893"
        }
    ]
}