{
    "ghsaId": "GHSA-3vcg-8p79-jpcv",
    "severity": "CRITICAL",
    "summary": "SVGlib Vulnerable to XXE Attacks",
    "description": "The svglib package through 0.9.3 for Python allows XXE attacks via an `svg2rlg` call.",
    "permalink": "https://github.com/advisories/GHSA-3vcg-8p79-jpcv",
    "publishedAt": "2021-05-06T18:52:01Z",
    "withdrawnAt": null,
    "identifiers": [
        {
            "type": "GHSA",
            "value": "GHSA-3vcg-8p79-jpcv"
        },
        {
            "type": "CVE",
            "value": "CVE-2020-10799"
        }
    ]
}