{
    "ghsaId": "GHSA-vfq6-hq5r-27r6",
    "severity": "CRITICAL",
    "summary": "Django Potential account hijack via password reset form",
    "description": "Django before 1.11.27, 2.x before 2.2.9, and 3.x before 3.0.1 allows account takeover. A suitably crafted email address (that is equal to an existing user's email address after case transformation of Unicode characters) would allow an attacker to be sent a password reset token for the matched user account. (One mitigation in the new releases is to send password reset tokens only to the registered user email address.)",
    "permalink": "https://github.com/advisories/GHSA-vfq6-hq5r-27r6",
    "publishedAt": "2020-01-16T22:35:12Z",
    "withdrawnAt": null,
    "identifiers": [
        {
            "type": "GHSA",
            "value": "GHSA-vfq6-hq5r-27r6"
        },
        {
            "type": "CVE",
            "value": "CVE-2019-19844"
        }
    ]
}