{
    "ghsaId": "GHSA-xxvj-8g5m-4qgw",
    "severity": "CRITICAL",
    "summary": "SaltStack Salt Directory traversal vulnerability in minion id validation",
    "description": "Directory traversal vulnerability in minion id validation in SaltStack Salt before 2016.11.7 and 2017.7.x before 2017.7.1 allows remote minions with incorrect credentials to authenticate to a master via a crafted minion ID.",
    "permalink": "https://github.com/advisories/GHSA-xxvj-8g5m-4qgw",
    "publishedAt": "2022-05-17T01:22:50Z",
    "withdrawnAt": null,
    "identifiers": [
        {
            "type": "GHSA",
            "value": "GHSA-xxvj-8g5m-4qgw"
        },
        {
            "type": "CVE",
            "value": "CVE-2017-12791"
        }
    ]
}