{
    "ghsaId": "GHSA-hpr6-f4vq-mxch",
    "severity": "CRITICAL",
    "summary": "Command injection in LocalStack",
    "description": "The dashboard component of StackLift LocalStack allows attackers to inject arbitrary shell commands via the functionName parameter.",
    "permalink": "https://github.com/advisories/GHSA-hpr6-f4vq-mxch",
    "publishedAt": "2021-06-18T18:38:00Z",
    "withdrawnAt": null,
    "identifiers": [
        {
            "type": "GHSA",
            "value": "GHSA-hpr6-f4vq-mxch"
        },
        {
            "type": "CVE",
            "value": "CVE-2021-32090"
        }
    ]
}