{
    "ghsaId": "GHSA-fprp-p869-w6q2",
    "severity": "CRITICAL",
    "summary": "LangChain vulnerable to code injection",
    "description": "In LangChain through 0.0.131, the `LLMMathChain` chain allows prompt injection attacks that can execute arbitrary code via the Python `exec()` method.",
    "permalink": "https://github.com/advisories/GHSA-fprp-p869-w6q2",
    "publishedAt": "2023-04-05T03:30:17Z",
    "withdrawnAt": null,
    "identifiers": [
        {
            "type": "GHSA",
            "value": "GHSA-fprp-p869-w6q2"
        },
        {
            "type": "CVE",
            "value": "CVE-2023-29374"
        }
    ]
}