{
    "ghsaId": "GHSA-29j3-2446-5j4w",
    "severity": "CRITICAL",
    "summary": "SaltStack Salt Improper Validation of eauth credentials and tokens in salt-netapi",
    "description": "In SaltStack the salt-netapi improperly validates eauth credentials and tokens. A user can bypass authentication and invoke Salt SSH.",
    "permalink": "https://github.com/advisories/GHSA-29j3-2446-5j4w",
    "publishedAt": "2022-05-24T17:33:18Z",
    "withdrawnAt": null,
    "identifiers": [
        {
            "type": "GHSA",
            "value": "GHSA-29j3-2446-5j4w"
        },
        {
            "type": "CVE",
            "value": "CVE-2020-25592"
        }
    ]
}