{
    "ghsaId": "GHSA-47fc-vmwq-366v",
    "severity": "CRITICAL",
    "summary": "PyTorch vulnerable to arbitrary code execution",
    "description": "In PyTorch before trunk/89695, torch.jit.annotations.parse_type_line can cause arbitrary code execution because eval is used unsafely. The fix for this issue is available in version 1.13.1. There is a release checker in [issue #89855](https://github.com/pytorch/pytorch/issues/89855).",
    "permalink": "https://github.com/advisories/GHSA-47fc-vmwq-366v",
    "publishedAt": "2022-11-26T03:30:27Z",
    "withdrawnAt": null,
    "identifiers": [
        {
            "type": "GHSA",
            "value": "GHSA-47fc-vmwq-366v"
        },
        {
            "type": "CVE",
            "value": "CVE-2022-45907"
        }
    ]
}