{
    "ghsaId": "GHSA-74w3-2r77-fw5h",
    "severity": "CRITICAL",
    "summary": "Use of Externally-Controlled Format String in consoleme",
    "description": "A Python format string issue leading to information disclosure and potentially remote code execution in ConsoleMe for all versions prior to 1.2.2",
    "permalink": "https://github.com/advisories/GHSA-74w3-2r77-fw5h",
    "publishedAt": "2022-04-03T00:00:58Z",
    "withdrawnAt": null,
    "identifiers": [
        {
            "type": "GHSA",
            "value": "GHSA-74w3-2r77-fw5h"
        },
        {
            "type": "CVE",
            "value": "CVE-2022-27177"
        }
    ]
}