{
    "ghsaId": "GHSA-vgv5-cxvh-vfxh",
    "severity": "CRITICAL",
    "summary": "Arbitrary code execution in clickhouse-driver",
    "description": "clickhouse-driver before 0.1.5 allows a malicious clickhouse server to trigger a crash or execute arbitrary code (on a database client) via a crafted server response, due to a buffer overflow.",
    "permalink": "https://github.com/advisories/GHSA-vgv5-cxvh-vfxh",
    "publishedAt": "2021-04-07T20:50:57Z",
    "withdrawnAt": null,
    "identifiers": [
        {
            "type": "GHSA",
            "value": "GHSA-vgv5-cxvh-vfxh"
        },
        {
            "type": "CVE",
            "value": "CVE-2020-26759"
        }
    ]
}