{
    "ghsaId": "GHSA-cwwh-4382-6fwr",
    "severity": "CRITICAL",
    "summary": "Dulwich RCE Vulnerability",
    "description": "Dulwich before 0.18.5, when an SSH subprocess is used, allows remote attackers to execute arbitrary commands via an ssh URL with an initial dash character in the hostname, a related issue to CVE-2017-9800, CVE-2017-12836, CVE-2017-12976, CVE-2017-1000116, and CVE-2017-1000117.",
    "permalink": "https://github.com/advisories/GHSA-cwwh-4382-6fwr",
    "publishedAt": "2022-05-13T01:44:04Z",
    "withdrawnAt": null,
    "identifiers": [
        {
            "type": "GHSA",
            "value": "GHSA-cwwh-4382-6fwr"
        },
        {
            "type": "CVE",
            "value": "CVE-2017-16228"
        }
    ]
}