{
    "ghsaId": "GHSA-9fq2-x9r6-wfmf",
    "severity": "CRITICAL",
    "summary": "Numpy Deserialization of Untrusted Data",
    "description": "** DISPUTED **   An issue was discovered in NumPy 1.16.0 and earlier. It uses the pickle Python module unsafely, which allows remote attackers to execute arbitrary code via a crafted serialized object, as demonstrated by a numpy.load call. NOTE: third parties dispute this issue because it is  a behavior that might have legitimate applications in (for example)  loading serialized Python object arrays from trusted and authenticated  sources.",
    "permalink": "https://github.com/advisories/GHSA-9fq2-x9r6-wfmf",
    "publishedAt": "2022-05-24T22:00:57Z",
    "withdrawnAt": null,
    "identifiers": [
        {
            "type": "GHSA",
            "value": "GHSA-9fq2-x9r6-wfmf"
        },
        {
            "type": "CVE",
            "value": "CVE-2019-6446"
        }
    ]
}