{
    "ghsaId": "GHSA-m85c-9mf8-m2m6",
    "severity": "CRITICAL",
    "summary": "Unsafe deserialization in confire",
    "description": "An exploitable vulnerability exists in the YAML parsing functionality in config.py in Confire 0.2.0. Due to the user-specific configuration being loaded from \"~/.confire.yaml\" using the yaml.load function, a YAML parser can execute arbitrary Python commands resulting in command execution. An attacker can insert Python into loaded YAML to trigger this vulnerability.",
    "permalink": "https://github.com/advisories/GHSA-m85c-9mf8-m2m6",
    "publishedAt": "2018-07-18T18:28:26Z",
    "withdrawnAt": null,
    "identifiers": [
        {
            "type": "GHSA",
            "value": "GHSA-m85c-9mf8-m2m6"
        },
        {
            "type": "CVE",
            "value": "CVE-2017-16763"
        }
    ]
}