{
    "ghsaId": "GHSA-p2qj-r53j-h3xj",
    "severity": "CRITICAL",
    "summary": "LangChain Experimental Eval Injection vulnerability",
    "description": "langchain_experimental (aka LangChain Experimental) 0.1.17 through 0.3.0 for LangChain allows attackers to execute arbitrary code through sympy.sympify (which uses eval) in LLMSymbolicMathChain. LLMSymbolicMathChain was introduced in fcccde406dd9e9b05fc9babcbeb9ff527b0ec0c6 (2023-10-05).",
    "permalink": "https://github.com/advisories/GHSA-p2qj-r53j-h3xj",
    "publishedAt": "2024-09-19T06:31:36Z",
    "withdrawnAt": null,
    "identifiers": [
        {
            "type": "GHSA",
            "value": "GHSA-p2qj-r53j-h3xj"
        },
        {
            "type": "CVE",
            "value": "CVE-2024-46946"
        }
    ]
}