{
    "ghsaId": "GHSA-www2-v7xj-xrc6",
    "severity": "CRITICAL",
    "summary": "Exposure of Sensitive Information to an Unauthorized Actor in urllib3",
    "description": "urllib3 before version 1.23 does not remove the Authorization HTTP header when following a cross-origin redirect (i.e., a redirect that differs in host, port, or scheme). This can allow for credentials in the Authorization header to be exposed to unintended hosts or transmitted in cleartext.",
    "permalink": "https://github.com/advisories/GHSA-www2-v7xj-xrc6",
    "publishedAt": "2018-12-12T15:52:07Z",
    "withdrawnAt": null,
    "identifiers": [
        {
            "type": "GHSA",
            "value": "GHSA-www2-v7xj-xrc6"
        },
        {
            "type": "CVE",
            "value": "CVE-2018-20060"
        }
    ]
}