{
    "ghsaId": "GHSA-232r-66cg-79px",
    "severity": "CRITICAL",
    "summary": "Paramiko not properly checking authentication before processing other requests",
    "description": "transport.py in the SSH server implementation of Paramiko before 1.17.6, 1.18.x before 1.18.5, 2.0.x before 2.0.8, 2.1.x before 2.1.5, 2.2.x before 2.2.3, 2.3.x before 2.3.2, and 2.4.x before 2.4.1 does not properly check whether authentication is completed before processing other requests, as demonstrated by channel-open. A customized SSH client can simply skip the authentication step.",
    "permalink": "https://github.com/advisories/GHSA-232r-66cg-79px",
    "publishedAt": "2018-07-12T20:29:30Z",
    "withdrawnAt": null,
    "identifiers": [
        {
            "type": "GHSA",
            "value": "GHSA-232r-66cg-79px"
        },
        {
            "type": "CVE",
            "value": "CVE-2018-7750"
        }
    ]
}