{
    "ghsaId": "GHSA-3cr5-2446-8pg3",
    "severity": "CRITICAL",
    "summary": "PaddlePaddle command injection in convert_shape_compare",
    "description": "PaddlePaddle before 2.6.0 has a command injection in convert_shape_compare. This resulted in the ability to execute arbitrary commands on the operating system.\n\n\n\n\n\n\n\n",
    "permalink": "https://github.com/advisories/GHSA-3cr5-2446-8pg3",
    "publishedAt": "2024-01-03T09:30:33Z",
    "withdrawnAt": null,
    "identifiers": [
        {
            "type": "GHSA",
            "value": "GHSA-3cr5-2446-8pg3"
        },
        {
            "type": "CVE",
            "value": "CVE-2023-52314"
        }
    ]
}