{
    "ghsaId": "GHSA-6978-4w92-428p",
    "severity": "CRITICAL",
    "summary": "Backdoor in api-res-py",
    "description": "api-res-py package in PyPI 0.1 is vulnerable to a code execution backdoor in the request package.",
    "permalink": "https://github.com/advisories/GHSA-6978-4w92-428p",
    "publishedAt": "2022-06-09T00:00:16Z",
    "withdrawnAt": null,
    "identifiers": [
        {
            "type": "GHSA",
            "value": "GHSA-6978-4w92-428p"
        },
        {
            "type": "CVE",
            "value": "CVE-2022-31313"
        }
    ]
}