{
    "ghsaId": "GHSA-2647-c639-qv2j",
    "severity": "CRITICAL",
    "summary": "Server-Side Request Forgery in calibreweb",
    "description": "calibreweb prior to version 0.6.17 is vulnerable to server-side request forgery (SSRF). This is due to an incomplete fix for [CVE-2022-0339](https://github.com/advisories/GHSA-4w8p-x6g8-fv64). The blacklist does not check for `0.0.0.0`, which would result in a payload of `0.0.0.0` resolving to `localhost`.",
    "permalink": "https://github.com/advisories/GHSA-2647-c639-qv2j",
    "publishedAt": "2022-03-08T00:00:31Z",
    "withdrawnAt": null,
    "identifiers": [
        {
            "type": "GHSA",
            "value": "GHSA-2647-c639-qv2j"
        },
        {
            "type": "CVE",
            "value": "CVE-2022-0766"
        }
    ]
}