{
    "ghsaId": "GHSA-9q62-r72g-pvv7",
    "severity": "CRITICAL",
    "summary": "py-lmdb Invalid write operation",
    "description": "An issue was discovered in py-lmdb 0.97. For certain values of `md_flags`, `mdb_node_add` does not properly set up a memcpy destination, leading to an invalid write operation. NOTE: this outcome occurs when accessing a `data.mdb` file supplied by an attacker.",
    "permalink": "https://github.com/advisories/GHSA-9q62-r72g-pvv7",
    "publishedAt": "2022-05-24T16:55:55Z",
    "withdrawnAt": null,
    "identifiers": [
        {
            "type": "GHSA",
            "value": "GHSA-9q62-r72g-pvv7"
        },
        {
            "type": "CVE",
            "value": "CVE-2019-16224"
        }
    ]
}