{
    "ghsaId": "GHSA-hxf9-7h4c-f5jv",
    "severity": "CRITICAL",
    "summary": "Django-Anymail prone to a timing attack",
    "description": "webhooks/base.py in Anymail (aka django-anymail) before 1.2.1 is prone to a timing attack vulnerability on the WEBHOOK_AUTHORIZATION secret, which allows remote attackers to post arbitrary e-mail tracking events.",
    "permalink": "https://github.com/advisories/GHSA-hxf9-7h4c-f5jv",
    "publishedAt": "2018-07-12T20:30:40Z",
    "withdrawnAt": null,
    "identifiers": [
        {
            "type": "GHSA",
            "value": "GHSA-hxf9-7h4c-f5jv"
        },
        {
            "type": "CVE",
            "value": "CVE-2018-6596"
        }
    ]
}