{
    "ghsaId": "GHSA-hh8p-p8mp-gqhm",
    "severity": "CRITICAL",
    "summary": "MLFlow Path Traversal Vulnerability",
    "description": "A malicious user could use this issue to get command execution on the vulnerable machine and get access to data & models information.",
    "permalink": "https://github.com/advisories/GHSA-hh8p-p8mp-gqhm",
    "publishedAt": "2023-12-20T06:30:25Z",
    "withdrawnAt": null,
    "identifiers": [
        {
            "type": "GHSA",
            "value": "GHSA-hh8p-p8mp-gqhm"
        },
        {
            "type": "CVE",
            "value": "CVE-2023-6975"
        }
    ]
}