{
    "ghsaId": "GHSA-8q59-q68h-6hv4",
    "severity": "CRITICAL",
    "summary": "Improper Input Validation in PyYAML",
    "description": "A vulnerability was discovered in the PyYAML library in versions before 5.4, where it is susceptible to arbitrary code execution when it processes untrusted YAML files through the full_load method or with the FullLoader loader. Applications that use the library to process untrusted input may be vulnerable to this flaw. This flaw allows an attacker to execute arbitrary code on the system by abusing the python/object/new constructor. This flaw is due to an incomplete fix for CVE-2020-1747.",
    "permalink": "https://github.com/advisories/GHSA-8q59-q68h-6hv4",
    "publishedAt": "2021-03-25T21:26:26Z",
    "withdrawnAt": null,
    "identifiers": [
        {
            "type": "GHSA",
            "value": "GHSA-8q59-q68h-6hv4"
        },
        {
            "type": "CVE",
            "value": "CVE-2020-14343"
        }
    ]
}