{
    "ghsaId": "GHSA-78vx-ggch-wghm",
    "severity": "CRITICAL",
    "summary": "Django Allows Redirect via Data URL",
    "description": "The (1) `django.http.HttpResponseRedirect` and (2) `django.http.HttpResponsePermanentRedirect` classes in Django before 1.3.2 and 1.4.x before 1.4.1 do not validate the scheme of a redirect target, which might allow remote attackers to conduct cross-site scripting (XSS) attacks via a `data:` URL.",
    "permalink": "https://github.com/advisories/GHSA-78vx-ggch-wghm",
    "publishedAt": "2022-05-17T05:12:01Z",
    "withdrawnAt": null,
    "identifiers": [
        {
            "type": "GHSA",
            "value": "GHSA-78vx-ggch-wghm"
        },
        {
            "type": "CVE",
            "value": "CVE-2012-3442"
        }
    ]
}