{
    "ghsaId": "GHSA-4x83-5gw5-q346",
    "severity": "CRITICAL",
    "summary": "Zope Object Database (ZODB) vulnerable to arbitrary Python code execution in ZEO storage servers",
    "description": "Unspecified vulnerability in Zope Object Database (ZODB) before 3.8.2, when certain Zope Enterprise Objects (ZEO) database sharing is enabled, allows remote attackers to execute arbitrary Python code via vectors involving the ZEO network protocol.",
    "permalink": "https://github.com/advisories/GHSA-4x83-5gw5-q346",
    "publishedAt": "2022-05-02T03:17:24Z",
    "withdrawnAt": null,
    "identifiers": [
        {
            "type": "GHSA",
            "value": "GHSA-4x83-5gw5-q346"
        },
        {
            "type": "CVE",
            "value": "CVE-2009-0668"
        }
    ]
}