{
    "ghsaId": "GHSA-59v3-898r-qwhj",
    "severity": "CRITICAL",
    "summary": "MLflow Server-Side Request Forgery (SSRF)",
    "description": "A malicious user could use this issue to access internal HTTP(s) servers and in the worst case (ie: aws instance) it could be abused to get a remote code execution on the victim machine.",
    "permalink": "https://github.com/advisories/GHSA-59v3-898r-qwhj",
    "publishedAt": "2023-12-20T06:30:25Z",
    "withdrawnAt": null,
    "identifiers": [
        {
            "type": "GHSA",
            "value": "GHSA-59v3-898r-qwhj"
        },
        {
            "type": "CVE",
            "value": "CVE-2023-6974"
        }
    ]
}