{
    "ghsaId": "GHSA-92vm-mxjf-jqf3",
    "severity": "CRITICAL",
    "summary": "Improper Verification of Cryptographic Signature in starkbank-ecdsa",
    "description": "The `verify` function in the Stark Bank Python ECDSA library (starkbank-ecdsa) 2.0.0 fails to check that the signature is non-zero, which allows attackers to forge signatures on arbitrary messages.",
    "permalink": "https://github.com/advisories/GHSA-92vm-mxjf-jqf3",
    "publishedAt": "2021-11-10T20:41:39Z",
    "withdrawnAt": null,
    "identifiers": [
        {
            "type": "GHSA",
            "value": "GHSA-92vm-mxjf-jqf3"
        },
        {
            "type": "CVE",
            "value": "CVE-2021-43572"
        }
    ]
}