{
    "ghsaId": "GHSA-6m53-c78q-7qmg",
    "severity": "CRITICAL",
    "summary": "Mitmweb in mitmproxy allows DNS Rebinding attacks",
    "description": "mitmweb in mitmproxy before v4.0.4 allows DNS Rebinding attacks, related to tools/web/app.py.",
    "permalink": "https://github.com/advisories/GHSA-6m53-c78q-7qmg",
    "publishedAt": "2018-07-31T18:18:19Z",
    "withdrawnAt": null,
    "identifiers": [
        {
            "type": "GHSA",
            "value": "GHSA-6m53-c78q-7qmg"
        },
        {
            "type": "CVE",
            "value": "CVE-2018-14505"
        }
    ]
}