{
    "ghsaId": "GHSA-98hv-qff3-8793",
    "severity": "CRITICAL",
    "summary": "Unrestricted Upload of File with Dangerous Type in django-widgy",
    "description": "Unrestricted Upload of File with Dangerous Type in Django-Widgy v0.8.4 allows remote attackers to execute arbitrary code via the 'image' widget in the component 'Change Widgy Page'.",
    "permalink": "https://github.com/advisories/GHSA-98hv-qff3-8793",
    "publishedAt": "2021-08-30T16:24:08Z",
    "withdrawnAt": null,
    "identifiers": [
        {
            "type": "GHSA",
            "value": "GHSA-98hv-qff3-8793"
        },
        {
            "type": "CVE",
            "value": "CVE-2020-18704"
        }
    ]
}