{
    "ghsaId": "GHSA-x23q-4j9j-9cxw",
    "severity": "CRITICAL",
    "summary": "Ops CLI Deserialization of Untrusted Data vulnerability",
    "description": "Ops CLI version 2.0.4 (and earlier) is affected by a Deserialization of Untrusted Data vulnerability to achieve arbitrary code execution when the `checkout_repo` function is called on a maliciously crafted file. An attacker can leverage this to execute arbitrary code on the victim machine.",
    "permalink": "https://github.com/advisories/GHSA-x23q-4j9j-9cxw",
    "publishedAt": "2022-05-24T19:17:41Z",
    "withdrawnAt": null,
    "identifiers": [
        {
            "type": "GHSA",
            "value": "GHSA-x23q-4j9j-9cxw"
        },
        {
            "type": "CVE",
            "value": "CVE-2021-40720"
        }
    ]
}