{
    "ghsaId": "GHSA-57h3-9rgr-c24m",
    "severity": "CRITICAL",
    "summary": "Out of bounds write in Pillow",
    "description": "An issue was discovered in Pillow before 8.1.1. TiffDecode has a heap-based buffer overflow when decoding crafted YCbCr files because of certain interpretation conflicts with LibTIFF in RGBA mode. NOTE: this issue exists because of an incomplete fix for CVE-2020-35654.",
    "permalink": "https://github.com/advisories/GHSA-57h3-9rgr-c24m",
    "publishedAt": "2021-03-29T16:35:16Z",
    "withdrawnAt": null,
    "identifiers": [
        {
            "type": "GHSA",
            "value": "GHSA-57h3-9rgr-c24m"
        },
        {
            "type": "CVE",
            "value": "CVE-2021-25289"
        }
    ]
}