{
    "ghsaId": "GHSA-vcr5-xr9h-mvc5",
    "severity": "CRITICAL",
    "summary": "python-gnupg vulnerable to shell injection",
    "description": "python-gnupg 0.3.5 and 0.3.6 allow for shell injection via a failure to escape backslashes in the `shell_quote()` function. NOTE: this vulnerability exists because of an incomplete fix for CVE-2013-7323.",
    "permalink": "https://github.com/advisories/GHSA-vcr5-xr9h-mvc5",
    "publishedAt": "2018-11-06T23:12:48Z",
    "withdrawnAt": null,
    "identifiers": [
        {
            "type": "GHSA",
            "value": "GHSA-vcr5-xr9h-mvc5"
        },
        {
            "type": "CVE",
            "value": "CVE-2014-1929"
        }
    ]
}