{
    "ghsaId": "GHSA-237r-mx84-7x8c",
    "severity": "CRITICAL",
    "summary": "VNCAuthProxy authentication bypass vulnerability",
    "description": "OSU Open Source Lab VNCAuthProxy through 1.1.1 is affected by an vncap/vnc/protocol.py VNCServerAuthenticator authentication-bypass vulnerability that could allow a malicious actor to gain unauthorized access to a VNC session or to disconnect a legitimate user from a VNC session. A remote attacker with network access to the proxy server could leverage this vulnerability to connect to VNC servers protected by the proxy server without providing any authentication credentials. Exploitation of this issue requires that the proxy server is currently accepting connections for the target VNC server.",
    "permalink": "https://github.com/advisories/GHSA-237r-mx84-7x8c",
    "publishedAt": "2022-09-16T17:11:31Z",
    "withdrawnAt": null,
    "identifiers": [
        {
            "type": "GHSA",
            "value": "GHSA-237r-mx84-7x8c"
        },
        {
            "type": "CVE",
            "value": "CVE-2022-36436"
        }
    ]
}