{
    "ghsaId": "GHSA-pgr7-mhp5-fgjp",
    "severity": "CRITICAL",
    "summary": "vLLM deserialization vulnerability in vllm.distributed.GroupCoordinator.recv_object",
    "description": "vllm-project vllm version 0.6.0 contains a vulnerability in the distributed training API. The function vllm.distributed.GroupCoordinator.recv_object() deserializes received object bytes using pickle.loads() without sanitization, leading to a remote code execution vulnerability.",
    "permalink": "https://github.com/advisories/GHSA-pgr7-mhp5-fgjp",
    "publishedAt": "2025-03-20T12:32:50Z",
    "withdrawnAt": null,
    "identifiers": [
        {
            "type": "GHSA",
            "value": "GHSA-pgr7-mhp5-fgjp"
        },
        {
            "type": "CVE",
            "value": "CVE-2024-9052"
        }
    ]
}