{
    "ghsaId": "GHSA-hcpj-qp55-gfph",
    "severity": "CRITICAL",
    "summary": "GitPython vulnerable to Remote Code Execution due to improper user input validation",
    "description": "All versions of package gitpython are vulnerable to Remote Code Execution (RCE) due to improper user input validation, which makes it possible to inject a maliciously crafted remote URL into the clone command. Exploiting this vulnerability is possible because the library makes external calls to git without sufficient sanitization of input arguments.",
    "permalink": "https://github.com/advisories/GHSA-hcpj-qp55-gfph",
    "publishedAt": "2022-12-06T06:30:17Z",
    "withdrawnAt": null,
    "identifiers": [
        {
            "type": "GHSA",
            "value": "GHSA-hcpj-qp55-gfph"
        },
        {
            "type": "CVE",
            "value": "CVE-2022-24439"
        }
    ]
}