{
    "ghsaId": "GHSA-43fq-w8qq-v88h",
    "severity": "CRITICAL",
    "summary": "Out-of-bounds read in Pillow",
    "description": "In libImaging/SgiRleDecode.c in Pillow through 7.0.0, a number of out-of-bounds reads exist in the parsing of SGI image files, a different issue than CVE-2020-5311.",
    "permalink": "https://github.com/advisories/GHSA-43fq-w8qq-v88h",
    "publishedAt": "2020-07-27T21:52:36Z",
    "withdrawnAt": null,
    "identifiers": [
        {
            "type": "GHSA",
            "value": "GHSA-43fq-w8qq-v88h"
        },
        {
            "type": "CVE",
            "value": "CVE-2020-11538"
        }
    ]
}