{
    "ghsaId": "GHSA-p49h-hjvm-jg3h",
    "severity": "CRITICAL",
    "summary": "PCX P mode buffer overflow in Pillow",
    "description": "libImaging/PcxDecode.c in Pillow before 6.2.2 has a PCX P mode buffer overflow.",
    "permalink": "https://github.com/advisories/GHSA-p49h-hjvm-jg3h",
    "publishedAt": "2021-11-03T18:05:04Z",
    "withdrawnAt": null,
    "identifiers": [
        {
            "type": "GHSA",
            "value": "GHSA-p49h-hjvm-jg3h"
        },
        {
            "type": "CVE",
            "value": "CVE-2020-5312"
        }
    ]
}