{
    "ghsaId": "GHSA-2qmj-7962-cjq8",
    "severity": "CRITICAL",
    "summary": "langchain arbitrary code execution vulnerability",
    "description": "An issue in langchain allows an attacker to execute arbitrary code via the PALChain in the python exec method.",
    "permalink": "https://github.com/advisories/GHSA-2qmj-7962-cjq8",
    "publishedAt": "2023-07-03T21:30:57Z",
    "withdrawnAt": null,
    "identifiers": [
        {
            "type": "GHSA",
            "value": "GHSA-2qmj-7962-cjq8"
        },
        {
            "type": "CVE",
            "value": "CVE-2023-36258"
        }
    ]
}