{
    "ghsaId": "GHSA-mcgx-2gcr-p3hp",
    "severity": "CRITICAL",
    "summary": "LTI JupyterHub Authenticator does not properly validate JWT Signature",
    "description": "### Impact\n\nOnly users that has configured a JupyterHub installation to use the authenticator class `LTI13Authenticator` are influenced.\n\nLTI13Authenticator that was introduced in `jupyterhub-ltiauthenticator` 1.3.0 wasn't validating JWT signatures. This is believed to allow the LTI13Authenticator to authorize a forged request granting access to existing and new user identities.\n\n### Patches\n\nNone.\n\n### Workarounds\n\nNone.\n\n### References\n\n- [This code segment](https://github.com/jupyterhub/ltiauthenticator/blob/3feec2e81b9d3b0ad6b58ab4226af640833039f3/ltiauthenticator/lti13/validator.py#L122-L164) didn't validate a JWT signature.",
    "permalink": "https://github.com/advisories/GHSA-mcgx-2gcr-p3hp",
    "publishedAt": "2025-02-25T17:48:34Z",
    "withdrawnAt": null,
    "identifiers": [
        {
            "type": "GHSA",
            "value": "GHSA-mcgx-2gcr-p3hp"
        },
        {
            "type": "CVE",
            "value": "CVE-2023-25574"
        }
    ]
}