{
    "ghsaId": "GHSA-r38r-qp28-2m63",
    "severity": "CRITICAL",
    "summary": "Code injection in rope",
    "description": "base/oi/doa.py in the Rope library in CPython (aka Python) allows remote attackers to execute arbitrary code by leveraging an unsafe call to pickle.load.",
    "permalink": "https://github.com/advisories/GHSA-r38r-qp28-2m63",
    "publishedAt": "2018-07-26T16:08:49Z",
    "withdrawnAt": null,
    "identifiers": [
        {
            "type": "GHSA",
            "value": "GHSA-r38r-qp28-2m63"
        },
        {
            "type": "CVE",
            "value": "CVE-2014-3539"
        }
    ]
}