{
    "ghsaId": "GHSA-fxc2-8m62-m85x",
    "severity": "CRITICAL",
    "summary": "LlamaIndex includes an exec call for `import {cls_name}`",
    "description": "An issue was discovered in llama_index before 0.10.38. `download/integration.py` includes an exec call for `import {cls_name}`.",
    "permalink": "https://github.com/advisories/GHSA-fxc2-8m62-m85x",
    "publishedAt": "2024-08-22T21:31:29Z",
    "withdrawnAt": null,
    "identifiers": [
        {
            "type": "GHSA",
            "value": "GHSA-fxc2-8m62-m85x"
        },
        {
            "type": "CVE",
            "value": "CVE-2024-45201"
        }
    ]
}