{
    "ghsaId": "GHSA-fvcq-4x64-hqxr",
    "severity": "CRITICAL",
    "summary": "Jupyter Server Proxy has a reflected XSS issue in host parameter",
    "description": "### Impact\n\nThere is a reflected cross-site scripting (XSS) issue in `jupyter-server-proxy`[1]. The `/proxy` endpoint accepts a `host` path segment in the format `/proxy/<host>`. When this endpoint is called with an invalid `host` value, `jupyter-server-proxy` replies with a response that includes the value of `host`, without sanitization [2]. A third-party actor can leverage this by sending a phishing link with an invalid `host` value containing custom JavaScript to a user. When the user clicks this phishing link, the browser renders the response of `GET /proxy/<host>`, which runs the custom JavaScript contained in `host` set by the actor.\nAs any arbitrary JavaScript can be run after the user clicks on a phishing link, this issue permits extensive access to the user's JupyterLab instance for an actor. This issue exists in the latest release of `jupyter-server-proxy`, currently `v4.1.2`.\n**Impacted versions:** `>=3.0.0,<=4.1.2`\n\n### Patches\n\nThe patches are included in `==4.2.0` and `==3.2.4`.\n\n### Workarounds\n\nServer operators who are unable to upgrade can disable the `jupyter-server-proxy` extension with:\n\n```\njupyter server extension disable jupyter-server-proxy\n```\n\n### References\n\n[1] : https://github.com/jupyterhub/jupyter-server-proxy/\n[2] : https://github.com/jupyterhub/jupyter-server-proxy/blob/62a290f08750f7ae55a0c29ca339c9a39a7b2a7b/jupyter_server_proxy/handlers.py#L328",
    "permalink": "https://github.com/advisories/GHSA-fvcq-4x64-hqxr",
    "publishedAt": "2024-06-11T21:12:47Z",
    "withdrawnAt": null,
    "identifiers": [
        {
            "type": "GHSA",
            "value": "GHSA-fvcq-4x64-hqxr"
        },
        {
            "type": "CVE",
            "value": "CVE-2024-35225"
        }
    ]
}