{
    "ghsaId": "GHSA-xg2h-7cxj-3gvh",
    "severity": "CRITICAL",
    "summary": "Withdrawn Advisory: Command injection in Ray",
    "description": "# Withdrawn Advisory\nThis advisory is a duplicate of GHSA-6wgj-66m2-xxp2 / CVE-2023-48022.\n\n# Original Description\nAn issue in Anyscale Inc Ray between v.2.9.3 and v.2.40.0 allows a remote attacker to execute arbitrary code via a crafted script.",
    "permalink": "https://github.com/advisories/GHSA-xg2h-7cxj-3gvh",
    "publishedAt": "2025-02-12T00:32:17Z",
    "withdrawnAt": "2025-02-14T21:30:14Z",
    "identifiers": [
        {
            "type": "GHSA",
            "value": "GHSA-xg2h-7cxj-3gvh"
        },
        {
            "type": "CVE",
            "value": "CVE-2024-57000"
        }
    ]
}