{
    "ghsaId": "GHSA-7488-6x3r-23w5",
    "severity": "CRITICAL",
    "summary": "Ganga allows absolute path traversal",
    "description": "The ganga-devs/ganga repository before 8.5.10 on GitHub allows absolute path traversal because the Flask `send_file` function is used unsafely.",
    "permalink": "https://github.com/advisories/GHSA-7488-6x3r-23w5",
    "publishedAt": "2022-07-13T15:43:03Z",
    "withdrawnAt": null,
    "identifiers": [
        {
            "type": "GHSA",
            "value": "GHSA-7488-6x3r-23w5"
        },
        {
            "type": "CVE",
            "value": "CVE-2022-31507"
        }
    ]
}