{
    "ghsaId": "GHSA-64cw-m57j-65xj",
    "severity": "CRITICAL",
    "summary": "Ansible Arbitrary Code Execution",
    "description": "Multiple argument injection vulnerabilities in Ansible before 1.6.7 allow remote attackers to execute arbitrary code by leveraging access to an Ansible managed host and providing a crafted fact, as demonstrated by a fact with (1) a trailing \" src=\" clause, (2) a trailing \" temp=\" clause, or (3) a trailing \" validate=\" clause accompanied by a shell command.",
    "permalink": "https://github.com/advisories/GHSA-64cw-m57j-65xj",
    "publishedAt": "2022-05-17T19:57:30Z",
    "withdrawnAt": null,
    "identifiers": [
        {
            "type": "GHSA",
            "value": "GHSA-64cw-m57j-65xj"
        },
        {
            "type": "CVE",
            "value": "CVE-2014-4967"
        }
    ]
}