{
    "ghsaId": "GHSA-83fm-w79m-64r5",
    "severity": "CRITICAL",
    "summary": "Remote file access vulnerability in `mlflow server` and `mlflow ui` CLIs",
    "description": "### Impact\n\nUsers of the MLflow Open Source Project who are hosting the MLflow Model Registry using the ``mlflow server`` or ``mlflow ui`` commands using an MLflow version older than **MLflow 2.3.1** may be vulnerable to a remote file access exploit if they are not limiting who can query their server (for example, by using a cloud VPC, an IP allowlist for inbound requests, or authentication / authorization middleware).\n\nThis issue only affects users and integrations that run the ``mlflow server`` and ``mlflow ui`` commands. Integrations that do not make use of ``mlflow server`` or ``mlflow ui`` are unaffected; for example, the Databricks Managed MLflow product and MLflow on Azure Machine Learning do not make use of these commands and are not impacted by these vulnerabilities in any way.\n\nThe vulnerability is very similar to https://nvd.nist.gov/vuln/detail/CVE-2023-1177, and a separate CVE will be published and updated here shortly.\n\n### Patches\n\nThis vulnerability has been patched in MLflow 2.3.1, which was released to PyPI on April 27th, 2023. If you are using ``mlflow server`` or ``mlflow ui`` with the MLflow Model Registry, we recommend upgrading to MLflow 2.3.1 as soon as possible.\n\n### Workarounds\nIf you are using the MLflow open source ``mlflow server`` or ``mlflow ui`` commands, we strongly recommend limiting who can access your MLflow Model Registry and MLflow Tracking servers using a cloud VPC, an IP allowlist for inbound requests, authentication / authorization middleware, or another access restriction mechanism of your choosing.\n\nIf you are using the MLflow open source ``mlflow server`` or ``mlflow ui`` commands, we also strongly recommend limiting the remote files to which your MLflow Model Registry and MLflow Tracking servers have access. For example, if your MLflow Model Registry or MLflow Tracking server uses cloud-hosted blob storage for MLflow artifacts, make sure to restrict the scope of your server's cloud credentials such that it can only access files and directories related to MLflow.\n\n### References\n",
    "permalink": "https://github.com/advisories/GHSA-83fm-w79m-64r5",
    "publishedAt": "2023-05-01T13:43:58Z",
    "withdrawnAt": null,
    "identifiers": [
        {
            "type": "GHSA",
            "value": "GHSA-83fm-w79m-64r5"
        }
    ]
}