{
    "ghsaId": "GHSA-w799-prg3-cx77",
    "severity": "CRITICAL",
    "summary": "python-jose failure to use a constant time comparison for HMAC keys",
    "description": "python-jose before 1.3.2 allows attackers to have unspecified impact by leveraging failure to use a constant time comparison for HMAC keys.",
    "permalink": "https://github.com/advisories/GHSA-w799-prg3-cx77",
    "publishedAt": "2022-05-17T03:02:29Z",
    "withdrawnAt": null,
    "identifiers": [
        {
            "type": "GHSA",
            "value": "GHSA-w799-prg3-cx77"
        },
        {
            "type": "CVE",
            "value": "CVE-2016-7036"
        }
    ]
}