{
    "ghsaId": "GHSA-rf3f-3p37-2qh4",
    "severity": "CRITICAL",
    "summary": "python-scciclient vulnerable to Man-in-the-middle (MITM) attacks",
    "description": "A flaw was found in the python-scciclient when making an HTTPS connection to a server where the server's certificate would not be verified. This issue opens up the connection to possible Man-in-the-middle (MITM) attacks.",
    "permalink": "https://github.com/advisories/GHSA-rf3f-3p37-2qh4",
    "publishedAt": "2022-09-02T00:01:08Z",
    "withdrawnAt": null,
    "identifiers": [
        {
            "type": "GHSA",
            "value": "GHSA-rf3f-3p37-2qh4"
        },
        {
            "type": "CVE",
            "value": "CVE-2022-2996"
        }
    ]
}