{
    "ghsaId": "GHSA-jf28-v5f6-cvpr",
    "severity": "CRITICAL",
    "summary": "NASA AIT-Core vulnerable to remote code execution",
    "description": "An issue in NASA AIT-Core v2.5.2 allows attackers to execute arbitrary code via a crafted packet.",
    "permalink": "https://github.com/advisories/GHSA-jf28-v5f6-cvpr",
    "publishedAt": "2024-05-21T18:31:24Z",
    "withdrawnAt": null,
    "identifiers": [
        {
            "type": "GHSA",
            "value": "GHSA-jf28-v5f6-cvpr"
        },
        {
            "type": "CVE",
            "value": "CVE-2024-35057"
        }
    ]
}