{
    "ghsaId": "GHSA-rrqq-fv6m-692m",
    "severity": "CRITICAL",
    "summary": "vanna vulnerable to remote code execution caused by prompt injection",
    "description": "In the latest version of vanna-ai/vanna, the `vanna.ask` function is vulnerable to remote code execution due to prompt injection. The root cause is the lack of a sandbox when executing LLM-generated code, allowing an attacker to manipulate the code executed by the `exec` function in `src/vanna/base/base.py`. This vulnerability can be exploited by an attacker to achieve remote code execution on the app backend server, potentially gaining full control of the server.",
    "permalink": "https://github.com/advisories/GHSA-rrqq-fv6m-692m",
    "publishedAt": "2024-06-27T21:32:08Z",
    "withdrawnAt": null,
    "identifiers": [
        {
            "type": "GHSA",
            "value": "GHSA-rrqq-fv6m-692m"
        },
        {
            "type": "CVE",
            "value": "CVE-2024-5826"
        }
    ]
}