{
    "ghsaId": "GHSA-8rp6-x3r7-5qw3",
    "severity": "CRITICAL",
    "summary": "SaltStack Salt is vulnerable to shell injection via ProxyCommand argument",
    "description": "An issue was discovered in SaltStack Salt before 3002.5. The salt-api's ssh client is vulnerable to a shell injection by including ProxyCommand in an argument, or via ssh_options provided in an API request.",
    "permalink": "https://github.com/advisories/GHSA-8rp6-x3r7-5qw3",
    "publishedAt": "2022-05-24T17:43:23Z",
    "withdrawnAt": null,
    "identifiers": [
        {
            "type": "GHSA",
            "value": "GHSA-8rp6-x3r7-5qw3"
        },
        {
            "type": "CVE",
            "value": "CVE-2021-3197"
        }
    ]
}