{
    "ghsaId": "GHSA-g594-55mp-f6q8",
    "severity": "CRITICAL",
    "summary": "Improper Privilege Management in rdiffweb",
    "description": "Unauthorized access to settings update, logs , history, delete etc in GitHub repository ikus060/rdiffweb prior to 2.5.2.",
    "permalink": "https://github.com/advisories/GHSA-g594-55mp-f6q8",
    "publishedAt": "2022-12-12T18:30:27Z",
    "withdrawnAt": null,
    "identifiers": [
        {
            "type": "GHSA",
            "value": "GHSA-g594-55mp-f6q8"
        },
        {
            "type": "CVE",
            "value": "CVE-2022-4314"
        }
    ]
}