{
    "ghsaId": "GHSA-97cv-6pjf-5f9q",
    "severity": "CRITICAL",
    "summary": "AsyncSSH SSH Server Authentication Bypass",
    "description": "The SSH server implementation of AsyncSSH before 1.12.1 does not properly check whether authentication is completed before processing other requests. A customized SSH client can simply skip the authentication step.",
    "permalink": "https://github.com/advisories/GHSA-97cv-6pjf-5f9q",
    "publishedAt": "2022-05-14T01:29:12Z",
    "withdrawnAt": null,
    "identifiers": [
        {
            "type": "GHSA",
            "value": "GHSA-97cv-6pjf-5f9q"
        },
        {
            "type": "CVE",
            "value": "CVE-2018-7749"
        }
    ]
}