{
    "ghsaId": "GHSA-7wqf-h36w-47mc",
    "severity": "CRITICAL",
    "summary": "OS Command Injection in Apache Airflow",
    "description": "Improper Neutralization of Special Elements used in an OS Command ('OS Command Injection') vulnerability in Apache Airflow Pinot Provider, Apache Airflow allows an attacker to control commands executed in the task execution context, without write access to DAG files. This issue affects Apache Airflow Pinot Provider versions prior to 4.0.0. It also impacts any Apache Airflow versions prior to 2.3.0 in case Apache Airflow Pinot Provider is installed (Apache Airflow Pinot Provider 4.0.0 can only be installed for Airflow 2.3.0+). Note that you need to manually install the Pinot Provider version 4.0.0 in order to get rid of the vulnerability on top of Airflow 2.3.0+ version.",
    "permalink": "https://github.com/advisories/GHSA-7wqf-h36w-47mc",
    "publishedAt": "2022-11-22T12:30:22Z",
    "withdrawnAt": null,
    "identifiers": [
        {
            "type": "GHSA",
            "value": "GHSA-7wqf-h36w-47mc"
        },
        {
            "type": "CVE",
            "value": "CVE-2022-38649"
        }
    ]
}