{
    "ghsaId": "GHSA-vxp9-wv2f-wqmw",
    "severity": "CRITICAL",
    "summary": "Deserialization of Untrusted Data in superset",
    "description": "Versions of Superset prior to 0.23 used an unsafe load method from the pickle library to deserialize data leading to possible remote code execution. Note Superset 0.23 was released prior to any Superset release under the Apache Software Foundation.",
    "permalink": "https://github.com/advisories/GHSA-vxp9-wv2f-wqmw",
    "publishedAt": "2018-11-09T17:40:56Z",
    "withdrawnAt": null,
    "identifiers": [
        {
            "type": "GHSA",
            "value": "GHSA-vxp9-wv2f-wqmw"
        },
        {
            "type": "CVE",
            "value": "CVE-2018-8021"
        }
    ]
}