{
    "ghsaId": "GHSA-wv28-7fpw-fj49",
    "severity": "CRITICAL",
    "summary": "Lektor does not sanitize database path traversal",
    "description": "Lektor before 3.3.11 does not sanitize DB path traversal. Thus, shell commands might be executed via a file that is added to the templates directory, if the victim's web browser accesses an untrusted website that uses JavaScript to send requests to localhost port 5000, and the web browser is running on the same machine as the \"lektor server\" command.",
    "permalink": "https://github.com/advisories/GHSA-wv28-7fpw-fj49",
    "publishedAt": "2024-03-27T06:30:33Z",
    "withdrawnAt": null,
    "identifiers": [
        {
            "type": "GHSA",
            "value": "GHSA-wv28-7fpw-fj49"
        },
        {
            "type": "CVE",
            "value": "CVE-2024-28335"
        }
    ]
}