{
    "ghsaId": "GHSA-793v-r35j-9rp9",
    "severity": "CRITICAL",
    "summary": "Openstack Magnum Unsafe Credential Handling",
    "description": "OpenStack Magnum passes OpenStack credentials into the Heat templates creating its instances. While these should just be used for retrieving the instances' SSL certificates, they allow full API access, though and can be used to perform any API operation the user is authorized to perform.",
    "permalink": "https://github.com/advisories/GHSA-793v-r35j-9rp9",
    "publishedAt": "2022-05-24T16:48:34Z",
    "withdrawnAt": null,
    "identifiers": [
        {
            "type": "GHSA",
            "value": "GHSA-793v-r35j-9rp9"
        },
        {
            "type": "CVE",
            "value": "CVE-2016-7404"
        }
    ]
}