{
    "ghsaId": "GHSA-5xvc-vgmp-jgc3",
    "severity": "CRITICAL",
    "summary": "Improper Access Control in jupyterhub-firstuseauthenticator",
    "description": "### Impact\n\nWhen JupyterHub is used with FirstUseAuthenticator, the vulnerability allows unauthorized access to any user's account if `create_users=True` and the username is known or guessed.\n\n### Patches\n\nUpgrade to jupyterhub-firstuseauthenticator to 1.0, or apply patch https://github.com/jupyterhub/firstuseauthenticator/pull/38.patch\n\n### Workarounds\n\nIf you cannot upgrade, there is no complete workaround, but it can be mitigated.\n\nIf you cannot upgrade yet, you can disable user creation with `c.FirstUseAuthenticator.create_users = False`, which will only allow login with fully normalized usernames for already existing users prior to jupyterhub-firstuserauthenticator 1.0. If any users have never logged in with their normalized username (i.e. lowercase), they will still be vulnerable until you can patch or upgrade.",
    "permalink": "https://github.com/advisories/GHSA-5xvc-vgmp-jgc3",
    "publishedAt": "2021-10-28T23:13:57Z",
    "withdrawnAt": null,
    "identifiers": [
        {
            "type": "GHSA",
            "value": "GHSA-5xvc-vgmp-jgc3"
        },
        {
            "type": "CVE",
            "value": "CVE-2021-41194"
        }
    ]
}