{
    "ghsaId": "GHSA-prgp-w7vf-ch62",
    "severity": "CRITICAL",
    "summary": "LangChain vulnerable to arbitrary code execution",
    "description": "An issue in langchain langchain-ai before version 0.0.325 allows a remote attacker to execute arbitrary code via a crafted script to the PythonAstREPLTool._run component.",
    "permalink": "https://github.com/advisories/GHSA-prgp-w7vf-ch62",
    "publishedAt": "2023-08-15T18:31:32Z",
    "withdrawnAt": null,
    "identifiers": [
        {
            "type": "GHSA",
            "value": "GHSA-prgp-w7vf-ch62"
        },
        {
            "type": "CVE",
            "value": "CVE-2023-39659"
        }
    ]
}