{
    "ghsaId": "GHSA-rf7p-79xq-8xwm",
    "severity": "CRITICAL",
    "summary": "PaddlePaddle command injection in _wget_download",
    "description": "PaddlePaddle before 2.6.0 has a command injection in _wget_download. This resulted in the ability to execute arbitrary commands on the operating system.\n\n\n\n\n\n\n\n",
    "permalink": "https://github.com/advisories/GHSA-rf7p-79xq-8xwm",
    "publishedAt": "2024-01-03T09:30:33Z",
    "withdrawnAt": null,
    "identifiers": [
        {
            "type": "GHSA",
            "value": "GHSA-rf7p-79xq-8xwm"
        },
        {
            "type": "CVE",
            "value": "CVE-2023-52311"
        }
    ]
}