{
    "ghsaId": "GHSA-6q97-8v3g-rpxw",
    "severity": "CRITICAL",
    "summary": "Apache Submarine Server Core Incorrect Authorization vulnerability",
    "description": "Incorrect Authorization vulnerability in Apache Submarine Server Core.\n\nThis issue affects Apache Submarine Server Core: from 0.8.0.\n\nAs this project is retired, we do not plan to release a version that fixes this issue. Users are recommended to find an alternative or restrict access to the instance to trusted users.\n\nNOTE: This vulnerability only affects products that are no longer supported by the maintainer.",
    "permalink": "https://github.com/advisories/GHSA-6q97-8v3g-rpxw",
    "publishedAt": "2024-06-12T15:31:45Z",
    "withdrawnAt": null,
    "identifiers": [
        {
            "type": "GHSA",
            "value": "GHSA-6q97-8v3g-rpxw"
        },
        {
            "type": "CVE",
            "value": "CVE-2024-36265"
        }
    ]
}