{
    "ghsaId": "GHSA-4vq7-8699-4xgc",
    "severity": "CRITICAL",
    "summary": "WMAgent arbitrary code execution via a crafted dbs-client package",
    "description": "WMAgent v1.3.3rc2 and 1.3.3rc1, reqmgr2 1.4.1rc5 and 1.4.0rc2, reqmon 1.4.1rc5, and global-workqueue 1.4.1rc5 allows attackers to execute arbitrary code via a crafted dbs-client package.",
    "permalink": "https://github.com/advisories/GHSA-4vq7-8699-4xgc",
    "publishedAt": "2022-07-29T00:00:17Z",
    "withdrawnAt": null,
    "identifiers": [
        {
            "type": "GHSA",
            "value": "GHSA-4vq7-8699-4xgc"
        },
        {
            "type": "CVE",
            "value": "CVE-2022-34558"
        }
    ]
}