{
    "ghsaId": "GHSA-mj63-64x7-57xf",
    "severity": "CRITICAL",
    "summary": "Path traversal in impacket",
    "description": "Multiple path traversal vulnerabilities exist in smbserver.py in Impacket before 0.9.23. An attacker that connects to a running smbserver instance can list and write to arbitrary files via ../ directory traversal. This could potentially be abused to achieve arbitrary code execution by replacing /etc/shadow or an SSH authorized key.",
    "permalink": "https://github.com/advisories/GHSA-mj63-64x7-57xf",
    "publishedAt": "2021-06-18T18:43:14Z",
    "withdrawnAt": null,
    "identifiers": [
        {
            "type": "GHSA",
            "value": "GHSA-mj63-64x7-57xf"
        },
        {
            "type": "CVE",
            "value": "CVE-2021-31800"
        }
    ]
}