{
    "ghsaId": "GHSA-qg47-5px9-32g7",
    "severity": "CRITICAL",
    "summary": "Ansible Remote Code Execution",
    "description": "The `safe_eval` function in Ansible before 1.5.4 does not properly restrict the code subset, which allows remote attackers to execute arbitrary code via crafted instructions.",
    "permalink": "https://github.com/advisories/GHSA-qg47-5px9-32g7",
    "publishedAt": "2022-05-17T19:57:32Z",
    "withdrawnAt": null,
    "identifiers": [
        {
            "type": "GHSA",
            "value": "GHSA-qg47-5px9-32g7"
        },
        {
            "type": "CVE",
            "value": "CVE-2014-4657"
        }
    ]
}