{
    "ghsaId": "GHSA-qgvw-qc2q-gv5q",
    "severity": "CRITICAL",
    "summary": "Django Tastypie Improper Deserialization of YAML Data",
    "description": "The `from_yaml` method in serializers.py in Django Tastypie before 0.9.10 does not properly deserialize YAML data, which allows remote attackers to execute arbitrary Python code via vectors related to the yaml.load method.",
    "permalink": "https://github.com/advisories/GHSA-qgvw-qc2q-gv5q",
    "publishedAt": "2022-05-14T03:08:09Z",
    "withdrawnAt": null,
    "identifiers": [
        {
            "type": "GHSA",
            "value": "GHSA-qgvw-qc2q-gv5q"
        },
        {
            "type": "CVE",
            "value": "CVE-2011-4104"
        }
    ]
}