{
    "ghsaId": "GHSA-8fxr-qfr9-p34w",
    "severity": "CRITICAL",
    "summary": "TorchServe Server-Side Request Forgery vulnerability",
    "description": "## Impact\n**Remote Server-Side Request Forgery (SSRF)**\n    **Issue**: TorchServe default configuration lacks proper input validation, enabling third parties to invoke remote HTTP download requests and write files to the disk. This issue could be taken advantage of to compromise the integrity of the system and sensitive data. This issue is present in versions `0.1.0` to `0.8.1`.\n    **Mitigation**: The user is able to load the model of their choice from any URL that they would like to use. The user of TorchServe is responsible for configuring both the [allowed_urls](https://github.com/pytorch/serve/blob/b3eced56b4d9d5d3b8597aa506a0bcf954d291bc/docs/configuration.md?plain=1#L296) and specifying the model URL to be used. A pull request to warn the user when the default value for `allowed_urls` is used has been merged - https://github.com/pytorch/serve/pull/2534. TorchServe release `0.8.2` includes this change.\n\n## Patches\n\n## TorchServe release 0.8.2 includes fixes to address the previously listed issue:\n\nhttps://github.com/pytorch/serve/releases/tag/v0.8.2\n\n**Tags for upgraded DLC release**\nUser can use the following new image tags to pull DLCs that ship with patched TorchServe version 0.8.2:\nx86 GPU\n\n* v1.9-pt-ec2-2.0.1-inf-gpu-py310\n* v1.8-pt-sagemaker-2.0.1-inf-gpu-py310\n\nx86 CPU\n\n* v1.8-pt-ec2-2.0.1-inf-cpu-py310\n* v1.7-pt-sagemaker-2.0.1-inf-cpu-py310\n\nGraviton\n\n* v1.7-pt-graviton-ec2-2.0.1-inf-cpu-py310\n* v1.5-pt-graviton-sagemaker-2.0.1-inf-cpu-py310\n\nNeuron\n\n* 1.13.1-neuron-py310-sdk2.13.2-ubuntu20.04\n* 1.13.1-neuronx-py310-sdk2.13.2-ubuntu20.04\n* 1.13.1-neuronx-py310-sdk2.13.2-ubuntu20.04\n\nThe full DLC image URI details can be found at: https://github.com/aws/deep-learning-containers/blob/master/available_images.md#available-deep-learning-containers-images\n\n## References\nhttps://github.com/pytorch/serve/blob/b3eced56b4d9d5d3b8597aa506a0bcf954d291bc/docs/configuration.md?plain=1#L296\nhttps://github.com/pytorch/serve/pull/2534\nhttps://github.com/pytorch/serve/releases/tag/v0.8.2\nhttps://github.com/aws/deep-learning-containers/blob/master/available_images.md#available-deep-learning-containers-images\n\n## Credit\nWe would like to thank Oligo Security for responsibly disclosing this issue and working with us on its resolution.\nIf you have any questions or comments about this advisory, we ask that you contact AWS/Amazon Security via our [vulnerability reporting page](https://aws.amazon.com/security/vulnerability-reporting[)](https://aws.amazon.com/security/vulnerability-reporting)) or directly via email to [aws-security@amazon.com](mailto:aws-security@amazon.com). Please do not create a public GitHub issue.",
    "permalink": "https://github.com/advisories/GHSA-8fxr-qfr9-p34w",
    "publishedAt": "2023-10-02T20:39:20Z",
    "withdrawnAt": null,
    "identifiers": [
        {
            "type": "GHSA",
            "value": "GHSA-8fxr-qfr9-p34w"
        },
        {
            "type": "CVE",
            "value": "CVE-2023-43654"
        }
    ]
}