{
    "ghsaId": "GHSA-rhhj-5436-95vf",
    "severity": "CRITICAL",
    "summary": "Code execution in Embedchain",
    "description": "The OpenAPI loader in Embedchain before 0.1.57 allows attackers to execute arbitrary code, related to the openapi.py yaml.load function argument.",
    "permalink": "https://github.com/advisories/GHSA-rhhj-5436-95vf",
    "publishedAt": "2024-01-21T18:30:34Z",
    "withdrawnAt": null,
    "identifiers": [
        {
            "type": "GHSA",
            "value": "GHSA-rhhj-5436-95vf"
        },
        {
            "type": "CVE",
            "value": "CVE-2024-23731"
        }
    ]
}