{
    "ghsaId": "GHSA-grmf-4fq6-2r79",
    "severity": "CRITICAL",
    "summary": "aubio Buffer Overflow vulnerability",
    "description": "aubio v0.4.0 to v0.4.8 has a Buffer Overflow in `new_aubio_tempo`.",
    "permalink": "https://github.com/advisories/GHSA-grmf-4fq6-2r79",
    "publishedAt": "2019-07-26T16:10:28Z",
    "withdrawnAt": null,
    "identifiers": [
        {
            "type": "GHSA",
            "value": "GHSA-grmf-4fq6-2r79"
        },
        {
            "type": "CVE",
            "value": "CVE-2018-19800"
        }
    ]
}