{
    "ghsaId": "GHSA-2gwj-7jmv-h26r",
    "severity": "CRITICAL",
    "summary": "SQL Injection in Django",
    "description": "An issue was discovered in Django 2.2 before 2.2.28, 3.2 before 3.2.13, and 4.0 before 4.0.4. `QuerySet.annotate()`, `aggregate()`, and `extra()` methods are subject to SQL injection in column aliases via a crafted dictionary (with dictionary expansion) as the passed `**kwargs`.",
    "permalink": "https://github.com/advisories/GHSA-2gwj-7jmv-h26r",
    "publishedAt": "2022-04-13T00:00:33Z",
    "withdrawnAt": null,
    "identifiers": [
        {
            "type": "GHSA",
            "value": "GHSA-2gwj-7jmv-h26r"
        },
        {
            "type": "CVE",
            "value": "CVE-2022-28346"
        }
    ]
}