{
    "ghsaId": "GHSA-xqgj-r6xv-9cw4",
    "severity": "CRITICAL",
    "summary": "Dask Vulnerable to Command Injection",
    "description": "Dask versions <=2024.8.2 contain a vulnerability in the Dask Distributed Server where the use of pickle serialization allows attackers to craft malicious objects. These objects can be serialized on the client side and sent to the server for deserialization, leading to remote command execution and potentially granting full control over the Dask server.",
    "permalink": "https://github.com/advisories/GHSA-xqgj-r6xv-9cw4",
    "publishedAt": "2025-03-20T12:32:38Z",
    "withdrawnAt": null,
    "identifiers": [
        {
            "type": "GHSA",
            "value": "GHSA-xqgj-r6xv-9cw4"
        },
        {
            "type": "CVE",
            "value": "CVE-2024-10096"
        }
    ]
}