{
    "ghsaId": "GHSA-mffc-9gx5-99g3",
    "severity": "CRITICAL",
    "summary": "python-kerberos vulnerable to KDC spoofing attacks",
    "description": "The `checkPassword` function in python-kerberos does not authenticate the KDC it attempts to communicate with, which allows remote attackers to cause a denial of service (bad response), or have other unspecified impact by performing a man-in-the-middle attack.",
    "permalink": "https://github.com/advisories/GHSA-mffc-9gx5-99g3",
    "publishedAt": "2022-05-14T01:46:42Z",
    "withdrawnAt": null,
    "identifiers": [
        {
            "type": "GHSA",
            "value": "GHSA-mffc-9gx5-99g3"
        },
        {
            "type": "CVE",
            "value": "CVE-2015-3206"
        }
    ]
}