{
    "ghsaId": "GHSA-65rm-h285-5cc5",
    "severity": "CRITICAL",
    "summary": "Improper Certificate Validation in Twisted",
    "description": "In words.protocols.jabber.xmlstream in Twisted through 19.2.1, XMPP support did not verify certificates when used with TLS, allowing an attacker to MITM connections.",
    "permalink": "https://github.com/advisories/GHSA-65rm-h285-5cc5",
    "publishedAt": "2019-08-16T14:02:35Z",
    "withdrawnAt": null,
    "identifiers": [
        {
            "type": "GHSA",
            "value": "GHSA-65rm-h285-5cc5"
        },
        {
            "type": "CVE",
            "value": "CVE-2019-12855"
        }
    ]
}