{
    "ghsaId": "GHSA-9v2f-6vcg-3hgv",
    "severity": "CRITICAL",
    "summary": "Gradio was discovered to contain a code injection vulnerability via the component /gradio/component_meta.py",
    "description": "Gradio v4.36.1 was discovered to contain a code injection vulnerability via the component /gradio/component_meta.py. This vulnerability is triggered via a crafted input.",
    "permalink": "https://github.com/advisories/GHSA-9v2f-6vcg-3hgv",
    "publishedAt": "2024-07-01T21:31:15Z",
    "withdrawnAt": null,
    "identifiers": [
        {
            "type": "GHSA",
            "value": "GHSA-9v2f-6vcg-3hgv"
        },
        {
            "type": "CVE",
            "value": "CVE-2024-39236"
        }
    ]
}