{
    "ghsaId": "GHSA-chj7-w3f6-cvfj",
    "severity": "CRITICAL",
    "summary": "Code Injection in paddlepaddle",
    "description": "The vulnerability arises from the way the url parameter is incorporated into the command string without proper validation or sanitization. If the url is constructed from untrusted sources, an attacker could potentially inject malicious commands.",
    "permalink": "https://github.com/advisories/GHSA-chj7-w3f6-cvfj",
    "publishedAt": "2024-01-20T21:30:25Z",
    "withdrawnAt": null,
    "identifiers": [
        {
            "type": "GHSA",
            "value": "GHSA-chj7-w3f6-cvfj"
        },
        {
            "type": "CVE",
            "value": "CVE-2024-0521"
        }
    ]
}