{
    "ghsaId": "GHSA-gr58-76rp-mmg4",
    "severity": "CRITICAL",
    "summary": "wger vulnerable to brute force attempts",
    "description": "Improper Restriction of Excessive Authentication Attempts in GitHub repository wger-project/wger prior to 2.2.",
    "permalink": "https://github.com/advisories/GHSA-gr58-76rp-mmg4",
    "publishedAt": "2022-11-24T18:30:26Z",
    "withdrawnAt": null,
    "identifiers": [
        {
            "type": "GHSA",
            "value": "GHSA-gr58-76rp-mmg4"
        },
        {
            "type": "CVE",
            "value": "CVE-2022-2650"
        }
    ]
}