{
    "ghsaId": "GHSA-qwqv-j7jr-4hp6",
    "severity": "CRITICAL",
    "summary": "Argument injection in python-libnmap",
    "description": "In the python-libnmap package through 0.7.2 for Python, remote command execution can occur (if used in a client application that does not validate arguments).",
    "permalink": "https://github.com/advisories/GHSA-qwqv-j7jr-4hp6",
    "publishedAt": "2022-05-06T00:00:54Z",
    "withdrawnAt": null,
    "identifiers": [
        {
            "type": "GHSA",
            "value": "GHSA-qwqv-j7jr-4hp6"
        },
        {
            "type": "CVE",
            "value": "CVE-2022-30284"
        }
    ]
}