{
    "ghsaId": "GHSA-q53j-p6r2-g2v4",
    "severity": "CRITICAL",
    "summary": "SaltStack Salt is vulnerable to command injection",
    "description": "In SaltStack Salt before 2019.2.3, the salt-api NET API with the ssh client enabled is vulnerable to command injection. This allows an unauthenticated attacker with network access to the API endpoint to execute arbitrary code on the salt-api host.",
    "permalink": "https://github.com/advisories/GHSA-q53j-p6r2-g2v4",
    "publishedAt": "2022-05-24T17:06:52Z",
    "withdrawnAt": null,
    "identifiers": [
        {
            "type": "GHSA",
            "value": "GHSA-q53j-p6r2-g2v4"
        },
        {
            "type": "CVE",
            "value": "CVE-2019-17361"
        }
    ]
}