{
    "ghsaId": "GHSA-84cw-mxhv-qvv4",
    "severity": "CRITICAL",
    "summary": "Radicale is vulnerable to directory traversal on Windows Filesystem Storage Backend component",
    "description": "The filesystem storage backend in Radicale before 1.1 on Windows allows remote attackers to read or write to arbitrary files via a crafted path, as demonstrated by /c:/file/ignore.",
    "permalink": "https://github.com/advisories/GHSA-84cw-mxhv-qvv4",
    "publishedAt": "2022-05-17T03:43:03Z",
    "withdrawnAt": null,
    "identifiers": [
        {
            "type": "GHSA",
            "value": "GHSA-84cw-mxhv-qvv4"
        },
        {
            "type": "CVE",
            "value": "CVE-2016-1505"
        }
    ]
}