{
    "ghsaId": "GHSA-2rp8-hff9-c5wr",
    "severity": "CRITICAL",
    "summary": "PaddlePaddle Path Traversal vulnerability",
    "description": "Arbitrary File Overwrite Via Path Traversal in paddlepaddle/paddle before 2.6",
    "permalink": "https://github.com/advisories/GHSA-2rp8-hff9-c5wr",
    "publishedAt": "2024-03-07T15:30:38Z",
    "withdrawnAt": null,
    "identifiers": [
        {
            "type": "GHSA",
            "value": "GHSA-2rp8-hff9-c5wr"
        },
        {
            "type": "CVE",
            "value": "CVE-2024-0818"
        }
    ]
}