{
    "ghsaId": "GHSA-6643-h7h5-x9wh",
    "severity": "CRITICAL",
    "summary": "Langchain vulnerable to arbitrary code execution",
    "description": "Langchain 0.0.171 is vulnerable to Arbitrary code execution in `load_prompt`.",
    "permalink": "https://github.com/advisories/GHSA-6643-h7h5-x9wh",
    "publishedAt": "2023-06-20T15:31:09Z",
    "withdrawnAt": null,
    "identifiers": [
        {
            "type": "GHSA",
            "value": "GHSA-6643-h7h5-x9wh"
        },
        {
            "type": "CVE",
            "value": "CVE-2023-34541"
        }
    ]
}