{
    "ghsaId": "GHSA-9g2w-5f3v-mfmm",
    "severity": "CRITICAL",
    "summary": "Insecure default config of Celery worker in Apache Airflow",
    "description": "An issue was found in Apache Airflow versions 1.10.10 and below. When using CeleryExecutor, if an attack can connect to the broker (Redis, RabbitMQ) directly, it was possible to insert a malicious payload directly to the broker which could lead to a deserialization attack (and thus remote code execution) on the Worker.",
    "permalink": "https://github.com/advisories/GHSA-9g2w-5f3v-mfmm",
    "publishedAt": "2020-07-27T16:57:33Z",
    "withdrawnAt": null,
    "identifiers": [
        {
            "type": "GHSA",
            "value": "GHSA-9g2w-5f3v-mfmm"
        },
        {
            "type": "CVE",
            "value": "CVE-2020-11982"
        }
    ]
}