{
    "ghsaId": "GHSA-jhjh-ghwx-6h7r",
    "severity": "CRITICAL",
    "summary": "modulemd uses an unsafe function for processing externally provided data",
    "description": "modulemd 1.3.1 and earlier uses an unsafe function for processing externally provided data, leading to remote code execution.",
    "permalink": "https://github.com/advisories/GHSA-jhjh-ghwx-6h7r",
    "publishedAt": "2019-01-17T13:56:18Z",
    "withdrawnAt": null,
    "identifiers": [
        {
            "type": "GHSA",
            "value": "GHSA-jhjh-ghwx-6h7r"
        },
        {
            "type": "CVE",
            "value": "CVE-2017-1002157"
        }
    ]
}