{
    "ghsaId": "GHSA-gcjf-29m9-888q",
    "severity": "CRITICAL",
    "summary": "PaddlePaddle vulnerable to Code Injection",
    "description": "Code injection in `paddle.audio.functional.get_window` in PaddlePaddle 2.4.0-rc0 allows arbitrary code execution. A [patch](https://github.com/PaddlePaddle/Paddle/commit/26c419ca386aeae3c461faf2b828d00b48e908eb) is available on the `develop` branch of the repository and anticipated to be part of a 2.4 release.",
    "permalink": "https://github.com/advisories/GHSA-gcjf-29m9-888q",
    "publishedAt": "2022-12-07T09:30:23Z",
    "withdrawnAt": null,
    "identifiers": [
        {
            "type": "GHSA",
            "value": "GHSA-gcjf-29m9-888q"
        },
        {
            "type": "CVE",
            "value": "CVE-2022-46742"
        }
    ]
}