{
    "ghsaId": "GHSA-66c7-5pwv-mm3j",
    "severity": "CRITICAL",
    "summary": "Ansible Code Injection Vulnerability",
    "description": "The safe_eval function in Ansible before 1.6.4 does not properly restrict the code subset, which allows remote attackers to execute arbitrary code via crafted instructions. NOTE: this vulnerability exists because of an incomplete fix for CVE-2014-4657.",
    "permalink": "https://github.com/advisories/GHSA-66c7-5pwv-mm3j",
    "publishedAt": "2022-05-24T22:01:18Z",
    "withdrawnAt": null,
    "identifiers": [
        {
            "type": "GHSA",
            "value": "GHSA-66c7-5pwv-mm3j"
        },
        {
            "type": "CVE",
            "value": "CVE-2014-4678"
        }
    ]
}