{
    "ghsaId": "GHSA-h65g-jfqg-2w6m",
    "severity": "CRITICAL",
    "summary": "Server-Side Request Forgery in calibreweb",
    "description": "calibreweb prior to version 0.6.17 is vulnerable to server-side request forgery (SSRF). This is a result of incomplete SSRF protection that can be bypassed via an HTTP redirect. An HTTP server set up to respond with a 302 redirect may redirect a request to `localhost`.",
    "permalink": "https://github.com/advisories/GHSA-h65g-jfqg-2w6m",
    "publishedAt": "2022-03-08T00:00:31Z",
    "withdrawnAt": null,
    "identifiers": [
        {
            "type": "GHSA",
            "value": "GHSA-h65g-jfqg-2w6m"
        },
        {
            "type": "CVE",
            "value": "CVE-2022-0767"
        }
    ]
}