{
    "ghsaId": "GHSA-m52m-2qpx-9j4j",
    "severity": "CRITICAL",
    "summary": "Zope Object Database (ZODB) Arbitrary files reading and deletion",
    "description": "Unspecified vulnerability in the Zope Enterprise Objects (ZEO) storage-server functionality in Zope Object Database (ZODB) 3.8 before 3.8.3 and 3.9.x before 3.9.0c2, when certain ZEO database sharing and blob support are enabled, allows remote authenticated users to read or delete arbitrary files via unknown vectors.",
    "permalink": "https://github.com/advisories/GHSA-m52m-2qpx-9j4j",
    "publishedAt": "2022-05-02T03:37:58Z",
    "withdrawnAt": null,
    "identifiers": [
        {
            "type": "GHSA",
            "value": "GHSA-m52m-2qpx-9j4j"
        },
        {
            "type": "CVE",
            "value": "CVE-2009-2701"
        }
    ]
}