{
    "ghsaId": "GHSA-jg4f-jqm5-4mgq",
    "severity": "CRITICAL",
    "summary": "Ansible fails to properly sanitize fact variables sent from the Ansible controller",
    "description": "Ansible before version 2.2.0 fails to properly sanitize fact variables sent from the Ansible controller. An attacker with the ability to create special variables on the controller could execute arbitrary commands on Ansible clients as the user Ansible runs as.",
    "permalink": "https://github.com/advisories/GHSA-jg4f-jqm5-4mgq",
    "publishedAt": "2018-10-10T17:23:14Z",
    "withdrawnAt": null,
    "identifiers": [
        {
            "type": "GHSA",
            "value": "GHSA-jg4f-jqm5-4mgq"
        },
        {
            "type": "CVE",
            "value": "CVE-2016-8628"
        }
    ]
}