{
    "ghsaId": "GHSA-jw36-mrvg-j5fx",
    "severity": "CRITICAL",
    "summary": "Rdiffweb subject to Business Logic Errors",
    "description": "Business Logic Errors in GitHub repository ikus060/rdiffweb prior to 2.5.0a7.",
    "permalink": "https://github.com/advisories/GHSA-jw36-mrvg-j5fx",
    "publishedAt": "2022-10-27T12:00:27Z",
    "withdrawnAt": null,
    "identifiers": [
        {
            "type": "GHSA",
            "value": "GHSA-jw36-mrvg-j5fx"
        },
        {
            "type": "CVE",
            "value": "CVE-2022-3363"
        }
    ]
}