{
    "ghsaId": "GHSA-ch3j-w953-hfcm",
    "severity": "CRITICAL",
    "summary": "graphite-web is vulnerable to Remote Code Execution",
    "description": "Graphite 0.9.5 through 0.9.10 uses the pickle Python module unsafely, which allows remote attackers to execute arbitrary code via a crafted serialized object, related to (1) remote_storage.py, (2) storage.py, (3) render/datalib.py, and (4) whitelist/views.py, a different vulnerability than CVE-2013-5093.",
    "permalink": "https://github.com/advisories/GHSA-ch3j-w953-hfcm",
    "publishedAt": "2022-05-17T05:03:05Z",
    "withdrawnAt": null,
    "identifiers": [
        {
            "type": "GHSA",
            "value": "GHSA-ch3j-w953-hfcm"
        },
        {
            "type": "CVE",
            "value": "CVE-2013-5942"
        }
    ]
}