{
    "ghsaId": "GHSA-738x-v49g-p6hx",
    "severity": "CRITICAL",
    "summary": "Scalyr Agent 2 Missing SSL Certificate Validation",
    "description": "The Scalyr Agent before 2.1.10 has Missing SSL Certificate Validation because, in some circumstances, native Python code is used that lacks a comparison of the hostname to commonName and subjectAltName.",
    "permalink": "https://github.com/advisories/GHSA-738x-v49g-p6hx",
    "publishedAt": "2022-05-24T17:26:55Z",
    "withdrawnAt": null,
    "identifiers": [
        {
            "type": "GHSA",
            "value": "GHSA-738x-v49g-p6hx"
        },
        {
            "type": "CVE",
            "value": "CVE-2020-24715"
        }
    ]
}