{
    "ghsaId": "GHSA-pvhp-v9qp-xf5r",
    "severity": "CRITICAL",
    "summary": "Django-piston and Django-tastypie do not properly deserialize YAML data",
    "description": "emitters.py in Django Piston before 0.2.3 and 0.2.x before 0.2.2.1 does not properly deserialize YAML data, which allows remote attackers to execute arbitrary Python code via vectors related to the yaml.load method.\n\nDjango Tastypie has a very similar vulnerability.",
    "permalink": "https://github.com/advisories/GHSA-pvhp-v9qp-xf5r",
    "publishedAt": "2018-07-23T19:50:48Z",
    "withdrawnAt": null,
    "identifiers": [
        {
            "type": "GHSA",
            "value": "GHSA-pvhp-v9qp-xf5r"
        },
        {
            "type": "CVE",
            "value": "CVE-2011-4103"
        }
    ]
}