{
    "ghsaId": "GHSA-r7rm-8j6h-r933",
    "severity": "CRITICAL",
    "summary": "Buffer Copy without Checking Size of Input in Pillow",
    "description": "`libImaging/SgiRleDecode.c` in Pillow before 6.2.2 has an SGI buffer overflow.",
    "permalink": "https://github.com/advisories/GHSA-r7rm-8j6h-r933",
    "publishedAt": "2022-05-24T17:05:33Z",
    "withdrawnAt": null,
    "identifiers": [
        {
            "type": "GHSA",
            "value": "GHSA-r7rm-8j6h-r933"
        },
        {
            "type": "CVE",
            "value": "CVE-2020-5311"
        }
    ]
}