{
    "ghsaId": "GHSA-3863-2447-669p",
    "severity": "CRITICAL",
    "summary": "transformers has a Deserialization of Untrusted Data vulnerability",
    "description": "Deserialization of Untrusted Data in GitHub repository huggingface/transformers prior to 4.36.0.",
    "permalink": "https://github.com/advisories/GHSA-3863-2447-669p",
    "publishedAt": "2023-12-19T15:30:30Z",
    "withdrawnAt": null,
    "identifiers": [
        {
            "type": "GHSA",
            "value": "GHSA-3863-2447-669p"
        },
        {
            "type": "CVE",
            "value": "CVE-2023-6730"
        }
    ]
}