{
    "ghsaId": "GHSA-cgwc-qvrx-rf7f",
    "severity": "CRITICAL",
    "summary": "Remote code execution in pytorch lightning",
    "description": "A remote code execution (RCE) vulnerability exists in the lightning-ai/pytorch-lightning library version 2.2.1 due to improper handling of deserialized user input and mismanagement of dunder attributes by the `deepdiff` library. The library uses `deepdiff.Delta` objects to modify application state based on frontend actions. However, it is possible to bypass the intended restrictions on modifying dunder attributes, allowing an attacker to construct a serialized delta that passes the deserializer whitelist and contains dunder attributes. When processed, this can be exploited to access other modules, classes, and instances, leading to arbitrary attribute write and total RCE on any self-hosted pytorch-lightning application in its default configuration, as the delta endpoint is enabled by default.",
    "permalink": "https://github.com/advisories/GHSA-cgwc-qvrx-rf7f",
    "publishedAt": "2024-06-06T18:30:58Z",
    "withdrawnAt": null,
    "identifiers": [
        {
            "type": "GHSA",
            "value": "GHSA-cgwc-qvrx-rf7f"
        },
        {
            "type": "CVE",
            "value": "CVE-2024-5452"
        }
    ]
}