{
    "ghsaId": "GHSA-f58w-649r-qjr9",
    "severity": "CRITICAL",
    "summary": "splunk-sdk does not properly verify untrusted TLS server certificates",
    "description": "Splunk-SDK-Python before 1.6.6 does not properly verify untrusted TLS server certificates, which could result in man-in-the-middle attacks.",
    "permalink": "https://github.com/advisories/GHSA-f58w-649r-qjr9",
    "publishedAt": "2019-03-25T16:18:04Z",
    "withdrawnAt": null,
    "identifiers": [
        {
            "type": "GHSA",
            "value": "GHSA-f58w-649r-qjr9"
        },
        {
            "type": "CVE",
            "value": "CVE-2019-5729"
        }
    ]
}