{
    "ghsaId": "GHSA-7xc5-ggpp-g249",
    "severity": "CRITICAL",
    "summary": "pwntools Server-Side Template Injection (SSTI) vulnerability",
    "description": "This affects the package pwntools before 4.3.1. The shellcraft generator for affected versions of this module are vulnerable to Server-Side Template Injection (SSTI), which can lead to remote code execution.",
    "permalink": "https://github.com/advisories/GHSA-7xc5-ggpp-g249",
    "publishedAt": "2021-04-20T16:13:24Z",
    "withdrawnAt": null,
    "identifiers": [
        {
            "type": "GHSA",
            "value": "GHSA-7xc5-ggpp-g249"
        },
        {
            "type": "CVE",
            "value": "CVE-2020-28468"
        }
    ]
}