{
    "ghsaId": "GHSA-8p5c-f328-9fvv",
    "severity": "CRITICAL",
    "summary": "Diffoscope may write to arbitrary locations due to an untrusted archive",
    "description": "diffoscope before 76 writes to arbitrary locations on disk based on the contents of an untrusted archive.",
    "permalink": "https://github.com/advisories/GHSA-8p5c-f328-9fvv",
    "publishedAt": "2018-07-13T16:01:21Z",
    "withdrawnAt": null,
    "identifiers": [
        {
            "type": "GHSA",
            "value": "GHSA-8p5c-f328-9fvv"
        },
        {
            "type": "CVE",
            "value": "CVE-2017-0359"
        }
    ]
}