{
    "ghsaId": "GHSA-92mr-v722-f48m",
    "severity": "CRITICAL",
    "summary": "Improper Input Validation in Jupyter Notebook",
    "description": "The editor in IPython Notebook before 3.2.2 and Jupyter Notebook 4.0.x before 4.0.5 allows remote attackers to execute arbitrary JavaScript code via a crafted file, which triggers a redirect to files/, related to MIME types.",
    "permalink": "https://github.com/advisories/GHSA-92mr-v722-f48m",
    "publishedAt": "2022-05-17T03:25:49Z",
    "withdrawnAt": null,
    "identifiers": [
        {
            "type": "GHSA",
            "value": "GHSA-92mr-v722-f48m"
        },
        {
            "type": "CVE",
            "value": "CVE-2015-7337"
        }
    ]
}