{
    "ghsaId": "GHSA-jf66-3q76-h5p5",
    "severity": "CRITICAL",
    "summary": "Tenant and Verifier might not use the same registrar data",
    "description": "Keylime does not enforce that the agent registrar data is the same when the tenant uses it for validation of the EK and identity quote and the verifier for validating the integrity quote. This allows an attacker to use one AK, EK pair from a real TPM to pass EK validation and give the verifier an AK of a software TPM. A successful attack breaks the entire chain of trust because a not validated AK is used by the verifier. This issue is worse if the validation happens first and then the agent gets added to the verifier because the timing is easier and the verifier does not validate the regcount entry being equal to 1. At this time, there are no known workaround.",
    "permalink": "https://github.com/advisories/GHSA-jf66-3q76-h5p5",
    "publishedAt": "2022-05-05T15:59:35Z",
    "withdrawnAt": null,
    "identifiers": [
        {
            "type": "GHSA",
            "value": "GHSA-jf66-3q76-h5p5"
        },
        {
            "type": "CVE",
            "value": "CVE-2022-1053"
        }
    ]
}