{
    "ghsaId": "GHSA-h88f-r7cw-8fv3",
    "severity": "CRITICAL",
    "summary": "Missing Authentication for Critical Function in Apache Airflow",
    "description": "The variable import endpoint was not protected by authentication in Airflow >=2.0.0, <2.1.3. This allowed unauthenticated users to hit that endpoint to add/modify Airflow variables used in DAGs, potentially resulting in a denial of service, information disclosure or remote code execution. This issue affects Apache Airflow >=2.0.0, <2.1.3.",
    "permalink": "https://github.com/advisories/GHSA-h88f-r7cw-8fv3",
    "publishedAt": "2022-05-24T19:14:00Z",
    "withdrawnAt": null,
    "identifiers": [
        {
            "type": "GHSA",
            "value": "GHSA-h88f-r7cw-8fv3"
        },
        {
            "type": "CVE",
            "value": "CVE-2021-38540"
        }
    ]
}