{
    "ghsaId": "GHSA-vcqg-3p29-xw73",
    "severity": "CRITICAL",
    "summary": "Integer overflow in Pillow",
    "description": "`libImaging/TiffDecode.c` in Pillow before 6.2.2 has a TIFF decoding integer overflow, related to realloc.",
    "permalink": "https://github.com/advisories/GHSA-vcqg-3p29-xw73",
    "publishedAt": "2021-11-03T18:04:41Z",
    "withdrawnAt": null,
    "identifiers": [
        {
            "type": "GHSA",
            "value": "GHSA-vcqg-3p29-xw73"
        },
        {
            "type": "CVE",
            "value": "CVE-2020-5310"
        }
    ]
}