{
    "ghsaId": "GHSA-hvj5-mvw9-93j3",
    "severity": "CRITICAL",
    "summary": "Insecure deserialization in BentoML",
    "description": "An insecure deserialization vulnerability exists in the BentoML framework, allowing remote code execution (RCE) by sending a specially crafted POST request. By exploiting this vulnerability, attackers can execute arbitrary commands on the server hosting the BentoML application. The vulnerability is triggered when a serialized object, crafted to execute OS commands upon deserialization, is sent to any valid BentoML endpoint. This issue poses a significant security risk, enabling attackers to compromise the server and potentially gain unauthorized access or control.",
    "permalink": "https://github.com/advisories/GHSA-hvj5-mvw9-93j3",
    "publishedAt": "2024-04-16T00:30:33Z",
    "withdrawnAt": null,
    "identifiers": [
        {
            "type": "GHSA",
            "value": "GHSA-hvj5-mvw9-93j3"
        },
        {
            "type": "CVE",
            "value": "CVE-2024-2912"
        }
    ]
}