{
    "ghsaId": "GHSA-ghc2-hx3w-jqmp",
    "severity": "CRITICAL",
    "summary": "SaltStack Salt command injection in the Salt-API when using the Salt-SSH client",
    "description": "An issue was discovered in SaltStack Salt before 3002.5. Sending crafted web requests to the Salt API can result in `salt.utils.thin.gen_thin()` command injection because of different handling of single versus double quotes. This is related to `salt/utils/thin.py`.",
    "permalink": "https://github.com/advisories/GHSA-ghc2-hx3w-jqmp",
    "publishedAt": "2022-05-24T17:43:23Z",
    "withdrawnAt": null,
    "identifiers": [
        {
            "type": "GHSA",
            "value": "GHSA-ghc2-hx3w-jqmp"
        },
        {
            "type": "CVE",
            "value": "CVE-2021-3148"
        }
    ]
}