{
    "ghsaId": "GHSA-8787-63px-3m23",
    "severity": "CRITICAL",
    "summary": "Cobbler has Exposed Dangerous Method or Function",
    "description": "It was found that cobbler 2.6.x exposed all functions from its CobblerXMLRPCInterface class over XMLRPC. A remote, unauthenticated attacker could use this flaw to gain high privileges within cobbler, upload files to arbitrary location in the context of the daemon.",
    "permalink": "https://github.com/advisories/GHSA-8787-63px-3m23",
    "publishedAt": "2022-05-13T01:54:14Z",
    "withdrawnAt": null,
    "identifiers": [
        {
            "type": "GHSA",
            "value": "GHSA-8787-63px-3m23"
        },
        {
            "type": "CVE",
            "value": "CVE-2018-10931"
        }
    ]
}