{
    "ghsaId": "GHSA-jqmc-fxxp-r589",
    "severity": "CRITICAL",
    "summary": "Deserialization of Untrusted Data in Tendenci",
    "description": "Tendenci 12.0.10 allows unrestricted deserialization in apps\\helpdesk\\views\\staff.py.",
    "permalink": "https://github.com/advisories/GHSA-jqmc-fxxp-r589",
    "publishedAt": "2021-06-18T18:31:05Z",
    "withdrawnAt": null,
    "identifiers": [
        {
            "type": "GHSA",
            "value": "GHSA-jqmc-fxxp-r589"
        },
        {
            "type": "CVE",
            "value": "CVE-2020-14942"
        }
    ]
}