{
    "ghsaId": "GHSA-mv2w-4jqc-6fg4",
    "severity": "CRITICAL",
    "summary": "Command injection in libvcs and vcspull",
    "description": "The package libvcs before 0.11.1 are vulnerable to Command Injection via argument injection. When calling the update_repo function (when using hg), the url parameter is passed to the hg clone command. By injecting some hg options it was possible to get arbitrary command execution.",
    "permalink": "https://github.com/advisories/GHSA-mv2w-4jqc-6fg4",
    "publishedAt": "2022-03-15T00:00:53Z",
    "withdrawnAt": null,
    "identifiers": [
        {
            "type": "GHSA",
            "value": "GHSA-mv2w-4jqc-6fg4"
        },
        {
            "type": "CVE",
            "value": "CVE-2022-21187"
        }
    ]
}