{
    "ghsaId": "GHSA-2xpj-f5g2-8p7m",
    "severity": "CRITICAL",
    "summary": "Asyncpg Arbitrary Code Execution Via Access to an Uninitialized Pointer",
    "description": "asyncpg before 0.21.0 allows a malicious PostgreSQL server to trigger a crash or execute arbitrary code (on a database client) via a crafted server response, because of access to an uninitialized pointer in the array data decoder.",
    "permalink": "https://github.com/advisories/GHSA-2xpj-f5g2-8p7m",
    "publishedAt": "2021-04-20T16:30:51Z",
    "withdrawnAt": null,
    "identifiers": [
        {
            "type": "GHSA",
            "value": "GHSA-2xpj-f5g2-8p7m"
        },
        {
            "type": "CVE",
            "value": "CVE-2020-17446"
        }
    ]
}