{
    "ghsaId": "GHSA-m8xw-9x5x-6vh3",
    "severity": "CRITICAL",
    "summary": "py7zr directory traversal vulnerability",
    "description": "A directory traversal vulnerability in the SevenZipFile.extractall() function of the python library py7zr v0.20.0 and earlier allows attackers to write arbitrary files via extracting a crafted 7z file.",
    "permalink": "https://github.com/advisories/GHSA-m8xw-9x5x-6vh3",
    "publishedAt": "2022-12-06T21:30:45Z",
    "withdrawnAt": null,
    "identifiers": [
        {
            "type": "GHSA",
            "value": "GHSA-m8xw-9x5x-6vh3"
        },
        {
            "type": "CVE",
            "value": "CVE-2022-44900"
        }
    ]
}