{
    "ghsaId": "GHSA-3qmg-c9vc-r47j",
    "severity": "CRITICAL",
    "summary": "Mercurial is vulnerable to shell injection attack",
    "description": "Mercurial prior to 4.3 did not adequately sanitize hostnames passed to ssh, leading to possible shell-injection attacks.",
    "permalink": "https://github.com/advisories/GHSA-3qmg-c9vc-r47j",
    "publishedAt": "2022-05-13T01:40:56Z",
    "withdrawnAt": null,
    "identifiers": [
        {
            "type": "GHSA",
            "value": "GHSA-3qmg-c9vc-r47j"
        },
        {
            "type": "CVE",
            "value": "CVE-2017-1000116"
        }
    ]
}