{
    "ghsaId": "GHSA-824x-jcxf-hpfg",
    "severity": "CRITICAL",
    "summary": "Origin Validation Error in rdiffweb",
    "description": "ikus060/rdiffweb prior to 2.5.0a5 did not enforce origin validation in web traffic. Users are advised to upgrade to version 2.5.0a5.",
    "permalink": "https://github.com/advisories/GHSA-824x-jcxf-hpfg",
    "publishedAt": "2022-10-14T12:00:17Z",
    "withdrawnAt": null,
    "identifiers": [
        {
            "type": "GHSA",
            "value": "GHSA-824x-jcxf-hpfg"
        },
        {
            "type": "CVE",
            "value": "CVE-2022-3457"
        }
    ]
}