{
    "ghsaId": "GHSA-8ppf-x4gr-2x7g",
    "severity": "CRITICAL",
    "summary": "SQL injection in calibreweb",
    "description": "Calibre-Web before 0.6.18 allows user table SQL Injection.",
    "permalink": "https://github.com/advisories/GHSA-8ppf-x4gr-2x7g",
    "publishedAt": "2022-05-17T00:01:46Z",
    "withdrawnAt": null,
    "identifiers": [
        {
            "type": "GHSA",
            "value": "GHSA-8ppf-x4gr-2x7g"
        },
        {
            "type": "CVE",
            "value": "CVE-2022-30765"
        }
    ]
}