{
    "ghsaId": "GHSA-pjhf-vpx3-33r3",
    "severity": "CRITICAL",
    "summary": "SaltStack Salt Unauthenticated Remote Code Execution",
    "description": "An issue was discovered in SaltStack Salt before 2019.2.4 and 3000 before 3000.2. The salt-master process ClearFuncs class does not properly validate method calls. This allows a remote user to access some methods without authentication. These methods can be used to retrieve user tokens from the salt master and/or run arbitrary commands on salt minions.",
    "permalink": "https://github.com/advisories/GHSA-pjhf-vpx3-33r3",
    "publishedAt": "2022-05-24T17:16:59Z",
    "withdrawnAt": null,
    "identifiers": [
        {
            "type": "GHSA",
            "value": "GHSA-pjhf-vpx3-33r3"
        },
        {
            "type": "CVE",
            "value": "CVE-2020-11651"
        }
    ]
}