{
    "ghsaId": "GHSA-5ff8-7639-6v6g",
    "severity": "CRITICAL",
    "summary": "Apache Airflow Session Fixation vulnerability",
    "description": "In Apache Airflow versions 2.2.4 through 2.3.3, the `database` webserver session backend was susceptible to session fixation.",
    "permalink": "https://github.com/advisories/GHSA-5ff8-7639-6v6g",
    "publishedAt": "2022-09-03T00:00:25Z",
    "withdrawnAt": null,
    "identifiers": [
        {
            "type": "GHSA",
            "value": "GHSA-5ff8-7639-6v6g"
        },
        {
            "type": "CVE",
            "value": "CVE-2022-38054"
        }
    ]
}