{
    "ghsaId": "GHSA-3qr5-h7w4-3gx3",
    "severity": "CRITICAL",
    "summary": "Donfig Command Injection in collect_yaml method",
    "description": "An issue was discovered in Donfig 0.3.0. There is a vulnerability in the `collect_yaml` method in `config_obj.py`. It can execute arbitrary Python commands, resulting in command execution.",
    "permalink": "https://github.com/advisories/GHSA-3qr5-h7w4-3gx3",
    "publishedAt": "2022-05-14T01:15:39Z",
    "withdrawnAt": null,
    "identifiers": [
        {
            "type": "GHSA",
            "value": "GHSA-3qr5-h7w4-3gx3"
        },
        {
            "type": "CVE",
            "value": "CVE-2019-7537"
        }
    ]
}