{
    "ghsaId": "GHSA-wgx7-jwwm-cgjv",
    "severity": "CRITICAL",
    "summary": "Improper Authentication in Apache Spark",
    "description": "In Apache Spark 2.4.5 and earlier, a standalone resource manager's master may be configured to require authentication (spark.authenticate) via a shared secret. When enabled, however, a specially-crafted RPC to the master can succeed in starting an application's resources on the Spark cluster, even without the shared key. This can be leveraged to execute shell commands on the host machine. This does not affect Spark clusters using other resource managers (YARN, Mesos, etc).",
    "permalink": "https://github.com/advisories/GHSA-wgx7-jwwm-cgjv",
    "publishedAt": "2022-02-10T23:05:20Z",
    "withdrawnAt": null,
    "identifiers": [
        {
            "type": "GHSA",
            "value": "GHSA-wgx7-jwwm-cgjv"
        },
        {
            "type": "CVE",
            "value": "CVE-2020-9480"
        }
    ]
}