{
    "ghsaId": "GHSA-pv4p-cwwg-4rph",
    "severity": "CRITICAL",
    "summary": "Django SQL injection vulnerability",
    "description": "An issue was discovered in Django 5.0 before 5.0.8 and 4.2 before 4.2.15. QuerySet.values() and values_list() methods on models with a JSONField are subject to SQL injection in column aliases via a crafted JSON object key as a passed *arg.",
    "permalink": "https://github.com/advisories/GHSA-pv4p-cwwg-4rph",
    "publishedAt": "2024-08-07T15:30:42Z",
    "withdrawnAt": null,
    "identifiers": [
        {
            "type": "GHSA",
            "value": "GHSA-pv4p-cwwg-4rph"
        },
        {
            "type": "CVE",
            "value": "CVE-2024-42005"
        }
    ]
}