{
    "ghsaId": "GHSA-m269-wj6g-c459",
    "severity": "CRITICAL",
    "summary": "PySAML2 XML external entity attack",
    "description": "PySAML2 allows remote attackers to conduct XML external entity (XXE) attacks via a crafted SAML XML request or response.",
    "permalink": "https://github.com/advisories/GHSA-m269-wj6g-c459",
    "publishedAt": "2022-05-17T02:56:23Z",
    "withdrawnAt": null,
    "identifiers": [
        {
            "type": "GHSA",
            "value": "GHSA-m269-wj6g-c459"
        },
        {
            "type": "CVE",
            "value": "CVE-2016-10127"
        }
    ]
}