{
    "ghsaId": "GHSA-f798-qm4r-23r5",
    "severity": "CRITICAL",
    "summary": "MLflow allowed arbitrary files to be PUT onto the server",
    "description": "MLflow allowed arbitrary files to be PUT onto the server.",
    "permalink": "https://github.com/advisories/GHSA-f798-qm4r-23r5",
    "publishedAt": "2023-11-16T18:30:31Z",
    "withdrawnAt": null,
    "identifiers": [
        {
            "type": "GHSA",
            "value": "GHSA-f798-qm4r-23r5"
        },
        {
            "type": "CVE",
            "value": "CVE-2023-6015"
        }
    ]
}