{
    "ghsaId": "GHSA-hm2p-fhwx-9285",
    "severity": "CRITICAL",
    "summary": "Incorrect Permission Assignment for Critical Resource\tin Plone",
    "description": "Plone through 5.2.4 allows remote authenticated managers to perform disk I/O via crafted keyword arguments to the ReStructuredText transform in a Python script.",
    "permalink": "https://github.com/advisories/GHSA-hm2p-fhwx-9285",
    "publishedAt": "2021-06-15T16:11:38Z",
    "withdrawnAt": null,
    "identifiers": [
        {
            "type": "GHSA",
            "value": "GHSA-hm2p-fhwx-9285"
        },
        {
            "type": "CVE",
            "value": "CVE-2021-33509"
        }
    ]
}