{
    "ghsaId": "GHSA-67r3-h899-9w95",
    "severity": "CRITICAL",
    "summary": "Embedded Malicious Code in ctx",
    "description": "The ctx hosted project on PyPI was taken over via user account compromise and replaced with a malicious project which contained runtime code which collected the content of os.environ.items() when instantiating Ctx objects.",
    "permalink": "https://github.com/advisories/GHSA-67r3-h899-9w95",
    "publishedAt": "2022-06-02T15:46:06Z",
    "withdrawnAt": null,
    "identifiers": [
        {
            "type": "GHSA",
            "value": "GHSA-67r3-h899-9w95"
        }
    ]
}