{
    "ghsaId": "GHSA-976r-qfjj-c24w",
    "severity": "CRITICAL",
    "summary": "Command injection via Celery broker in Apache Airflow",
    "description": "An issue was found in Apache Airflow versions 1.10.10 and below. When using CeleryExecutor, if an attacker can connect to the broker (Redis, RabbitMQ) directly, it is possible to inject commands, resulting in the celery worker running arbitrary commands.",
    "permalink": "https://github.com/advisories/GHSA-976r-qfjj-c24w",
    "publishedAt": "2020-07-27T16:57:33Z",
    "withdrawnAt": null,
    "identifiers": [
        {
            "type": "GHSA",
            "value": "GHSA-976r-qfjj-c24w"
        },
        {
            "type": "CVE",
            "value": "CVE-2020-11981"
        }
    ]
}