{
    "ghsaId": "GHSA-3v28-9jjp-4g5w",
    "severity": "CRITICAL",
    "summary": "Plone Privilege Escalation Vulnerability",
    "description": "Unspecified vulnerability in Plone 2.5 through 4.0, as used in Conga, luci, and possibly other products, allows remote attackers to obtain administrative access, read or create arbitrary content, and change the site skin via unknown vectors.",
    "permalink": "https://github.com/advisories/GHSA-3v28-9jjp-4g5w",
    "publishedAt": "2022-05-17T02:01:56Z",
    "withdrawnAt": null,
    "identifiers": [
        {
            "type": "GHSA",
            "value": "GHSA-3v28-9jjp-4g5w"
        },
        {
            "type": "CVE",
            "value": "CVE-2011-0720"
        }
    ]
}