{
    "ghsaId": "GHSA-pvjv-386f-c8wh",
    "severity": "CRITICAL",
    "summary": "Apache IoTDB Grafana Connector vulnerable to Improper Authentication",
    "description": "Improper Authentication vulnerability in Apache Software Foundation Apache IoTDB. This issue affects Apache IoTDB Grafana Connector from 0.13.0 through 0.13.3.\n\nAttackers could log in without authorization. This is fixed in 0.13.4.",
    "permalink": "https://github.com/advisories/GHSA-pvjv-386f-c8wh",
    "publishedAt": "2023-04-17T09:30:24Z",
    "withdrawnAt": null,
    "identifiers": [
        {
            "type": "GHSA",
            "value": "GHSA-pvjv-386f-c8wh"
        },
        {
            "type": "CVE",
            "value": "CVE-2023-24831"
        }
    ]
}