{
    "ghsaId": "GHSA-3xq5-x4fj-rff7",
    "severity": "CRITICAL",
    "summary": "DB-GPT vulnerable to Arbitrary File Upload with Path Traversal",
    "description": "In eosphoros-ai/db-gpt version v0.6.0, the web API `POST /v1/personal/agent/upload` is vulnerable to Arbitrary File Upload with Path Traversal. This vulnerability allows unauthorized attackers to upload arbitrary files to the victim's file system at any location. The impact of this vulnerability includes the potential for remote code execution (RCE) by writing malicious files, such as a malicious `__init__.py` in the Python's `/site-packages/` directory.",
    "permalink": "https://github.com/advisories/GHSA-3xq5-x4fj-rff7",
    "publishedAt": "2025-03-20T12:32:40Z",
    "withdrawnAt": null,
    "identifiers": [
        {
            "type": "GHSA",
            "value": "GHSA-3xq5-x4fj-rff7"
        },
        {
            "type": "CVE",
            "value": "CVE-2024-10902"
        }
    ]
}