{
    "ghsaId": "GHSA-99j5-fvg3-54pm",
    "severity": "CRITICAL",
    "summary": "Rdiffweb is missing authentication for critical function",
    "description": "Missing Authentication for Critical Function in GitHub repository ikus060/rdiffweb prior to 2.5.0.",
    "permalink": "https://github.com/advisories/GHSA-99j5-fvg3-54pm",
    "publishedAt": "2022-10-20T12:00:17Z",
    "withdrawnAt": null,
    "identifiers": [
        {
            "type": "GHSA",
            "value": "GHSA-99j5-fvg3-54pm"
        },
        {
            "type": "CVE",
            "value": "CVE-2022-3327"
        }
    ]
}