{
    "ghsaId": "GHSA-7735-w2jp-gvg6",
    "severity": "CRITICAL",
    "summary": "Vanna prompt injection code execution",
    "description": "The Vanna library uses a prompt function to present the user with visualized results, it is possible to alter the prompt using prompt injection and run arbitrary Python code instead of the intended visualization code. Specifically - allowing external input to the library\u2019s \u201cask\u201d method with \"visualize\" set to True (default behavior) leads to remote code execution.",
    "permalink": "https://github.com/advisories/GHSA-7735-w2jp-gvg6",
    "publishedAt": "2024-05-31T15:30:37Z",
    "withdrawnAt": null,
    "identifiers": [
        {
            "type": "GHSA",
            "value": "GHSA-7735-w2jp-gvg6"
        },
        {
            "type": "CVE",
            "value": "CVE-2024-5565"
        }
    ]
}