{
    "ghsaId": "GHSA-6mjg-37cp-42x5",
    "severity": "CRITICAL",
    "summary": "Improper Privilege Management in sap-xssec",
    "description": "### Impact\n\nSAP BTP Security Services Integration Library ([Python] sap-xssec) allows under certain conditions an escalation of privileges. On successful exploitation, an unauthenticated attacker can obtain arbitrary permissions within the application.\n\n### Patches\nUpgrade to patched version >= 4.1.0\nWe always recommend to upgrade to the latest released version.\n\n### Workarounds\nNo workarounds\n\n### References\nhttps://www.cve.org/CVERecord?id=CVE-2023-50423\n",
    "permalink": "https://github.com/advisories/GHSA-6mjg-37cp-42x5",
    "publishedAt": "2023-12-13T13:34:36Z",
    "withdrawnAt": null,
    "identifiers": [
        {
            "type": "GHSA",
            "value": "GHSA-6mjg-37cp-42x5"
        },
        {
            "type": "CVE",
            "value": "CVE-2023-50423"
        }
    ]
}