{
    "ghsaId": "GHSA-w2hr-3mc8-46gh",
    "severity": "CRITICAL",
    "summary": "SaltStack Salt eauth tokens can be used once after expiration",
    "description": "In SaltStack Salt before 3002.5, eauth tokens can be used once after expiration. (They might be used to run command against the salt master or minions.)",
    "permalink": "https://github.com/advisories/GHSA-w2hr-3mc8-46gh",
    "publishedAt": "2022-05-24T17:43:23Z",
    "withdrawnAt": null,
    "identifiers": [
        {
            "type": "GHSA",
            "value": "GHSA-w2hr-3mc8-46gh"
        },
        {
            "type": "CVE",
            "value": "CVE-2021-3144"
        }
    ]
}