{
    "ghsaId": "GHSA-gv85-wgxc-vc56",
    "severity": "CRITICAL",
    "summary": "web2py is vulnerable to password brute-force attack",
    "description": "web2py before 2.14.6 does not properly check if a host is denied before verifying passwords, allowing a remote attacker to perform brute-force attacks.",
    "permalink": "https://github.com/advisories/GHSA-gv85-wgxc-vc56",
    "publishedAt": "2022-05-14T00:57:47Z",
    "withdrawnAt": null,
    "identifiers": [
        {
            "type": "GHSA",
            "value": "GHSA-gv85-wgxc-vc56"
        },
        {
            "type": "CVE",
            "value": "CVE-2016-10321"
        }
    ]
}