{
    "ghsaId": "GHSA-8qxj-f9rh-9fg2",
    "severity": "CRITICAL",
    "summary": "Improper Verification of Cryptographic Signature in Pure-Python ECDSA",
    "description": "A flaw was found in all python-ecdsa versions before 0.13.3, where it did not correctly verify whether signatures used DER encoding. Without this verification, a malformed signature could be accepted, making the signature malleable. Without proper verification, an attacker could use a malleable signature to create false transactions.",
    "permalink": "https://github.com/advisories/GHSA-8qxj-f9rh-9fg2",
    "publishedAt": "2020-04-01T16:35:26Z",
    "withdrawnAt": null,
    "identifiers": [
        {
            "type": "GHSA",
            "value": "GHSA-8qxj-f9rh-9fg2"
        },
        {
            "type": "CVE",
            "value": "CVE-2019-14859"
        }
    ]
}