{
    "ghsaId": "GHSA-r3jc-3qmm-w3pw",
    "severity": "CRITICAL",
    "summary": "SQLAlchemyDA unauthenticated arbitrary SQL query execution",
    "description": "### Impact\nThe vulnerability allows unauthenticated execution of arbitrary SQL statements on the database the SQLAlchemyDA instance is connected to. All users are affected.\n\n### Patches\nThe problem has been patched in version 2.2. \n\n### Workarounds\nThere is no workaround. All users are urged to upgrade to version 2.2\n",
    "permalink": "https://github.com/advisories/GHSA-r3jc-3qmm-w3pw",
    "publishedAt": "2024-02-07T17:28:26Z",
    "withdrawnAt": null,
    "identifiers": [
        {
            "type": "GHSA",
            "value": "GHSA-r3jc-3qmm-w3pw"
        },
        {
            "type": "CVE",
            "value": "CVE-2024-24811"
        }
    ]
}