{
    "ghsaId": "GHSA-59qj-jcjv-662j",
    "severity": "CRITICAL",
    "summary": "DIRAC's TokenManager does not check permissions on cached tokens",
    "description": "### Impact\n\nAny user could get a token that has been requested by another user/agent\n\n### Patches\nThe vulnerability is fixed in version 8.0.37.\n\n### Workarounds\n\nNone\n\n### References\n",
    "permalink": "https://github.com/advisories/GHSA-59qj-jcjv-662j",
    "publishedAt": "2024-02-08T15:32:51Z",
    "withdrawnAt": null,
    "identifiers": [
        {
            "type": "GHSA",
            "value": "GHSA-59qj-jcjv-662j"
        },
        {
            "type": "CVE",
            "value": "CVE-2024-24825"
        }
    ]
}