{
    "ghsaId": "GHSA-gcm4-q2pg-xw89",
    "severity": "CRITICAL",
    "summary": "ipycache is vulnerable to Code Injection",
    "description": "A code injection issue was discovered in ipycache versions up to 0.1.4.",
    "permalink": "https://github.com/advisories/GHSA-gcm4-q2pg-xw89",
    "publishedAt": "2019-03-25T16:16:55Z",
    "withdrawnAt": null,
    "identifiers": [
        {
            "type": "GHSA",
            "value": "GHSA-gcm4-q2pg-xw89"
        },
        {
            "type": "CVE",
            "value": "CVE-2019-7539"
        }
    ]
}