{
    "ghsaId": "GHSA-gqvf-3hgp-5hxv",
    "severity": "CRITICAL",
    "summary": "Gradio Exposure of Sensitive Information to an Unauthorized Actor vulnerability",
    "description": "Exposure of Sensitive Information to an Unauthorized Actor in GitHub repository gradio-app/gradio prior to main.",
    "permalink": "https://github.com/advisories/GHSA-gqvf-3hgp-5hxv",
    "publishedAt": "2023-12-14T15:30:22Z",
    "withdrawnAt": null,
    "identifiers": [
        {
            "type": "GHSA",
            "value": "GHSA-gqvf-3hgp-5hxv"
        },
        {
            "type": "CVE",
            "value": "CVE-2023-6572"
        }
    ]
}