{
    "ghsaId": "GHSA-66m2-493m-crh2",
    "severity": "CRITICAL",
    "summary": "Searchor CLI's Search vulnerable to Arbitrary Code using Eval",
    "description": " An issue in Arjun Sharda's Searchor before version v.2.4.2 allows an attacker to\n execute arbitrary code via a crafted script to the eval() function in Searchor's src/searchor/main.py file, affecting the search feature in Searchor's CLI (Command Line Interface).\n\n### Impact\nVersions equal to, or below 2.4.1 are affected.\n\n### Patches\nVersions above, or equal to 2.4.2 have patched the vulnerability.\n\n### References\nhttps://github.com/nikn0laty/Exploit-for-Searchor-2.4.0-Arbitrary-CMD-Injection\nhttps://github.com/nexis-nexis/Searchor-2.4.0-POC-Exploit-\nhttps://github.com/jonnyzar/POC-Searchor-2.4.2\nhttps://github.com/ArjunSharda/Searchor/pull/130",
    "permalink": "https://github.com/advisories/GHSA-66m2-493m-crh2",
    "publishedAt": "2023-09-25T18:37:51Z",
    "withdrawnAt": null,
    "identifiers": [
        {
            "type": "GHSA",
            "value": "GHSA-66m2-493m-crh2"
        },
        {
            "type": "CVE",
            "value": "CVE-2023-43364"
        }
    ]
}