{
    "ghsaId": "GHSA-f4g4-cj8f-3cr9",
    "severity": "CRITICAL",
    "summary": "OpenStack Nova logs sensitive context from notification exceptions",
    "description": "An issue was discovered in exception_wrapper.py in OpenStack Nova 13.x through 13.1.3, 14.x through 14.0.4, and 15.x through 15.0.1. Legacy notification exception contexts appearing in ERROR level logs may include sensitive information such as account passwords and authorization tokens.",
    "permalink": "https://github.com/advisories/GHSA-f4g4-cj8f-3cr9",
    "publishedAt": "2022-05-14T03:53:47Z",
    "withdrawnAt": null,
    "identifiers": [
        {
            "type": "GHSA",
            "value": "GHSA-f4g4-cj8f-3cr9"
        },
        {
            "type": "CVE",
            "value": "CVE-2017-7214"
        }
    ]
}