{
    "ghsaId": "GHSA-mrmm-qmrj-xgp6",
    "severity": "CRITICAL",
    "summary": "PaddlePaddle vulnerable to remote code execution",
    "description": "remote code execution in paddlepaddle/paddle 2.6.0",
    "permalink": "https://github.com/advisories/GHSA-mrmm-qmrj-xgp6",
    "publishedAt": "2024-03-07T09:30:33Z",
    "withdrawnAt": null,
    "identifiers": [
        {
            "type": "GHSA",
            "value": "GHSA-mrmm-qmrj-xgp6"
        },
        {
            "type": "CVE",
            "value": "CVE-2024-0917"
        }
    ]
}