{
    "ghsaId": "GHSA-4cv3-v7pv-rfhf",
    "severity": "CRITICAL",
    "summary": "PyTorch Lightning path traversal vulnerability",
    "description": "In lightning-ai/pytorch-lightning version 2.3.2, a vulnerability exists in the `LightningApp` when running on a Windows host. The vulnerability occurs at the `/api/v1/upload_file/` endpoint, allowing an attacker to write or overwrite arbitrary files by providing a crafted filename. This can lead to potential remote code execution (RCE) by overwriting critical files or placing malicious files in sensitive locations.",
    "permalink": "https://github.com/advisories/GHSA-4cv3-v7pv-rfhf",
    "publishedAt": "2025-03-20T12:32:46Z",
    "withdrawnAt": null,
    "identifiers": [
        {
            "type": "GHSA",
            "value": "GHSA-4cv3-v7pv-rfhf"
        },
        {
            "type": "CVE",
            "value": "CVE-2024-8019"
        }
    ]
}