{
    "ghsaId": "GHSA-f73w-4m7g-ch9x",
    "severity": "CRITICAL",
    "summary": "Langchain vulnerable to arbitrary code execution via the evaluate function in the numexpr library",
    "description": "An issue in LanChain-ai Langchain v.0.0.245 allows a remote attacker to execute arbitrary code via the evaluate function in the numexpr library.\n\nPatches: Released in v.0.0.308. numexpr dependency is optional for langchain.",
    "permalink": "https://github.com/advisories/GHSA-f73w-4m7g-ch9x",
    "publishedAt": "2023-09-01T18:30:41Z",
    "withdrawnAt": null,
    "identifiers": [
        {
            "type": "GHSA",
            "value": "GHSA-f73w-4m7g-ch9x"
        },
        {
            "type": "CVE",
            "value": "CVE-2023-39631"
        }
    ]
}