{
    "ghsaId": "GHSA-vrcf-g539-x6h3",
    "severity": "CRITICAL",
    "summary": "Uncontrolled deserialization of a pickled object in rediswrapper allows attackers to execute arbitrary scripts",
    "description": "Uncontrolled deserialization of a pickled object in models.py in Frost Ming rediswrapper (aka Redis Wrapper) before 0.3.0 allows attackers to execute arbitrary scripts.",
    "permalink": "https://github.com/advisories/GHSA-vrcf-g539-x6h3",
    "publishedAt": "2019-11-20T01:37:13Z",
    "withdrawnAt": null,
    "identifiers": [
        {
            "type": "GHSA",
            "value": "GHSA-vrcf-g539-x6h3"
        },
        {
            "type": "CVE",
            "value": "CVE-2019-17206"
        }
    ]
}