{
    "ghsaId": "GHSA-96hw-v598-jvgh",
    "severity": "CRITICAL",
    "summary": "Cobbler vulnerable to arbitrary code execution",
    "description": "Cobbler version up to 2.8.2 is vulnerable to a command injection vulnerability in the \"add repo\" component resulting in arbitrary code execution as root user.",
    "permalink": "https://github.com/advisories/GHSA-96hw-v598-jvgh",
    "publishedAt": "2022-05-14T03:49:57Z",
    "withdrawnAt": null,
    "identifiers": [
        {
            "type": "GHSA",
            "value": "GHSA-96hw-v598-jvgh"
        },
        {
            "type": "CVE",
            "value": "CVE-2017-1000469"
        }
    ]
}