{
    "ghsaId": "GHSA-xgmh-gfxw-2hvv",
    "severity": "CRITICAL",
    "summary": "SaltStack Salt Server Side Template Injection",
    "description": "An issue was discovered in through SaltStack Salt before 3002.5. The jinja renderer does not protect against server side template injection attacks.",
    "permalink": "https://github.com/advisories/GHSA-xgmh-gfxw-2hvv",
    "publishedAt": "2022-05-24T17:43:22Z",
    "withdrawnAt": null,
    "identifiers": [
        {
            "type": "GHSA",
            "value": "GHSA-xgmh-gfxw-2hvv"
        },
        {
            "type": "CVE",
            "value": "CVE-2021-25283"
        }
    ]
}