{
    "ghsaId": "GHSA-7pq6-v88g-wf3w",
    "severity": "CRITICAL",
    "summary": "Sentry's improper authentication on SAML SSO process allows user impersonation",
    "description": "### Impact\nA critical vulnerability was discovered in the SAML SSO implementation of Sentry. It was reported to us via our private bug bounty program.\n\nThe vulnerability allows an attacker to take over any user account by using a malicious SAML Identity Provider and another organization on the same Sentry instance. The victim email address must be known in order to exploit this vulnerability.\n\n### Patches\n- [Sentry SaaS](https://sentry.io): The fix was deployed on Jan 14, 2025.\n- [Self-Hosted Sentry](https://github.com/getsentry/self-hosted): If only a single organization is allowed (`SENTRY_SINGLE_ORGANIZATION = True`), then no action is needed. Otherwise, users should upgrade to version 25.1.0 or higher.\n\n### Workarounds\nNo known workarounds.\n\n### References\n- https://github.com/getsentry/sentry/pull/83407",
    "permalink": "https://github.com/advisories/GHSA-7pq6-v88g-wf3w",
    "publishedAt": "2025-01-15T21:25:27Z",
    "withdrawnAt": null,
    "identifiers": [
        {
            "type": "GHSA",
            "value": "GHSA-7pq6-v88g-wf3w"
        },
        {
            "type": "CVE",
            "value": "CVE-2025-22146"
        }
    ]
}