{
    "ghsaId": "GHSA-3f63-hfp8-52jq",
    "severity": "CRITICAL",
    "summary": "Arbitrary Code Execution in Pillow",
    "description": "Pillow through 10.1.0 allows PIL.ImageMath.eval Arbitrary Code Execution via the environment parameter, a different vulnerability than CVE-2022-22817 (which was about the expression parameter).",
    "permalink": "https://github.com/advisories/GHSA-3f63-hfp8-52jq",
    "publishedAt": "2024-01-19T21:30:35Z",
    "withdrawnAt": null,
    "identifiers": [
        {
            "type": "GHSA",
            "value": "GHSA-3f63-hfp8-52jq"
        },
        {
            "type": "CVE",
            "value": "CVE-2023-50447"
        }
    ]
}