{
    "ghsaId": "GHSA-g57j-q48p-9vm2",
    "severity": "CRITICAL",
    "summary": "Command injection in Gerapy",
    "description": "This affects the package Gerapy from 0 and before 0.9.3. The input being passed to Popen, via the project_configure endpoint, isn\u2019t being sanitized.",
    "permalink": "https://github.com/advisories/GHSA-g57j-q48p-9vm2",
    "publishedAt": "2021-05-06T18:52:13Z",
    "withdrawnAt": null,
    "identifiers": [
        {
            "type": "GHSA",
            "value": "GHSA-g57j-q48p-9vm2"
        },
        {
            "type": "CVE",
            "value": "CVE-2020-7698"
        }
    ]
}