{
    "ghsaId": "GHSA-3pqx-4fqf-j49f",
    "severity": "CRITICAL",
    "summary": "Deserialization of Untrusted Data in PyYAML",
    "description": "PyYAML 5.1 through 5.1.2 has insufficient restrictions on the load and load_all functions because of a class deserialization issue, e.g., Popen is a class in the subprocess module. NOTE: this issue exists because of an incomplete fix for CVE-2017-18342.",
    "permalink": "https://github.com/advisories/GHSA-3pqx-4fqf-j49f",
    "publishedAt": "2021-04-20T16:40:42Z",
    "withdrawnAt": null,
    "identifiers": [
        {
            "type": "GHSA",
            "value": "GHSA-3pqx-4fqf-j49f"
        },
        {
            "type": "CVE",
            "value": "CVE-2019-20477"
        }
    ]
}