{
    "ghsaId": "GHSA-cj47-qj6g-x7r4",
    "severity": "CRITICAL",
    "summary": "vLLM allows Remote Code Execution by Pickle Deserialization via AsyncEngineRPCServer() RPC server entrypoints",
    "description": "vllm-project vllm version 0.6.0 contains a vulnerability in the AsyncEngineRPCServer() RPC server entrypoints. The core functionality run_server_loop() calls the function _make_handler_coro(), which directly uses cloudpickle.loads() on received messages without any sanitization. This can result in remote code execution by deserializing malicious pickle data.",
    "permalink": "https://github.com/advisories/GHSA-cj47-qj6g-x7r4",
    "publishedAt": "2025-03-20T12:32:50Z",
    "withdrawnAt": null,
    "identifiers": [
        {
            "type": "GHSA",
            "value": "GHSA-cj47-qj6g-x7r4"
        },
        {
            "type": "CVE",
            "value": "CVE-2024-9053"
        }
    ]
}