{
    "ghsaId": "GHSA-3v79-q7ph-j75h",
    "severity": "CRITICAL",
    "summary": "MLFlow Cross-site Scripting vulnerability leads to client-side Remote Code Execution",
    "description": "Insufficient sanitization in MLflow leads to XSS when running a recipe that uses an untrusted dataset. This issue leads to a client-side RCE when running the recipe in Jupyter Notebook. The vulnerability stems from lack of sanitization over dataset table fields.",
    "permalink": "https://github.com/advisories/GHSA-3v79-q7ph-j75h",
    "publishedAt": "2024-02-24T00:30:20Z",
    "withdrawnAt": null,
    "identifiers": [
        {
            "type": "GHSA",
            "value": "GHSA-3v79-q7ph-j75h"
        },
        {
            "type": "CVE",
            "value": "CVE-2024-27133"
        }
    ]
}