{
    "ghsaId": "GHSA-rqg8-xjp2-pg9w",
    "severity": "CRITICAL",
    "summary": "LinOTP replay vulnerability with auto resynchronization enabled for TOTP token",
    "description": "LinOTP is prone to a replay attack with activated automatic resynchronization. This vulnerability may allow an attacker to successfully log in with OTP values recorded at a previous point in time.\n\nThis attack is only possible if automatic resynchronization is enabled for the TOTP token type. The automatic resynchronization  is deactivated by default. All other tokens are unaffected.",
    "permalink": "https://github.com/advisories/GHSA-rqg8-xjp2-pg9w",
    "publishedAt": "2022-05-24T16:48:44Z",
    "withdrawnAt": null,
    "identifiers": [
        {
            "type": "GHSA",
            "value": "GHSA-rqg8-xjp2-pg9w"
        },
        {
            "type": "CVE",
            "value": "CVE-2019-12887"
        }
    ]
}