{
    "ghsaId": "GHSA-j6gj-pg62-x8j6",
    "severity": "CRITICAL",
    "summary": "SaltStack Salt Directory traversal vulnerability in minion id validation",
    "description": "Directory traversal vulnerability in minion id validation in SaltStack Salt before 2016.3.8, 2016.11.x before 2016.11.8, and 2017.7.x before 2017.7.2 allows remote minions with incorrect credentials to authenticate to a master via a crafted minion ID.  NOTE: this vulnerability exists because of an incomplete fix for CVE-2017-12791.",
    "permalink": "https://github.com/advisories/GHSA-j6gj-pg62-x8j6",
    "publishedAt": "2022-05-17T00:24:32Z",
    "withdrawnAt": null,
    "identifiers": [
        {
            "type": "GHSA",
            "value": "GHSA-j6gj-pg62-x8j6"
        },
        {
            "type": "CVE",
            "value": "CVE-2017-14695"
        }
    ]
}