{
    "ghsaId": "GHSA-r8gm-v65f-c973",
    "severity": "CRITICAL",
    "summary": "acryl-datahub missing JWT signature check",
    "description": "# Missing JWT signature check (`GHSL-2022-078`)\n\nThe [`StatelessTokenService`](https://github.com/datahub-project/datahub/blob/aa146db611e3a4ca3aa17bb740783f789d4444d3/metadata-service/auth-impl/src/main/java/com/datahub/authentication/token/StatelessTokenService.java#L30) of the DataHub metadata service (GMS) does not verify the signature of JWT tokens. This allows an attacker to connect to DataHub instances as any user if Metadata Service authentication is enabled. This vulnerability occurs because the `StatelessTokenService` of the Metadata service uses the [`parse`](https://github.com/datahub-project/datahub/blob/aa146db611e3a4ca3aa17bb740783f789d4444d3/metadata-service/auth-impl/src/main/java/com/datahub/authentication/token/StatelessTokenService.java#L134) method of `io.jsonwebtoken.JwtParser`, which does not perform a verification of the cryptographic token signature. This means that JWTs are accepted regardless of the used algorithm.\n\n#### Impact\n\nThis issue may lead to an authentication bypass.\n\n#### Resources\n\n* [CodeQL: Missing JWT signature check](https://codeql.github.com/codeql-query-help/java/java-missing-jwt-signature-check/)",
    "permalink": "https://github.com/advisories/GHSA-r8gm-v65f-c973",
    "publishedAt": "2022-10-31T22:42:57Z",
    "withdrawnAt": null,
    "identifiers": [
        {
            "type": "GHSA",
            "value": "GHSA-r8gm-v65f-c973"
        },
        {
            "type": "CVE",
            "value": "CVE-2022-39366"
        }
    ]
}