{
    "ghsaId": "GHSA-3pww-qvr8-6mhp",
    "severity": "CRITICAL",
    "summary": "Ray Path Traversal vulnerability",
    "description": "LFI in Ray's log API endpoint allows attackers to read any file on the server without authentication. The issue is fixed in version 2.8.1+. Ray maintainers response can be found here: https://www.anyscale.com/blog/update-on-ray-cves-cve-2023-6019-cve-2023-6020-cve-2023-6021-cve-2023-48022-cve-2023-48023",
    "permalink": "https://github.com/advisories/GHSA-3pww-qvr8-6mhp",
    "publishedAt": "2023-11-16T18:30:31Z",
    "withdrawnAt": null,
    "identifiers": [
        {
            "type": "GHSA",
            "value": "GHSA-3pww-qvr8-6mhp"
        },
        {
            "type": "CVE",
            "value": "CVE-2023-6021"
        }
    ]
}