{
    "ghsaId": "GHSA-mxvw-cj37-8g2h",
    "severity": "CRITICAL",
    "summary": "Aim Web API vulnerable to Remote Code Execution",
    "description": "A critical Remote Code Execution (RCE) vulnerability was identified in the aimhubio/aim project, specifically within the `/api/runs/search/run/` endpoint, affecting versions >= 3.0.0. The vulnerability resides in the `run_search_api` function of the `aim/web/api/runs/views.py` file, where improper restriction of user access to the `RunView` object allows for the execution of arbitrary code via the `query` parameter. This issue enables attackers to execute arbitrary commands on the server, potentially leading to full system compromise.",
    "permalink": "https://github.com/advisories/GHSA-mxvw-cj37-8g2h",
    "publishedAt": "2024-04-10T18:30:48Z",
    "withdrawnAt": null,
    "identifiers": [
        {
            "type": "GHSA",
            "value": "GHSA-mxvw-cj37-8g2h"
        },
        {
            "type": "CVE",
            "value": "CVE-2024-2195"
        }
    ]
}