{
    "ghsaId": "GHSA-227r-w5j2-6243",
    "severity": "CRITICAL",
    "summary": "InvokeAI Arbitrary File Deletion vulnerability",
    "description": "In invoke-ai/invokeai version v5.0.2, the web API `POST /api/v1/images/delete` is vulnerable to Arbitrary File Deletion. This vulnerability allows unauthorized attackers to delete arbitrary files on the server, potentially including critical or sensitive system files such as SSH keys, SQLite databases, and configuration files. This can impact the integrity and availability of applications relying on these files.",
    "permalink": "https://github.com/advisories/GHSA-227r-w5j2-6243",
    "publishedAt": "2025-03-20T12:32:41Z",
    "withdrawnAt": null,
    "identifiers": [
        {
            "type": "GHSA",
            "value": "GHSA-227r-w5j2-6243"
        },
        {
            "type": "CVE",
            "value": "CVE-2024-11042"
        }
    ]
}