{
    "ghsaId": "GHSA-wjq3-7jxx-whj9",
    "severity": "CRITICAL",
    "summary": "mlflow Path Traversal vulnerability",
    "description": "mlflow prior to 2.3.0 is vulnerable to path traversal due to a bypass of the fix for CVE-2023-1177.",
    "permalink": "https://github.com/advisories/GHSA-wjq3-7jxx-whj9",
    "publishedAt": "2023-05-17T21:30:22Z",
    "withdrawnAt": null,
    "identifiers": [
        {
            "type": "GHSA",
            "value": "GHSA-wjq3-7jxx-whj9"
        },
        {
            "type": "CVE",
            "value": "CVE-2023-2780"
        }
    ]
}