{
    "ghsaId": "GHSA-jjw5-xxj6-pcv5",
    "severity": "CRITICAL",
    "summary": "scikit-learn Deserialization of Untrusted Data",
    "description": "scikit-learn (aka sklearn) through 0.23.0 can unserialize and execute commands from an untrusted file that is passed to the `joblib.load()` function, if `__reduce__` makes an `os.system call`.\nNOTE: third parties dispute this issue because the joblib.load() function is documented as unsafe and it is the user's responsibility to use the function in a secure manner.",
    "permalink": "https://github.com/advisories/GHSA-jjw5-xxj6-pcv5",
    "publishedAt": "2022-05-24T17:17:59Z",
    "withdrawnAt": null,
    "identifiers": [
        {
            "type": "GHSA",
            "value": "GHSA-jjw5-xxj6-pcv5"
        },
        {
            "type": "CVE",
            "value": "CVE-2020-13092"
        }
    ]
}