{
    "ghsaId": "GHSA-g84q-54hf-36rg",
    "severity": "CRITICAL",
    "summary": "AutoGPT bypass of the shell commands denylist settings",
    "description": "A vulnerability in significant-gravitas/autogpt version 0.5.1 allows an attacker to bypass the shell commands denylist settings. The issue arises when the denylist is configured to block specific commands, such as `whoami` and `/bin/whoami`. An attacker can circumvent this restriction by executing commands with a modified path, such as `/bin/./whoami`, which is not recognized by the denylist.",
    "permalink": "https://github.com/advisories/GHSA-g84q-54hf-36rg",
    "publishedAt": "2024-09-11T15:31:12Z",
    "withdrawnAt": null,
    "identifiers": [
        {
            "type": "GHSA",
            "value": "GHSA-g84q-54hf-36rg"
        },
        {
            "type": "CVE",
            "value": "CVE-2024-6091"
        }
    ]
}