{
    "ghsaId": "GHSA-8mjr-6c96-39w8",
    "severity": "CRITICAL",
    "summary": "pydash Command Injection vulnerability",
    "description": "This affects versions of the package pydash before 6.0.0. A number of pydash methods such as pydash.objects.invoke() and pydash.collections.invoke_map() accept dotted paths (Deep Path Strings) to target a nested Python object, relative to the original source object. These paths can be used to target internal class attributes and dict items, to retrieve, modify or invoke nested Python objects.\n\n**Note:**\n\nThe pydash.objects.invoke() method is vulnerable to Command Injection when the following prerequisites are satisfied:\n\n1) The source object (argument 1) is not a built-in object such as list/dict (otherwise, the __init__.__globals__ path is not accessible)\n\n2) The attacker has control over argument 2 (the path string) and argument 3 (the argument to pass to the invoked method)\n\n\nThe pydash.collections.invoke_map() method is also vulnerable, but is harder to exploit as the attacker does not have direct control over the argument to be passed to the invoked function.",
    "permalink": "https://github.com/advisories/GHSA-8mjr-6c96-39w8",
    "publishedAt": "2023-09-28T06:30:20Z",
    "withdrawnAt": null,
    "identifiers": [
        {
            "type": "GHSA",
            "value": "GHSA-8mjr-6c96-39w8"
        },
        {
            "type": "CVE",
            "value": "CVE-2023-26145"
        }
    ]
}