{
    "ghsaId": "GHSA-6749-m5cp-6cg7",
    "severity": "CRITICAL",
    "summary": "Cross-site Scripting in MLFlow",
    "description": "Insufficient sanitization in MLflow leads to XSS when running an untrusted recipe.\n\nThis issue leads to a client-side RCE when running an untrusted recipe in Jupyter Notebook.\n\nThe vulnerability stems from lack of sanitization over template variables.\n\n",
    "permalink": "https://github.com/advisories/GHSA-6749-m5cp-6cg7",
    "publishedAt": "2024-02-24T00:30:20Z",
    "withdrawnAt": null,
    "identifiers": [
        {
            "type": "GHSA",
            "value": "GHSA-6749-m5cp-6cg7"
        },
        {
            "type": "CVE",
            "value": "CVE-2024-27132"
        }
    ]
}