{
    "ghsaId": "GHSA-r3xc-prgr-mg9p",
    "severity": "CRITICAL",
    "summary": "Django bypasses validation when using one form field to upload multiple files",
    "description": "In Django 3.2 before 3.2.19, 4.x before 4.1.9, and 4.2 before 4.2.1, it was possible to bypass validation when using one form field to upload multiple files. This multiple upload has never been supported by forms.FileField or forms.ImageField (only the last uploaded file was validated). However, Django's \"Uploading multiple files\" documentation suggested otherwise.",
    "permalink": "https://github.com/advisories/GHSA-r3xc-prgr-mg9p",
    "publishedAt": "2023-05-07T03:30:17Z",
    "withdrawnAt": null,
    "identifiers": [
        {
            "type": "GHSA",
            "value": "GHSA-r3xc-prgr-mg9p"
        },
        {
            "type": "CVE",
            "value": "CVE-2023-31047"
        }
    ]
}