{
    "ghsaId": "GHSA-7g47-xxff-9p85",
    "severity": "CRITICAL",
    "summary": "Remote unauthenticated attackers able to upload files in Onionshare",
    "description": "OnionShare 2.3 before 2.4 allows remote unauthenticated attackers to upload files on a non-public node when using the --receive functionality. ",
    "permalink": "https://github.com/advisories/GHSA-7g47-xxff-9p85",
    "publishedAt": "2021-11-19T20:39:44Z",
    "withdrawnAt": null,
    "identifiers": [
        {
            "type": "GHSA",
            "value": "GHSA-7g47-xxff-9p85"
        },
        {
            "type": "CVE",
            "value": "CVE-2021-41868"
        }
    ]
}