{
    "ghsaId": "GHSA-7534-mm45-c74v",
    "severity": "CRITICAL",
    "summary": "Buffer Overflow in Pillow",
    "description": "Pillow through 8.2.0 and PIL (aka Python Imaging Library) through 1.1.7 allow an attacker to pass controlled parameters directly into a convert function to trigger a buffer overflow in Convert.c.",
    "permalink": "https://github.com/advisories/GHSA-7534-mm45-c74v",
    "publishedAt": "2021-10-05T20:24:41Z",
    "withdrawnAt": null,
    "identifiers": [
        {
            "type": "GHSA",
            "value": "GHSA-7534-mm45-c74v"
        },
        {
            "type": "CVE",
            "value": "CVE-2021-34552"
        }
    ]
}