{
    "ghsaId": "GHSA-cxm4-7qcw-267r",
    "severity": "CRITICAL",
    "summary": "salt password information leaked in debug logs",
    "description": "win_useradd, salt-cloud and the Linode driver in salt 2015.5.x before 2015.5.6, and 2015.8.x before 2015.8.1 leak password information in debug logs.",
    "permalink": "https://github.com/advisories/GHSA-cxm4-7qcw-267r",
    "publishedAt": "2022-05-17T01:59:05Z",
    "withdrawnAt": null,
    "identifiers": [
        {
            "type": "GHSA",
            "value": "GHSA-cxm4-7qcw-267r"
        },
        {
            "type": "CVE",
            "value": "CVE-2015-6941"
        }
    ]
}