{
    "ghsaId": "GHSA-x5pm-h33q-cjrw",
    "severity": "CRITICAL",
    "summary": "Improper Certificate Validation in apache airflow mongo hook",
    "description": "When ssl\u00a0was enabled for Mongo Hook, default settings included \"allow_insecure\" which caused that certificates were not validated. This was unexpected and undocumented.\nUsers are recommended to upgrade to version 4.0.0, which fixes this issue.",
    "permalink": "https://github.com/advisories/GHSA-x5pm-h33q-cjrw",
    "publishedAt": "2024-02-20T21:30:26Z",
    "withdrawnAt": null,
    "identifiers": [
        {
            "type": "GHSA",
            "value": "GHSA-x5pm-h33q-cjrw"
        },
        {
            "type": "CVE",
            "value": "CVE-2024-25141"
        }
    ]
}