{
    "ghsaId": "GHSA-qpg2-vx7j-3869",
    "severity": "CRITICAL",
    "summary": "XML Injection in ReportLab",
    "description": "ReportLab through 3.5.26 allows remote code execution because of toColor(eval(arg)) in colors.py, as demonstrated by a crafted XML document with '<span color=\"' followed by arbitrary Python code.",
    "permalink": "https://github.com/advisories/GHSA-qpg2-vx7j-3869",
    "publishedAt": "2022-05-24T22:00:57Z",
    "withdrawnAt": null,
    "identifiers": [
        {
            "type": "GHSA",
            "value": "GHSA-qpg2-vx7j-3869"
        },
        {
            "type": "CVE",
            "value": "CVE-2019-17626"
        }
    ]
}