{
    "ghsaId": "GHSA-8vj2-vxx3-667w",
    "severity": "CRITICAL",
    "summary": "Arbitrary expression injection in Pillow",
    "description": "`PIL.ImageMath.eval` in Pillow before 9.0.0 allows evaluation of arbitrary expressions, such as ones that use the Python exec method `ImageMath.eval(\"exec(exit())\")`.\n\nWhile Pillow 9.0.0 restricted top-level builtins available to PIL.ImageMath.eval(), it did not prevent builtins available to lambda expressions. These are now also restricted in 9.0.1.",
    "permalink": "https://github.com/advisories/GHSA-8vj2-vxx3-667w",
    "publishedAt": "2022-01-12T20:07:33Z",
    "withdrawnAt": null,
    "identifiers": [
        {
            "type": "GHSA",
            "value": "GHSA-8vj2-vxx3-667w"
        },
        {
            "type": "CVE",
            "value": "CVE-2022-22817"
        }
    ]
}