{
    "ghsaId": "GHSA-jrfm-2h82-xg28",
    "severity": "CRITICAL",
    "summary": "Withdrawn: Use after free in SciPy",
    "description": "## Withdrawn Advisory\n\nThis advisory has been withdrawn because it has been found to not be an issue. Please see the issue [here](https://github.com/scipy/scipy/issues/14713#issuecomment-1629468565) for more information.\n\n ## Original Description\n\nA use-after-free issue was discovered in Py_FindObjects() function in SciPy versions prior to 1.8.0.",
    "permalink": "https://github.com/advisories/GHSA-jrfm-2h82-xg28",
    "publishedAt": "2023-07-06T21:30:28Z",
    "withdrawnAt": "2024-05-03T10:26:19Z",
    "identifiers": [
        {
            "type": "GHSA",
            "value": "GHSA-jrfm-2h82-xg28"
        },
        {
            "type": "CVE",
            "value": "CVE-2023-29824"
        }
    ]
}