{
    "ghsaId": "GHSA-r4v4-3jj7-jc29",
    "severity": "CRITICAL",
    "summary": "OpenStack Octavia Amphora-Agent not requiring Client-Certificate",
    "description": "Amphora Images in OpenStack Octavia >=0.10.0 <2.1.2, >=3.0.0 <3.2.0, >=4.0.0 <4.1.0 allows anyone with access to the management network to bypass client-certificate based authentication and retrieve information or issue configuration commands via simple HTTP requests to the Agent on port https/9443, because the `cmd/agent.py` gunicorn cert_reqs option is True but is supposed to be ssl.CERT_REQUIRED.",
    "permalink": "https://github.com/advisories/GHSA-r4v4-3jj7-jc29",
    "publishedAt": "2022-05-24T16:58:03Z",
    "withdrawnAt": null,
    "identifiers": [
        {
            "type": "GHSA",
            "value": "GHSA-r4v4-3jj7-jc29"
        },
        {
            "type": "CVE",
            "value": "CVE-2019-17134"
        }
    ]
}