{
    "ghsaId": "GHSA-gcr6-rf47-jrgf",
    "severity": "CRITICAL",
    "summary": "Loaded Databook of Tablib prone to python insertion resulting in command execution",
    "description": "An exploitable vulnerability exists in the Databook loading functionality of Tablib 0.11.4. A yaml loaded Databook can execute arbitrary python commands resulting in command execution. An attacker can insert python into loaded yaml to trigger this vulnerability.",
    "permalink": "https://github.com/advisories/GHSA-gcr6-rf47-jrgf",
    "publishedAt": "2018-07-13T16:01:25Z",
    "withdrawnAt": null,
    "identifiers": [
        {
            "type": "GHSA",
            "value": "GHSA-gcr6-rf47-jrgf"
        },
        {
            "type": "CVE",
            "value": "CVE-2017-2810"
        }
    ]
}