{
    "ghsaId": "GHSA-h8xp-h3jf-wv4v",
    "severity": "CRITICAL",
    "summary": "SaltStack Salt SQL Injection vulnerability in mysql.user_chpass function",
    "description": "SaltStack Salt 2018.3 is affected by: SQL Injection. The impact is: An attacker could escalate privileges on MySQL server deployed by cloud provider. It leads to RCE. The component is: The `mysql.user_chpass` function from the MySQL module for Salt (https://github.com/saltstack/salt/blob/develop/salt/modules/mysql.py#L1462). The attack vector is: specially crafted password string. The fixed version is: 2018.3.4.",
    "permalink": "https://github.com/advisories/GHSA-h8xp-h3jf-wv4v",
    "publishedAt": "2022-05-24T16:50:39Z",
    "withdrawnAt": null,
    "identifiers": [
        {
            "type": "GHSA",
            "value": "GHSA-h8xp-h3jf-wv4v"
        },
        {
            "type": "CVE",
            "value": "CVE-2019-1010259"
        }
    ]
}