{
    "ghsaId": "GHSA-p5xh-vx83-mxcj",
    "severity": "CRITICAL",
    "summary": "HTTP Request Smuggling in Twisted",
    "description": "In Twisted Web through 20.3.0, there was an HTTP request splitting vulnerability. When presented with a content-length and a chunked encoding header, the content-length took precedence and the remainder of the request body was interpreted as a pipelined request.",
    "permalink": "https://github.com/advisories/GHSA-p5xh-vx83-mxcj",
    "publishedAt": "2020-03-31T15:40:12Z",
    "withdrawnAt": null,
    "identifiers": [
        {
            "type": "GHSA",
            "value": "GHSA-p5xh-vx83-mxcj"
        },
        {
            "type": "CVE",
            "value": "CVE-2020-10109"
        }
    ]
}