{
    "ghsaId": "GHSA-f88q-22g8-frcg",
    "severity": "CRITICAL",
    "summary": "Cobbler Improper Validation of Security Tokens",
    "description": "Cobbler version Verified as present in Cobbler versions 2.6.11+, but code inspection suggests at least 2.0.0+ or possibly even older versions may be vulnerable contains a Incorrect Access Control vulnerability in XMLRPC API (/cobbler_api) that can result in Privilege escalation, data manipulation or exfiltration, LDAP credential harvesting. This attack appear to be exploitable via \"network connectivity\". Taking advantage of improper validation of security tokens in API endpoints. Please note this is a different issue than CVE-2018-10931.",
    "permalink": "https://github.com/advisories/GHSA-f88q-22g8-frcg",
    "publishedAt": "2022-05-13T01:48:35Z",
    "withdrawnAt": null,
    "identifiers": [
        {
            "type": "GHSA",
            "value": "GHSA-f88q-22g8-frcg"
        },
        {
            "type": "CVE",
            "value": "CVE-2018-1000226"
        }
    ]
}