{
    "ghsaId": "GHSA-9pv8-q5rx-c8gq",
    "severity": "CRITICAL",
    "summary": "django_make_app is vulnerable to Code Injection",
    "description": "An exploitable vulnerability exists in the YAML parsing functionality in the `read_yaml_file` method in `io_utils.py` in django_make_app 0.1.3. A YAML parser can execute arbitrary Python commands resulting in command execution. An attacker can insert Python into loaded YAML to trigger this vulnerability.",
    "permalink": "https://github.com/advisories/GHSA-9pv8-q5rx-c8gq",
    "publishedAt": "2018-07-13T15:16:59Z",
    "withdrawnAt": null,
    "identifiers": [
        {
            "type": "GHSA",
            "value": "GHSA-9pv8-q5rx-c8gq"
        },
        {
            "type": "CVE",
            "value": "CVE-2017-16764"
        }
    ]
}