{
    "ghsaId": "GHSA-cg75-6938-wx58",
    "severity": "CRITICAL",
    "summary": "python-docutils allows insecure usage of temporary files",
    "description": "python-docutils allows insecure usage of temporary files.",
    "permalink": "https://github.com/advisories/GHSA-cg75-6938-wx58",
    "publishedAt": "2020-03-13T20:04:51Z",
    "withdrawnAt": null,
    "identifiers": [
        {
            "type": "GHSA",
            "value": "GHSA-cg75-6938-wx58"
        },
        {
            "type": "CVE",
            "value": "CVE-2009-5042"
        }
    ]
}