{
    "ghsaId": "GHSA-rmf2-pwfq-h75j",
    "severity": "CRITICAL",
    "summary": "OS Command Injection in Apache Airflow",
    "description": "Improper Neutralization of Special Elements used in an OS Command ('OS Command Injection') vulnerability in Apache Airflow Pig Provider, Apache Airflow allows an attacker to control commands executed in the task execution context, without write access to DAG files. This issue affects Pig Provider versions prior to 4.0.0. It also impacts any Apache Airflow versions prior to 2.3.0 in case Pig Provider is installed (Pig Provider 4.0.0 can only be installed for Airflow 2.3.0+). Note that you need to manually install the Pig Provider version 4.0.0 in order to get rid of the vulnerability on top of Airflow 2.3.0+ version.",
    "permalink": "https://github.com/advisories/GHSA-rmf2-pwfq-h75j",
    "publishedAt": "2022-11-22T12:30:22Z",
    "withdrawnAt": null,
    "identifiers": [
        {
            "type": "GHSA",
            "value": "GHSA-rmf2-pwfq-h75j"
        },
        {
            "type": "CVE",
            "value": "CVE-2022-40189"
        }
    ]
}