{
    "ghsaId": "GHSA-58h8-44mg-r43x",
    "severity": "CRITICAL",
    "summary": "ReviewBoard and Djblets library are vulnerable to code execution",
    "description": "An eval() vulnerability exists in Python Software Foundation Djblets version before 0.6.30 and 0.7.0 before 0.7.19 and Beanbag Review Board before 1.7.15 when parsing JSON requests allowing an attacker to execute arbitrary Python code.",
    "permalink": "https://github.com/advisories/GHSA-58h8-44mg-r43x",
    "publishedAt": "2022-05-05T00:29:00Z",
    "withdrawnAt": null,
    "identifiers": [
        {
            "type": "GHSA",
            "value": "GHSA-58h8-44mg-r43x"
        },
        {
            "type": "CVE",
            "value": "CVE-2013-4409"
        }
    ]
}