{
    "ghsaId": "GHSA-c4cc-w454-4634",
    "severity": "CRITICAL",
    "summary": "AgentScope path traversal vulnerability",
    "description": "A path traversal vulnerability exists in the modelscope/agentscope application, affecting all versions. The vulnerability is present in the /delete-workflow endpoint, allowing an attacker to delete arbitrary files from the filesystem. This issue arises due to improper input validation, enabling the attacker to manipulate file paths and delete sensitive files outside of the intended directory.",
    "permalink": "https://github.com/advisories/GHSA-c4cc-w454-4634",
    "publishedAt": "2025-03-20T12:32:48Z",
    "withdrawnAt": null,
    "identifiers": [
        {
            "type": "GHSA",
            "value": "GHSA-c4cc-w454-4634"
        },
        {
            "type": "CVE",
            "value": "CVE-2024-8537"
        }
    ]
}