{
    "ghsaId": "GHSA-r5qj-cvf9-p85h",
    "severity": "CRITICAL",
    "summary": "Code Injection in PyTorch Lightning",
    "description": "PyTorch Lightning version 1.5.10 and prior is vulnerable to code injection. An attacker could execute commands on the target OS running the operating system by setting the `PL_TRAINER_GPUS` when using the `Trainer` module. A [patch](https://github.com/pytorchlightning/pytorch-lightning/commit/8b7a12c52e52a06408e9231647839ddb4665e8ae) is included in the `1.6.0` release.",
    "permalink": "https://github.com/advisories/GHSA-r5qj-cvf9-p85h",
    "publishedAt": "2022-03-06T00:00:16Z",
    "withdrawnAt": null,
    "identifiers": [
        {
            "type": "GHSA",
            "value": "GHSA-r5qj-cvf9-p85h"
        },
        {
            "type": "CVE",
            "value": "CVE-2022-0845"
        }
    ]
}