{
    "ghsaId": "GHSA-57fc-8q82-gfp3",
    "severity": "CRITICAL",
    "summary": "langchain vulnerable to arbitrary code execution",
    "description": "An issue in langchain allows a remote attacker to execute arbitrary code via the PALChain parameter in the Python exec method.",
    "permalink": "https://github.com/advisories/GHSA-57fc-8q82-gfp3",
    "publishedAt": "2023-07-06T15:30:33Z",
    "withdrawnAt": null,
    "identifiers": [
        {
            "type": "GHSA",
            "value": "GHSA-57fc-8q82-gfp3"
        },
        {
            "type": "CVE",
            "value": "CVE-2023-36188"
        }
    ]
}