{
    "ghsaId": "GHSA-wh37-37xw-54hr",
    "severity": "CRITICAL",
    "summary": "Improper Authentication in requests-kerberos",
    "description": "python-requests-Kerberos through 0.5 does not handle mutual authentication",
    "permalink": "https://github.com/advisories/GHSA-wh37-37xw-54hr",
    "publishedAt": "2020-03-10T18:02:31Z",
    "withdrawnAt": null,
    "identifiers": [
        {
            "type": "GHSA",
            "value": "GHSA-wh37-37xw-54hr"
        },
        {
            "type": "CVE",
            "value": "CVE-2014-8650"
        }
    ]
}