{
    "ghsaId": "GHSA-h8pj-cxx2-jfg2",
    "severity": "CRITICAL",
    "summary": "Improper Input Validation in httpx",
    "description": "Encode OSS httpx <=1.0.0.beta0 is affected by improper input validation in `httpx.URL`, `httpx.Client` and some functions using `httpx.URL.copy_with`.",
    "permalink": "https://github.com/advisories/GHSA-h8pj-cxx2-jfg2",
    "publishedAt": "2022-04-29T00:00:25Z",
    "withdrawnAt": null,
    "identifiers": [
        {
            "type": "GHSA",
            "value": "GHSA-h8pj-cxx2-jfg2"
        },
        {
            "type": "CVE",
            "value": "CVE-2021-41945"
        }
    ]
}