{
    "ghsaId": "GHSA-69q2-p9xp-739v",
    "severity": "CRITICAL",
    "summary": "Duplicate Advisory: XML Injection in petl",
    "description": "## Duplicate Advisory\nThis advisoerey has been withdrawn because it is a duplicate of GHSA-f5gc-p5m3-v347. This link is maintained to preserve external references.\n\n## Original Description\npetl before 1.68, in some configurations, allows resolution of entities in an XML document.",
    "permalink": "https://github.com/advisories/GHSA-69q2-p9xp-739v",
    "publishedAt": "2021-04-20T16:32:08Z",
    "withdrawnAt": "2024-10-09T20:47:08Z",
    "identifiers": [
        {
            "type": "GHSA",
            "value": "GHSA-69q2-p9xp-739v"
        }
    ]
}