{
    "ghsaId": "GHSA-fj32-q626-pjjc",
    "severity": "CRITICAL",
    "summary": "LangChain vulnerable to arbitrary code execution",
    "description": "An issue in LangChain prior to v.0.0.247 allows a remote attacker to execute arbitrary code via the prompt parameter.",
    "permalink": "https://github.com/advisories/GHSA-fj32-q626-pjjc",
    "publishedAt": "2023-08-15T18:31:32Z",
    "withdrawnAt": null,
    "identifiers": [
        {
            "type": "GHSA",
            "value": "GHSA-fj32-q626-pjjc"
        },
        {
            "type": "CVE",
            "value": "CVE-2023-38860"
        }
    ]
}