{
    "ghsaId": "GHSA-67mg-gm8m-ph5r",
    "severity": "CRITICAL",
    "summary": "Improper Authorization in modoboa",
    "description": "In modoboa prior to 2.1.0, sending a GET request to the endpoint `/api/v2/parameters/core/` returns sensitive information without any authentication or authorization.",
    "permalink": "https://github.com/advisories/GHSA-67mg-gm8m-ph5r",
    "publishedAt": "2023-04-21T15:30:18Z",
    "withdrawnAt": null,
    "identifiers": [
        {
            "type": "GHSA",
            "value": "GHSA-67mg-gm8m-ph5r"
        },
        {
            "type": "CVE",
            "value": "CVE-2023-2227"
        }
    ]
}