{
    "ghsaId": "GHSA-gqrq-j6pm-98c2",
    "severity": "CRITICAL",
    "summary": "External Control of File Name or Path in h2oai/h2o-3",
    "description": "Remote unauthenticated attackers can overwrite arbitrary server files with attacker-controllable data. The data that the attacker can control is not entirely arbitrary. h2o writes a CSV/XLS/etc file to disk, so the attacker data is wrapped in quotations and starts with \"C1\", if they're exporting as CSV.",
    "permalink": "https://github.com/advisories/GHSA-gqrq-j6pm-98c2",
    "publishedAt": "2023-12-14T15:30:22Z",
    "withdrawnAt": null,
    "identifiers": [
        {
            "type": "GHSA",
            "value": "GHSA-gqrq-j6pm-98c2"
        },
        {
            "type": "CVE",
            "value": "CVE-2023-6569"
        }
    ]
}