{
    "ghsaId": "GHSA-rprw-h62v-c2w7",
    "severity": "CRITICAL",
    "summary": "PyYAML insecurely deserializes YAML strings leading to arbitrary code execution",
    "description": "In PyYAML before 4.1, the `yaml.load()` API could execute arbitrary code. In other words, `yaml.safe_load` is not used.",
    "permalink": "https://github.com/advisories/GHSA-rprw-h62v-c2w7",
    "publishedAt": "2019-01-04T17:45:26Z",
    "withdrawnAt": null,
    "identifiers": [
        {
            "type": "GHSA",
            "value": "GHSA-rprw-h62v-c2w7"
        },
        {
            "type": "CVE",
            "value": "CVE-2017-18342"
        }
    ]
}