{
    "ghsaId": "GHSA-rj98-crf4-g69w",
    "severity": "CRITICAL",
    "summary": "pgAdmin 4 vulnerable to Unsafe Deserialization and Remote Code Execution by an Authenticated user",
    "description": "pgAdmin prior to version 8.4 is affected by a path-traversal vulnerability while deserializing users\u2019 sessions in the session handling code. If the server is running on Windows, an unauthenticated attacker can load and deserialize remote pickle objects and gain code execution. If the server is running on POSIX/Linux, an authenticated attacker can upload pickle objects, deserialize them and gain code execution.",
    "permalink": "https://github.com/advisories/GHSA-rj98-crf4-g69w",
    "publishedAt": "2024-03-07T21:30:22Z",
    "withdrawnAt": null,
    "identifiers": [
        {
            "type": "GHSA",
            "value": "GHSA-rj98-crf4-g69w"
        },
        {
            "type": "CVE",
            "value": "CVE-2024-2044"
        }
    ]
}