{
    "ghsaId": "GHSA-fj35-m94r-9h4c",
    "severity": "CRITICAL",
    "summary": "Maltego incorrectly shares a MISP connection across users in a remote-transform use case",
    "description": "MISP MISP-maltego 1.4.4 incorrectly shares a MISP connection across users in a remote-transform use case. Version 1.4.5 contains a patch.",
    "permalink": "https://github.com/advisories/GHSA-fj35-m94r-9h4c",
    "publishedAt": "2022-05-24T17:17:59Z",
    "withdrawnAt": null,
    "identifiers": [
        {
            "type": "GHSA",
            "value": "GHSA-fj35-m94r-9h4c"
        },
        {
            "type": "CVE",
            "value": "CVE-2020-12889"
        }
    ]
}