{
    "ghsaId": "GHSA-mr7h-w2qc-ffc2",
    "severity": "CRITICAL",
    "summary": "pytorch-lightning vulnerable to Arbitrary File Write via /v1/runs API endpoint",
    "description": "A vulnerability in the /v1/runs API endpoint of lightning-ai/pytorch-lightning v2.2.4 allows attackers to exploit path traversal when extracting tar.gz files. When the LightningApp is running with the plugin_server, attackers can deploy malicious tar.gz plugins that embed arbitrary files with path traversal vulnerabilities. This can result in arbitrary files being written to any directory in the victim's local file system, potentially leading to remote code execution.",
    "permalink": "https://github.com/advisories/GHSA-mr7h-w2qc-ffc2",
    "publishedAt": "2024-06-27T21:32:08Z",
    "withdrawnAt": null,
    "identifiers": [
        {
            "type": "GHSA",
            "value": "GHSA-mr7h-w2qc-ffc2"
        },
        {
            "type": "CVE",
            "value": "CVE-2024-5980"
        }
    ]
}