{
    "ghsaId": "GHSA-hf26-vvmx-x8c8",
    "severity": "CRITICAL",
    "summary": "Plone Arbitrary Code Execution via Unsafe Handling of Pickles",
    "description": "Plone 2.5 through 2.5.4 and 3.0 through 3.0.2 allows remote attackers to execute arbitrary Python code via network data containing pickled objects for the (1) statusmessages or (2) linkintegrity module, which the module unpickles and executes.",
    "permalink": "https://github.com/advisories/GHSA-hf26-vvmx-x8c8",
    "publishedAt": "2022-05-01T18:36:14Z",
    "withdrawnAt": null,
    "identifiers": [
        {
            "type": "GHSA",
            "value": "GHSA-hf26-vvmx-x8c8"
        },
        {
            "type": "CVE",
            "value": "CVE-2007-5741"
        }
    ]
}