{
    "ghsaId": "GHSA-w9cp-3x79-2p8p",
    "severity": "CRITICAL",
    "summary": "transmute-core unsafe YAML deserialization vulnerability",
    "description": "Unsafe YAML deserialization in yaml.Loader in transmute-core before 1.13.5 allows attackers to execute arbitrary Python code.",
    "permalink": "https://github.com/advisories/GHSA-w9cp-3x79-2p8p",
    "publishedAt": "2023-11-02T06:30:25Z",
    "withdrawnAt": null,
    "identifiers": [
        {
            "type": "GHSA",
            "value": "GHSA-w9cp-3x79-2p8p"
        },
        {
            "type": "CVE",
            "value": "CVE-2023-47204"
        }
    ]
}