{
    "ghsaId": "GHSA-rwhh-6x83-84v6",
    "severity": "CRITICAL",
    "summary": "Cross-site Scripting in Apache superset",
    "description": "A stored cross-site scripting (XSS) vulnerability exists in Apache Superset before 3.0.3.\u00a0An authenticated attacker with create/update permissions on charts or dashboards could store a script or add a specific HTML snippet that would act as a stored XSS.\n\nFor 2.X versions, users should change their config to include:\n\nTALISMAN_CONFIG = {\n\u00a0 \u00a0 \"content_security_policy\": {\n\u00a0 \u00a0 \u00a0 \u00a0 \"base-uri\": [\"'self'\"],\n\u00a0 \u00a0 \u00a0 \u00a0 \"default-src\": [\"'self'\"],\n\u00a0 \u00a0 \u00a0 \u00a0 \"img-src\": [\"'self'\", \"blob:\", \"data:\"],\n\u00a0 \u00a0 \u00a0 \u00a0 \"worker-src\": [\"'self'\", \"blob:\"],\n\u00a0 \u00a0 \u00a0 \u00a0 \"connect-src\": [\n\u00a0 \u00a0 \u00a0 \u00a0 \u00a0 \u00a0 \"'self'\",\n\u00a0 \u00a0 \u00a0 \u00a0 \u00a0 \u00a0 \" https://api.mapbox.com\" https://api.mapbox.com\" ;,\n\u00a0 \u00a0 \u00a0 \u00a0 \u00a0 \u00a0 \" https://events.mapbox.com\" https://events.mapbox.com\" ;,\n\u00a0 \u00a0 \u00a0 \u00a0 ],\n\u00a0 \u00a0 \u00a0 \u00a0 \"object-src\": \"'none'\",\n\u00a0 \u00a0 \u00a0 \u00a0 \"style-src\": [\n\u00a0 \u00a0 \u00a0 \u00a0 \u00a0 \u00a0 \"'self'\",\n\u00a0 \u00a0 \u00a0 \u00a0 \u00a0 \u00a0 \"'unsafe-inline'\",\n\u00a0 \u00a0 \u00a0 \u00a0 ],\n\u00a0 \u00a0 \u00a0 \u00a0 \"script-src\": [\"'self'\", \"'strict-dynamic'\"],\n\u00a0 \u00a0 },\n\u00a0 \u00a0 \"content_security_policy_nonce_in\": [\"script-src\"],\n\u00a0 \u00a0 \"force_https\": False,\n\u00a0 \u00a0 \"session_cookie_secure\": False,\n}",
    "permalink": "https://github.com/advisories/GHSA-rwhh-6x83-84v6",
    "publishedAt": "2024-01-23T15:30:58Z",
    "withdrawnAt": null,
    "identifiers": [
        {
            "type": "GHSA",
            "value": "GHSA-rwhh-6x83-84v6"
        },
        {
            "type": "CVE",
            "value": "CVE-2023-49657"
        }
    ]
}