{
    "ghsaId": "GHSA-qr38-h96j-2j3w",
    "severity": "CRITICAL",
    "summary": "SaltStack Salt Command Injection in netapi ssh client",
    "description": "An issue was discovered in SaltStack Salt through 3002. Sending crafted web requests to the Salt API, with the SSH client enabled, can result in shell injection.",
    "permalink": "https://github.com/advisories/GHSA-qr38-h96j-2j3w",
    "publishedAt": "2022-05-24T17:33:18Z",
    "withdrawnAt": null,
    "identifiers": [
        {
            "type": "GHSA",
            "value": "GHSA-qr38-h96j-2j3w"
        },
        {
            "type": "CVE",
            "value": "CVE-2020-16846"
        }
    ]
}