{
    "ghsaId": "GHSA-5vqr-wprc-cpp7",
    "severity": "CRITICAL",
    "summary": "vLLM Deserialization of Untrusted Data vulnerability",
    "description": "vllm-project vllm version v0.6.2 contains a vulnerability in the MessageQueue.dequeue() API function. The function uses pickle.loads to parse received sockets directly, leading to a remote code execution vulnerability. An attacker can exploit this by sending a malicious payload to the MessageQueue, causing the victim's machine to execute arbitrary code.",
    "permalink": "https://github.com/advisories/GHSA-5vqr-wprc-cpp7",
    "publishedAt": "2025-03-20T12:32:41Z",
    "withdrawnAt": null,
    "identifiers": [
        {
            "type": "GHSA",
            "value": "GHSA-5vqr-wprc-cpp7"
        },
        {
            "type": "CVE",
            "value": "CVE-2024-11041"
        }
    ]
}