{
    "ghsaId": "GHSA-9q9v-qgwx-84mr",
    "severity": "CRITICAL",
    "summary": "Command injection in PaddlePaddle",
    "description": "PaddlePaddle before 2.5.0 has a command injection in fs.py. This resulted in\u00a0the ability to execute arbitrary commands on the operating system.\n",
    "permalink": "https://github.com/advisories/GHSA-9q9v-qgwx-84mr",
    "publishedAt": "2023-07-26T12:30:28Z",
    "withdrawnAt": null,
    "identifiers": [
        {
            "type": "GHSA",
            "value": "GHSA-9q9v-qgwx-84mr"
        },
        {
            "type": "CVE",
            "value": "CVE-2023-38673"
        }
    ]
}