{
    "ghsaId": "GHSA-hq88-wg7q-gp4g",
    "severity": "CRITICAL",
    "summary": "mlflow vulnerable to Path Traversal",
    "description": "mlflow/mlflow is vulnerable to Local File Inclusion (LFI) due to improper parsing of URIs, allowing attackers to bypass checks and read arbitrary files on the system. The issue arises from the 'is_local_uri' function's failure to properly handle URIs with empty or 'file' schemes, leading to the misclassification of URIs as non-local. Attackers can exploit this by crafting malicious model versions with specially crafted 'source' parameters, enabling the reading of sensitive files within at least two directory levels from the server's root.",
    "permalink": "https://github.com/advisories/GHSA-hq88-wg7q-gp4g",
    "publishedAt": "2024-04-16T00:30:34Z",
    "withdrawnAt": null,
    "identifiers": [
        {
            "type": "GHSA",
            "value": "GHSA-hq88-wg7q-gp4g"
        },
        {
            "type": "CVE",
            "value": "CVE-2024-3573"
        }
    ]
}