{
    "ghsaId": "GHSA-x7m3-jprg-wc5g",
    "severity": "CRITICAL",
    "summary": "Gevent allows remote attacker to escalate privileges",
    "description": "An issue in Gevent before version 23.9.0 allows a remote attacker to escalate privileges via a crafted script to the WSGIServer component.",
    "permalink": "https://github.com/advisories/GHSA-x7m3-jprg-wc5g",
    "publishedAt": "2023-09-25T12:30:44Z",
    "withdrawnAt": null,
    "identifiers": [
        {
            "type": "GHSA",
            "value": "GHSA-x7m3-jprg-wc5g"
        },
        {
            "type": "CVE",
            "value": "CVE-2023-41419"
        }
    ]
}