{
    "ghsaId": "GHSA-5g73-69p4-7gvx",
    "severity": "CRITICAL",
    "summary": "Code execution in pandasai",
    "description": "GenerateSDFPipeline in synthetic_dataframe in PandasAI (aka pandas-ai) through 1.5.17 allows attackers to trigger the generation of arbitrary Python code that is executed by SDFCodeExecutor. An attacker can create a dataframe that provides an English language specification of this Python code. NOTE: the vendor previously attempted to restrict code execution in response to a separate issue, CVE-2023-39660.",
    "permalink": "https://github.com/advisories/GHSA-5g73-69p4-7gvx",
    "publishedAt": "2024-01-22T03:30:26Z",
    "withdrawnAt": null,
    "identifiers": [
        {
            "type": "GHSA",
            "value": "GHSA-5g73-69p4-7gvx"
        },
        {
            "type": "CVE",
            "value": "CVE-2024-23752"
        }
    ]
}