{
    "ghsaId": "GHSA-4q2w-rw7m-xqw6",
    "severity": "CRITICAL",
    "summary": "Sony Neural Network Libraries reliance on untrusted inputs prior to v1.0.10",
    "description": "nbla/logger.cpp in libnnabla.a in Sony Neural Network Libraries (aka nnabla) prior to v1.0.10 relies on the HOME environment variable, which might be untrusted.",
    "permalink": "https://github.com/advisories/GHSA-4q2w-rw7m-xqw6",
    "publishedAt": "2022-05-13T01:07:57Z",
    "withdrawnAt": null,
    "identifiers": [
        {
            "type": "GHSA",
            "value": "GHSA-4q2w-rw7m-xqw6"
        },
        {
            "type": "CVE",
            "value": "CVE-2019-10844"
        }
    ]
}