{
    "ghsaId": "GHSA-x48g-hm9c-ww42",
    "severity": "CRITICAL",
    "summary": "LlamaIndex SQL Injection vulnerability",
    "description": "A vulnerability in the FinanceChatLlamaPack of the run-llama/llama_index repository, versions up to v0.12.3, allows for SQL injection in the `run_sql_query` function of the `database_agent`. This vulnerability can be exploited by an attacker to inject arbitrary SQL queries, leading to remote code execution (RCE) through the use of PostgreSQL's large object functionality. The issue is fixed in the `stale_packages` branch.",
    "permalink": "https://github.com/advisories/GHSA-x48g-hm9c-ww42",
    "publishedAt": "2025-03-20T12:32:44Z",
    "withdrawnAt": null,
    "identifiers": [
        {
            "type": "GHSA",
            "value": "GHSA-x48g-hm9c-ww42"
        },
        {
            "type": "CVE",
            "value": "CVE-2024-12909"
        }
    ]
}