{
    "ghsaId": "GHSA-cv6j-9835-p7fh",
    "severity": "CRITICAL",
    "summary": "exotel-py includes code execution backdoor inserted by a third party",
    "description": "The exotel (aka exotel-py) package in PyPI as of 0.1.6 includes a code execution backdoor inserted by a third party. Users should downgrade to version 0.1.5 to avoid the problem.",
    "permalink": "https://github.com/advisories/GHSA-cv6j-9835-p7fh",
    "publishedAt": "2022-08-28T00:00:26Z",
    "withdrawnAt": null,
    "identifiers": [
        {
            "type": "GHSA",
            "value": "GHSA-cv6j-9835-p7fh"
        },
        {
            "type": "CVE",
            "value": "CVE-2022-38792"
        }
    ]
}