{
    "ghsaId": "GHSA-gjjr-63x4-v8cq",
    "severity": "CRITICAL",
    "summary": "langchain_experimental vulnerable to arbitrary code execution via PALChain in the python exec method",
    "description": "langchain_experimental (aka LangChain Experimental) in LangChain before 0.0.306 allows an attacker to bypass the CVE-2023-36258 fix and execute arbitrary code via __import__ in Python code, which is not prohibited by pal_chain/base.py.",
    "permalink": "https://github.com/advisories/GHSA-gjjr-63x4-v8cq",
    "publishedAt": "2023-10-09T21:30:27Z",
    "withdrawnAt": null,
    "identifiers": [
        {
            "type": "GHSA",
            "value": "GHSA-gjjr-63x4-v8cq"
        },
        {
            "type": "CVE",
            "value": "CVE-2023-44467"
        }
    ]
}