{
    "ghsaId": "GHSA-3f2c-jm6v-cr35",
    "severity": "CRITICAL",
    "summary": "Django DNS Rebinding Vulnerability",
    "description": "Django before 1.8.x before 1.8.16, 1.9.x before 1.9.11, and 1.10.x before 1.10.3, when settings.DEBUG is True, allow remote attackers to conduct DNS rebinding attacks by leveraging failure to validate the HTTP Host header against settings.ALLOWED_HOSTS.",
    "permalink": "https://github.com/advisories/GHSA-3f2c-jm6v-cr35",
    "publishedAt": "2022-05-17T00:27:18Z",
    "withdrawnAt": null,
    "identifiers": [
        {
            "type": "GHSA",
            "value": "GHSA-3f2c-jm6v-cr35"
        },
        {
            "type": "CVE",
            "value": "CVE-2016-9014"
        }
    ]
}