{
    "ghsaId": "GHSA-6w4m-2xhg-2658",
    "severity": "CRITICAL",
    "summary": "Buffer overflow in sponge queue functions",
    "description": "### Impact\n\nThe Keccak sponge function interface accepts partial inputs to be absorbed and partial outputs to be squeezed. A buffer can overflow when partial data with some specific sizes are queued, where at least one of them has a length of 2^32 - 200 bytes or more.\n\n### Patches\n\nYes, see commit [fdc6fef0](https://github.com/XKCP/XKCP/commit/fdc6fef075f4e81d6b1bc38364248975e08e340a).\n\n### Workarounds\n\nThe problem can be avoided by limiting the size of the partial input data (or partial output digest) below 2^32 - 200 bytes. Multiple calls to the queue system can be chained at a higher level to retain the original functionality. Alternatively, one can process the entire input (or produce the entire output) at once, avoiding the queuing functions altogether.\n\n### References\n\nSee [issue #105](https://github.com/XKCP/XKCP/issues/105) for more details.\n",
    "permalink": "https://github.com/advisories/GHSA-6w4m-2xhg-2658",
    "publishedAt": "2023-04-26T17:39:58Z",
    "withdrawnAt": null,
    "identifiers": [
        {
            "type": "GHSA",
            "value": "GHSA-6w4m-2xhg-2658"
        },
        {
            "type": "CVE",
            "value": "CVE-2022-37454"
        }
    ]
}