{
    "ghsaId": "GHSA-3xg5-6c3j-vp8x",
    "severity": "CRITICAL",
    "summary": "Improper Restriction of XML External Entity Reference in Quokka",
    "description": "XML External Entities (XXE) in Quokka v0.4.0 allows remote attackers to execute arbitrary code via the component 'quokka/utils/atom.py'.",
    "permalink": "https://github.com/advisories/GHSA-3xg5-6c3j-vp8x",
    "publishedAt": "2021-08-30T16:23:34Z",
    "withdrawnAt": null,
    "identifiers": [
        {
            "type": "GHSA",
            "value": "GHSA-3xg5-6c3j-vp8x"
        },
        {
            "type": "CVE",
            "value": "CVE-2020-18703"
        }
    ]
}