{
    "ghsaId": "GHSA-wh73-hpcg-v32j",
    "severity": "CRITICAL",
    "summary": "SQL injection in apache-superset",
    "description": "Apache Superset before 1.4.2 is vulnerable to SQL injection in chart data requests. Users should update to 1.4.2 or higher which addresses this issue.",
    "permalink": "https://github.com/advisories/GHSA-wh73-hpcg-v32j",
    "publishedAt": "2022-04-14T00:00:14Z",
    "withdrawnAt": null,
    "identifiers": [
        {
            "type": "GHSA",
            "value": "GHSA-wh73-hpcg-v32j"
        },
        {
            "type": "CVE",
            "value": "CVE-2022-27479"
        }
    ]
}