{
    "ghsaId": "GHSA-fr75-x856-q6j8",
    "severity": "CRITICAL",
    "summary": "Octobot mishandles Tentacles upload",
    "description": "WebInterface in OctoBot before 0.4.4 allows remote code execution because Tentacles upload is mishandled.",
    "permalink": "https://github.com/advisories/GHSA-fr75-x856-q6j8",
    "publishedAt": "2022-07-17T00:00:44Z",
    "withdrawnAt": null,
    "identifiers": [
        {
            "type": "GHSA",
            "value": "GHSA-fr75-x856-q6j8"
        },
        {
            "type": "CVE",
            "value": "CVE-2021-36711"
        }
    ]
}