{
    "ghsaId": "GHSA-8jxq-75rw-fhj9",
    "severity": "CRITICAL",
    "summary": "Eve allows execution of arbitrary code",
    "description": "`io/mongo/parser.py` in Eve (aka pyeve) before 0.7.5 allows remote attackers to execute arbitrary code via Code Injection in the `where` parameter.",
    "permalink": "https://github.com/advisories/GHSA-8jxq-75rw-fhj9",
    "publishedAt": "2018-07-12T20:29:35Z",
    "withdrawnAt": null,
    "identifiers": [
        {
            "type": "GHSA",
            "value": "GHSA-8jxq-75rw-fhj9"
        },
        {
            "type": "CVE",
            "value": "CVE-2018-8097"
        }
    ]
}