{
    "ghsaId": "GHSA-9w5h-67gf-xvv8",
    "severity": "CRITICAL",
    "summary": "AgentScope Deserialization Vulnerability",
    "description": "A vulnerability in the RpcAgentServerLauncher class of modelscope/agentscope v0.0.6a3 allows for remote code execution (RCE) via deserialization of untrusted data using the dill library. The issue occurs in the AgentServerServicer.create_agent method, where serialized input is deserialized using dill.loads, enabling an attacker to execute arbitrary commands on the server.",
    "permalink": "https://github.com/advisories/GHSA-9w5h-67gf-xvv8",
    "publishedAt": "2025-03-20T12:32:48Z",
    "withdrawnAt": null,
    "identifiers": [
        {
            "type": "GHSA",
            "value": "GHSA-9w5h-67gf-xvv8"
        },
        {
            "type": "CVE",
            "value": "CVE-2024-8502"
        }
    ]
}