{
    "ghsaId": "GHSA-887w-45rq-vxgf",
    "severity": "CRITICAL",
    "summary": "SQLAlchemy vulnerable to SQL Injection via order_by parameter",
    "description": "SQLAlchemy through 1.2.17 and 1.3.x through 1.3.0b2 allows SQL Injection via the order_by parameter.",
    "permalink": "https://github.com/advisories/GHSA-887w-45rq-vxgf",
    "publishedAt": "2019-04-16T15:50:41Z",
    "withdrawnAt": null,
    "identifiers": [
        {
            "type": "GHSA",
            "value": "GHSA-887w-45rq-vxgf"
        },
        {
            "type": "CVE",
            "value": "CVE-2019-7164"
        }
    ]
}