{
    "ghsaId": "GHSA-j6cv-98jx-mrwr",
    "severity": "CRITICAL",
    "summary": "Mocodo vulnerable to SQL injection in `/web/generate.php`",
    "description": "Mocodo Mocodo Online 4.2.6 and below does not properly sanitize the `sql_case` input field in `/web/generate.php`, allowing remote attackers to execute arbitrary SQL commands and potentially command injection, leading to remote code execution (RCE) under certain conditions.",
    "permalink": "https://github.com/advisories/GHSA-j6cv-98jx-mrwr",
    "publishedAt": "2024-05-28T20:20:37Z",
    "withdrawnAt": null,
    "identifiers": [
        {
            "type": "GHSA",
            "value": "GHSA-j6cv-98jx-mrwr"
        },
        {
            "type": "CVE",
            "value": "CVE-2024-35374"
        }
    ]
}