{
    "ghsaId": "GHSA-6mww-xvh7-fq4f",
    "severity": "CRITICAL",
    "summary": "Koji hub call does not perform correct access checks",
    "description": "Koji version 1.12, 1.13, 1.14 and 1.15 contain an incorrect access control vulnerability resulting in arbitrary filesystem read/write access. This vulnerability has been fixed in versions 1.12.1, 1.13.1, 1.14.1 and 1.15.1.",
    "permalink": "https://github.com/advisories/GHSA-6mww-xvh7-fq4f",
    "publishedAt": "2018-07-12T20:29:40Z",
    "withdrawnAt": null,
    "identifiers": [
        {
            "type": "GHSA",
            "value": "GHSA-6mww-xvh7-fq4f"
        },
        {
            "type": "CVE",
            "value": "CVE-2018-1002150"
        }
    ]
}