{
    "ghsaId": "GHSA-pj98-2xf6-cff5",
    "severity": "CRITICAL",
    "summary": "ReportLab vulnerable to remote code execution via paraparser",
    "description": "paraparser in ReportLab before 3.5.31 allows remote code execution because start_unichar in paraparser.py evaluates untrusted user input in a unichar element in a crafted XML document with '<unichar code=\"' followed by arbitrary Python code, a similar issue to CVE-2019-17626.",
    "permalink": "https://github.com/advisories/GHSA-pj98-2xf6-cff5",
    "publishedAt": "2023-09-20T15:30:51Z",
    "withdrawnAt": null,
    "identifiers": [
        {
            "type": "GHSA",
            "value": "GHSA-pj98-2xf6-cff5"
        },
        {
            "type": "CVE",
            "value": "CVE-2019-19450"
        }
    ]
}