{
    "ghsaId": "GHSA-hvr8-466p-75rh",
    "severity": "CRITICAL",
    "summary": "Pillow Integer overflow in ImagingResampleHorizontal",
    "description": "Integer overflow in the `ImagingResampleHorizontal` function in `libImaging/Resample.c` in Pillow before 3.1.1 allows remote attackers to have unspecified impact via negative values of the new size, which triggers a heap-based buffer overflow.",
    "permalink": "https://github.com/advisories/GHSA-hvr8-466p-75rh",
    "publishedAt": "2018-07-24T20:15:48Z",
    "withdrawnAt": null,
    "identifiers": [
        {
            "type": "GHSA",
            "value": "GHSA-hvr8-466p-75rh"
        },
        {
            "type": "CVE",
            "value": "CVE-2016-4009"
        }
    ]
}