{
    "ghsaId": "GHSA-j59j-h3g7-cpmf",
    "severity": "CRITICAL",
    "summary": "Roundup xml-rpc server improper check of property permissions",
    "description": "The xml-rpc server in Roundup 1.4.4 does not check property permissions, which allows attackers to bypass restrictions and edit or read restricted properties via the (1) list, (2) display, and (3) set methods.",
    "permalink": "https://github.com/advisories/GHSA-j59j-h3g7-cpmf",
    "publishedAt": "2022-05-01T23:40:33Z",
    "withdrawnAt": null,
    "identifiers": [
        {
            "type": "GHSA",
            "value": "GHSA-j59j-h3g7-cpmf"
        },
        {
            "type": "CVE",
            "value": "CVE-2008-1475"
        }
    ]
}