{
    "ghsaId": "GHSA-x32c-59v5-h7fg",
    "severity": "CRITICAL",
    "summary": "Langchain OS Command Injection vulnerability",
    "description": "Langchain before v0.0.225 was discovered to contain a remote code execution (RCE) vulnerability in the component JiraAPIWrapper (aka the JIRA API wrapper). This vulnerability allows attackers to execute arbitrary code via crafted input. As noted in the \"releases/tag\" reference, a fix is available.",
    "permalink": "https://github.com/advisories/GHSA-x32c-59v5-h7fg",
    "publishedAt": "2023-06-14T15:30:39Z",
    "withdrawnAt": null,
    "identifiers": [
        {
            "type": "GHSA",
            "value": "GHSA-x32c-59v5-h7fg"
        },
        {
            "type": "CVE",
            "value": "CVE-2023-34540"
        }
    ]
}