{
    "ghsaId": "GHSA-h6r2-pgvx-683c",
    "severity": "CRITICAL",
    "summary": "Lin-CMS-Flask vulnerable to Improper Authentication",
    "description": "Improper Authentication in Lin-CMS-Flask v0.1.1 allows remote attackers to launch brute force login attempts without restriction via the 'login' function in the component `app/api/cms/user.py`.",
    "permalink": "https://github.com/advisories/GHSA-h6r2-pgvx-683c",
    "publishedAt": "2022-05-24T19:11:15Z",
    "withdrawnAt": null,
    "identifiers": [
        {
            "type": "GHSA",
            "value": "GHSA-h6r2-pgvx-683c"
        },
        {
            "type": "CVE",
            "value": "CVE-2020-18698"
        }
    ]
}