{
    "ghsaId": "GHSA-57qv-h9m7-jxfg",
    "severity": "CRITICAL",
    "summary": "Code-execution backdoor in marcador",
    "description": "marcador package in PyPI 0.1 through 0.13 included a code-execution backdoor.",
    "permalink": "https://github.com/advisories/GHSA-57qv-h9m7-jxfg",
    "publishedAt": "2022-05-09T00:00:48Z",
    "withdrawnAt": null,
    "identifiers": [
        {
            "type": "GHSA",
            "value": "GHSA-57qv-h9m7-jxfg"
        },
        {
            "type": "CVE",
            "value": "CVE-2022-28470"
        }
    ]
}