{
    "ghsaId": "GHSA-9g44-gwvm-hc44",
    "severity": "CRITICAL",
    "summary": "BentoML deserialization vulnerability",
    "description": "A deserialization vulnerability exists in BentoML's runner server in bentoml/bentoml versions <=1.3.4.post1. By setting specific parameters, an attacker can execute unauthorized arbitrary code on the server, causing severe harm. The vulnerability is triggered when the args-number parameter is greater than 1, leading to automatic deserialization and arbitrary code execution.",
    "permalink": "https://github.com/advisories/GHSA-9g44-gwvm-hc44",
    "publishedAt": "2025-03-20T12:32:50Z",
    "withdrawnAt": null,
    "identifiers": [
        {
            "type": "GHSA",
            "value": "GHSA-9g44-gwvm-hc44"
        },
        {
            "type": "CVE",
            "value": "CVE-2024-9070"
        }
    ]
}