{
    "ghsaId": "GHSA-38fc-9xqv-7f7q",
    "severity": "CRITICAL",
    "summary": "SQLAlchemy is vulnerable to SQL Injection via group_by parameter ",
    "description": "SQLAlchemy 1.2.17 has SQL Injection when the group_by parameter can be controlled.",
    "permalink": "https://github.com/advisories/GHSA-38fc-9xqv-7f7q",
    "publishedAt": "2019-04-16T15:50:39Z",
    "withdrawnAt": null,
    "identifiers": [
        {
            "type": "GHSA",
            "value": "GHSA-38fc-9xqv-7f7q"
        },
        {
            "type": "CVE",
            "value": "CVE-2019-7548"
        }
    ]
}