{
    "ghsaId": "GHSA-fgqv-96v9-w23m",
    "severity": "CRITICAL",
    "summary": "Radicale vulnerable to arbitrary file read or write",
    "description": "The multifilesystem storage backend in Radicale before 1.1 allows remote attackers to read or write to arbitrary files via a crafted component name.",
    "permalink": "https://github.com/advisories/GHSA-fgqv-96v9-w23m",
    "publishedAt": "2022-05-17T03:29:51Z",
    "withdrawnAt": null,
    "identifiers": [
        {
            "type": "GHSA",
            "value": "GHSA-fgqv-96v9-w23m"
        },
        {
            "type": "CVE",
            "value": "CVE-2015-8747"
        }
    ]
}