{
    "ghsaId": "GHSA-m379-x4xc-38x9",
    "severity": "CRITICAL",
    "summary": "rdiffweb vulnerable to Improper Restriction of Rendered UI Layers or Frames",
    "description": "rdiffweb prior to 2.4.1 is vulnerable to Improper Restriction of Rendered UI Layers or Frames. This allows attackers to perform clickjacking attacks that can trick victims into performing actions such as entering passwords, liking or deleting posts, and/or initiating an account deletion. This issue has been patched in version 2.4.1.",
    "permalink": "https://github.com/advisories/GHSA-m379-x4xc-38x9",
    "publishedAt": "2022-09-09T00:00:56Z",
    "withdrawnAt": null,
    "identifiers": [
        {
            "type": "GHSA",
            "value": "GHSA-m379-x4xc-38x9"
        },
        {
            "type": "CVE",
            "value": "CVE-2022-3167"
        }
    ]
}