{
    "ghsaId": "GHSA-9298-4cf8-g4wj",
    "severity": "CRITICAL",
    "summary": "Waitress has request processing race condition in HTTP pipelining with invalid first request",
    "description": "### Impact\n\nA remote client may send a request that is exactly `recv_bytes` (defaults to 8192) long, followed by a secondary request using HTTP pipelining.\n\nWhen request lookahead is disabled (default) we won't read any more requests, and when the first request fails due to a parsing error, we simply close the connection.\n\nHowever when request lookahead is enabled, it is possible to process and receive the first request, start sending the error message back to the client while we read the next request and queue it. This will allow the secondary request to be serviced by the worker thread while the connection should be closed.\n\n### Patches\n\nWaitress 3.0.1 fixes the race condition.\n\n### Workarounds\n\nDisable  `channel_request_lookahead`, this is set to `0` by default disabling this feature. For this vulnerability this value is required to be changed from the default.\n\n### For more information\n\nIf you have any questions or comments about this advisory:\n* Open an issue in https://github.com/Pylons/waitress/issues (if not sensitive or security related)\n* email the Pylons Security mailing list: [pylons-project-security@googlegroups.com](mailto:pylons-project-security@googlegroups.com) (if security related)\n\n### Thanks\n\n- m4yfly and urn1ce From TianGong Team of Legendsec at Qi'anxin Group.",
    "permalink": "https://github.com/advisories/GHSA-9298-4cf8-g4wj",
    "publishedAt": "2024-10-29T14:45:03Z",
    "withdrawnAt": null,
    "identifiers": [
        {
            "type": "GHSA",
            "value": "GHSA-9298-4cf8-g4wj"
        },
        {
            "type": "CVE",
            "value": "CVE-2024-49768"
        }
    ]
}