{
    "ghsaId": "GHSA-jchm-fm4q-c2fp",
    "severity": "CRITICAL",
    "summary": "Apache Airflow vulnerable to Privilege Context Switching Error",
    "description": "Privilege Context Switching Error vulnerability in Apache Software Foundation Apache Airflow. This issue affects Apache Airflow: before 2.6.0.",
    "permalink": "https://github.com/advisories/GHSA-jchm-fm4q-c2fp",
    "publishedAt": "2023-05-08T12:30:29Z",
    "withdrawnAt": null,
    "identifiers": [
        {
            "type": "GHSA",
            "value": "GHSA-jchm-fm4q-c2fp"
        },
        {
            "type": "CVE",
            "value": "CVE-2023-25754"
        }
    ]
}