{
    "ghsaId": "GHSA-x549-r7m8-gv63",
    "severity": "CRITICAL",
    "summary": "SaltStack Salt Remote command execution and incorrect access control when using salt-api",
    "description": "SaltStack Salt 2016.11.x before 2016.11.10, 2017.7.x before 2017.7.8 and 2018.3.x before 2018.3.3 allow remote attackers to bypass authentication and execute arbitrary commands via salt-api(netapi).",
    "permalink": "https://github.com/advisories/GHSA-x549-r7m8-gv63",
    "publishedAt": "2022-05-13T01:23:13Z",
    "withdrawnAt": null,
    "identifiers": [
        {
            "type": "GHSA",
            "value": "GHSA-x549-r7m8-gv63"
        },
        {
            "type": "CVE",
            "value": "CVE-2018-15751"
        }
    ]
}