{
    "ghsaId": "GHSA-46cm-pfwv-cgf8",
    "severity": "CRITICAL",
    "summary": "LiteLLM has Server-Side Template Injection vulnerability in /completions endpoint",
    "description": "BerriAI/litellm is vulnerable to Server-Side Template Injection (SSTI) via the `/completions` endpoint. The vulnerability arises from the `hf_chat_template` method processing the `chat_template` parameter from the `tokenizer_config.json` file through the Jinja template engine without proper sanitization. Attackers can exploit this by crafting malicious `tokenizer_config.json` files that execute arbitrary code on the server.",
    "permalink": "https://github.com/advisories/GHSA-46cm-pfwv-cgf8",
    "publishedAt": "2024-04-10T18:30:48Z",
    "withdrawnAt": null,
    "identifiers": [
        {
            "type": "GHSA",
            "value": "GHSA-46cm-pfwv-cgf8"
        },
        {
            "type": "CVE",
            "value": "CVE-2024-2952"
        }
    ]
}