{
    "ghsaId": "GHSA-pf3p-v9xp-mrvf",
    "severity": "CRITICAL",
    "summary": "py-lmdb Invalid write operation",
    "description": "An issue was discovered in py-lmdb 0.97. For certain values of `mn_flags`, `mdb_cursor_set` triggers a memcpy with an invalid write operation within `mdb_xcursor_init1`. NOTE: this outcome occurs when accessing a `data.mdb` file supplied by an attacker.",
    "permalink": "https://github.com/advisories/GHSA-pf3p-v9xp-mrvf",
    "publishedAt": "2022-05-24T22:00:30Z",
    "withdrawnAt": null,
    "identifiers": [
        {
            "type": "GHSA",
            "value": "GHSA-pf3p-v9xp-mrvf"
        },
        {
            "type": "CVE",
            "value": "CVE-2019-16227"
        }
    ]
}