{
    "ghsaId": "GHSA-j66q-qmrc-89rx",
    "severity": "CRITICAL",
    "summary": "jsonpickle unsafe deserialization",
    "description": "jsonpickle through 1.4.2 allows remote code execution during deserialization of a malicious payload through the `decode()` function. This CVE is disputed by the project author as intended functionality.",
    "permalink": "https://github.com/advisories/GHSA-j66q-qmrc-89rx",
    "publishedAt": "2022-05-24T17:36:44Z",
    "withdrawnAt": null,
    "identifiers": [
        {
            "type": "GHSA",
            "value": "GHSA-j66q-qmrc-89rx"
        },
        {
            "type": "CVE",
            "value": "CVE-2020-22083"
        }
    ]
}