{
    "ghsaId": "GHSA-xhp9-4947-rq78",
    "severity": "CRITICAL",
    "summary": "Denial of service in bottle",
    "description": "Bottle before 0.12.20 mishandles errors during early request binding.",
    "permalink": "https://github.com/advisories/GHSA-xhp9-4947-rq78",
    "publishedAt": "2022-06-03T00:01:15Z",
    "withdrawnAt": null,
    "identifiers": [
        {
            "type": "GHSA",
            "value": "GHSA-xhp9-4947-rq78"
        },
        {
            "type": "CVE",
            "value": "CVE-2022-31799"
        }
    ]
}