{
    "ghsaId": "GHSA-xpfp-f569-q3p2",
    "severity": "CRITICAL",
    "summary": "SQL Injection in Django",
    "description": "Django 3.1.x before 3.1.13 and 3.2.x before 3.2.5 allows QuerySet.order_by SQL injection if order_by is untrusted input from a client of a web application.",
    "permalink": "https://github.com/advisories/GHSA-xpfp-f569-q3p2",
    "publishedAt": "2021-09-22T17:34:49Z",
    "withdrawnAt": null,
    "identifiers": [
        {
            "type": "GHSA",
            "value": "GHSA-xpfp-f569-q3p2"
        },
        {
            "type": "CVE",
            "value": "CVE-2021-35042"
        }
    ]
}