{
    "ghsaId": "GHSA-4gxj-5mmr-7pxq",
    "severity": "CRITICAL",
    "summary": "NASA AIT-Core vulnerable to remote code execution",
    "description": "An issue in the API wait function of NASA AIT-Core v2.5.2 allows attackers to execute arbitrary code via supplying a crafted string.",
    "permalink": "https://github.com/advisories/GHSA-4gxj-5mmr-7pxq",
    "publishedAt": "2024-05-21T18:31:24Z",
    "withdrawnAt": null,
    "identifiers": [
        {
            "type": "GHSA",
            "value": "GHSA-4gxj-5mmr-7pxq"
        },
        {
            "type": "CVE",
            "value": "CVE-2024-35058"
        }
    ]
}