{
    "ghsaId": "GHSA-gpgj-xrgw-8mx2",
    "severity": "CRITICAL",
    "summary": "NASA AIT-Core vulnerable to SQL Injection",
    "description": "NASA AIT-Core v2.5.2 was discovered to contain multiple SQL injection vulnerabilities via the `query_packets` and `insert` functions.",
    "permalink": "https://github.com/advisories/GHSA-gpgj-xrgw-8mx2",
    "publishedAt": "2024-05-21T18:31:24Z",
    "withdrawnAt": null,
    "identifiers": [
        {
            "type": "GHSA",
            "value": "GHSA-gpgj-xrgw-8mx2"
        },
        {
            "type": "CVE",
            "value": "CVE-2024-35056"
        }
    ]
}