{
    "ghsaId": "GHSA-w6pw-5gh5-4952",
    "severity": "CRITICAL",
    "summary": "Plone python code injection",
    "description": "python_scripts.py in Plone before 4.2.3 and 4.3 before beta 1 allows remote attackers to execute Python code via a crafted URL, related to \"go_back.\"",
    "permalink": "https://github.com/advisories/GHSA-w6pw-5gh5-4952",
    "publishedAt": "2022-05-17T04:32:00Z",
    "withdrawnAt": null,
    "identifiers": [
        {
            "type": "GHSA",
            "value": "GHSA-w6pw-5gh5-4952"
        },
        {
            "type": "CVE",
            "value": "CVE-2012-5495"
        }
    ]
}