{
    "ghsaId": "GHSA-687h-86vc-5x59",
    "severity": "CRITICAL",
    "summary": "ChainerRL Visualizer 0.1.1 vulnerable to Path Traversal via unsafe use of send_file function",
    "description": "The chainer/chainerrl-visualizer repository through 0.1.1 on GitHub allows absolute path traversal because the Flask send_file function is used unsafely.",
    "permalink": "https://github.com/advisories/GHSA-687h-86vc-5x59",
    "publishedAt": "2022-07-12T00:00:58Z",
    "withdrawnAt": null,
    "identifiers": [
        {
            "type": "GHSA",
            "value": "GHSA-687h-86vc-5x59"
        },
        {
            "type": "CVE",
            "value": "CVE-2022-31573"
        }
    ]
}