{
    "ghsaId": "GHSA-6g88-vr3v-76mf",
    "severity": "CRITICAL",
    "summary": "Eval injection in Supybot/Limnoria",
    "description": "Eval injection in the Math plugin of Limnoria (before 2019.11.09) and Supybot (through 2018-05-09) allows remote unprivileged attackers to disclose information or possibly have unspecified other impact via the calc and icalc IRC commands.",
    "permalink": "https://github.com/advisories/GHSA-6g88-vr3v-76mf",
    "publishedAt": "2019-11-20T01:31:31Z",
    "withdrawnAt": null,
    "identifiers": [
        {
            "type": "GHSA",
            "value": "GHSA-6g88-vr3v-76mf"
        },
        {
            "type": "CVE",
            "value": "CVE-2019-19010"
        }
    ]
}