{
    "ghsaId": "GHSA-6cxr-8q3m-jwrr",
    "severity": "CRITICAL",
    "summary": "Ray Missing Authorization vulnerability",
    "description": "LFI in Ray's /static/ directory allows attackers to read any file on the server without authentication. The issue is fixed in version 2.8.1+. Ray maintainers response can be found here: https://www.anyscale.com/blog/update-on-ray-cves-cve-2023-6019-cve-2023-6020-cve-2023-6021-cve-2023-48022-cve-2023-48023",
    "permalink": "https://github.com/advisories/GHSA-6cxr-8q3m-jwrr",
    "publishedAt": "2023-11-16T21:30:46Z",
    "withdrawnAt": null,
    "identifiers": [
        {
            "type": "GHSA",
            "value": "GHSA-6cxr-8q3m-jwrr"
        },
        {
            "type": "CVE",
            "value": "CVE-2023-6020"
        }
    ]
}