{
    "ghsaId": "GHSA-5cvg-9pp5-mxcj",
    "severity": "CRITICAL",
    "summary": "Apache Airflow Hive Provider vulnerable to code injection",
    "description": "Apache Software Foundation's Apache Airflow Hive Provider before 6.0.0 is vulnerable to improper control of generation of code.",
    "permalink": "https://github.com/advisories/GHSA-5cvg-9pp5-mxcj",
    "publishedAt": "2023-04-07T15:30:38Z",
    "withdrawnAt": null,
    "identifiers": [
        {
            "type": "GHSA",
            "value": "GHSA-5cvg-9pp5-mxcj"
        },
        {
            "type": "CVE",
            "value": "CVE-2023-28706"
        }
    ]
}