{
    "ghsaId": "GHSA-h72c-w3q3-55qq",
    "severity": "CRITICAL",
    "summary": "OS Command Injection in jw.util",
    "description": "An exploitable vulnerability exists in the configuration-loading functionality of the jw.util package before 2.3 for Python. When loading a configuration with FromString or FromStream with YAML, one can execute arbitrary Python code, resulting in OS command execution, because safe_load is not used.",
    "permalink": "https://github.com/advisories/GHSA-h72c-w3q3-55qq",
    "publishedAt": "2021-06-02T21:45:12Z",
    "withdrawnAt": null,
    "identifiers": [
        {
            "type": "GHSA",
            "value": "GHSA-h72c-w3q3-55qq"
        },
        {
            "type": "CVE",
            "value": "CVE-2020-13388"
        }
    ]
}