{
    "ghsaId": "GHSA-mhp6-jvpx-2p4m",
    "severity": "CRITICAL",
    "summary": "Heap-based buffer overflow in ZBar",
    "description": "A heap-based buffer overflow exists in the qr_reader_match_centers function of ZBar 0.23.90. Specially crafted QR codes may lead to information disclosure and/or arbitrary code execution. To trigger this vulnerability, an attacker can digitally input the malicious QR code, or prepare it to be physically scanned by the vulnerable scanner.",
    "permalink": "https://github.com/advisories/GHSA-mhp6-jvpx-2p4m",
    "publishedAt": "2023-08-29T18:31:53Z",
    "withdrawnAt": null,
    "identifiers": [
        {
            "type": "GHSA",
            "value": "GHSA-mhp6-jvpx-2p4m"
        },
        {
            "type": "CVE",
            "value": "CVE-2023-40889"
        }
    ]
}