{
    "ghsaId": "GHSA-29vr-79w7-p649",
    "severity": "CRITICAL",
    "summary": "Duplicate Advisory: Incorrect Authorization in Gerapy",
    "description": "## Duplicate Advisory\nThis advisory has been withdrawn because it is a duplicate of GHSA-9w7f-m4j4-j3xw. This link is maintained to preserve external references.\n\n## Original Description\nAn Access Control vunerabiity exists in Gerapy v 0.9.7 via the spider parameter in project_configure function.",
    "permalink": "https://github.com/advisories/GHSA-29vr-79w7-p649",
    "publishedAt": "2022-03-11T00:02:00Z",
    "withdrawnAt": "2023-07-31T20:36:31Z",
    "identifiers": [
        {
            "type": "GHSA",
            "value": "GHSA-29vr-79w7-p649"
        },
        {
            "type": "CVE",
            "value": "CVE-2021-44597"
        }
    ]
}