{
    "ghsaId": "GHSA-mcrp-whpw-jp68",
    "severity": "CRITICAL",
    "summary": "InvokeAI Deserialization of Untrusted Data vulnerability",
    "description": "A remote code execution vulnerability exists in invoke-ai/invokeai versions 5.3.1 through 5.4.2 via the /api/v2/models/install API. The vulnerability arises from unsafe deserialization of model files using torch.load without proper validation. Attackers can exploit this by embedding malicious code in model files, which is executed upon loading. This issue is fixed in version 5.4.3.",
    "permalink": "https://github.com/advisories/GHSA-mcrp-whpw-jp68",
    "publishedAt": "2025-03-21T15:32:15Z",
    "withdrawnAt": null,
    "identifiers": [
        {
            "type": "GHSA",
            "value": "GHSA-mcrp-whpw-jp68"
        },
        {
            "type": "CVE",
            "value": "CVE-2024-12029"
        }
    ]
}