{
    "ghsaId": "GHSA-9vg3-cf92-h2h7",
    "severity": "CRITICAL",
    "summary": "Insufficient Verification of Data Authenticity in python-keystoneclient",
    "description": "python-keystoneclient version 0.2.3 to 0.2.5 has middleware memcache signing bypass",
    "permalink": "https://github.com/advisories/GHSA-9vg3-cf92-h2h7",
    "publishedAt": "2020-03-10T20:39:05Z",
    "withdrawnAt": null,
    "identifiers": [
        {
            "type": "GHSA",
            "value": "GHSA-9vg3-cf92-h2h7"
        },
        {
            "type": "CVE",
            "value": "CVE-2013-2167"
        }
    ]
}