{
    "ghsaId": "GHSA-5p3h-7fwh-92rc",
    "severity": "CRITICAL",
    "summary": "Remote Code Execution due to Full Controled File Write in mlflow",
    "description": "The mlflow web server includes tools for tracking experiments, packaging code into reproducible runs, and sharing and deploying models. As this vulnerability allows to write / overwrite any file on the file system, it gives a lot of ways to archive code execution (like overwriting `/home/<user>/.bashrc`). A malicious user could use this issue to get command execution on the vulnerable machine and get access to data & models information.",
    "permalink": "https://github.com/advisories/GHSA-5p3h-7fwh-92rc",
    "publishedAt": "2023-11-16T18:30:31Z",
    "withdrawnAt": null,
    "identifiers": [
        {
            "type": "GHSA",
            "value": "GHSA-5p3h-7fwh-92rc"
        },
        {
            "type": "CVE",
            "value": "CVE-2023-6018"
        }
    ]
}