{
    "ghsaId": "GHSA-p3xv-97g8-4wmj",
    "severity": "CRITICAL",
    "summary": "Python Swift client is vulnerable to Missing SSL Certificate Check",
    "description": "The OpenStack Python client library for Swift (python-swiftclient) from 1.0 before 2.0.2 does not verify X.509 certificates from SSL servers, which allows man-in-the-middle attackers to spoof servers and obtain sensitive information via a crafted certificate.",
    "permalink": "https://github.com/advisories/GHSA-p3xv-97g8-4wmj",
    "publishedAt": "2022-05-17T04:52:37Z",
    "withdrawnAt": null,
    "identifiers": [
        {
            "type": "GHSA",
            "value": "GHSA-p3xv-97g8-4wmj"
        },
        {
            "type": "CVE",
            "value": "CVE-2013-6396"
        }
    ]
}