{
    "ghsaId": "GHSA-2hvc-hwg3-hpvw",
    "severity": "CRITICAL",
    "summary": "PaddlePaddle Out-of-bounds Read vulnerability",
    "description": "Out-of-bounds read in `gather_tree` in PaddlePaddle before 2.4. A [patch](https://github.com/PaddlePaddle/Paddle/commit/6712e262fc6734873cc6d5ca4f45973339a88697) is available in the `release/2.4` branch.",
    "permalink": "https://github.com/advisories/GHSA-2hvc-hwg3-hpvw",
    "publishedAt": "2022-12-07T09:30:23Z",
    "withdrawnAt": null,
    "identifiers": [
        {
            "type": "GHSA",
            "value": "GHSA-2hvc-hwg3-hpvw"
        },
        {
            "type": "CVE",
            "value": "CVE-2022-46741"
        }
    ]
}