{
    "ghsaId": "GHSA-6vvc-c2m3-cjf3",
    "severity": "CRITICAL",
    "summary": "JGit Improper Input Validation vulnerability",
    "description": "Git before 1.8.5.6, 1.9.x before 1.9.5, 2.0.x before 2.0.5, 2.1.x before 2.1.4, and 2.2.x before 2.2.1 on Windows and OS X; Mercurial before 3.2.3 on Windows and OS X; Apple Xcode before 6.2 beta 3; mine; libgit2; Egit; and JGit allow remote Git servers to execute arbitrary commands via a tree containing a crafted .git/config file with (1) an ignorable Unicode codepoint, (2) a git~1/config representation, or (3) mixed case that is improperly handled on a case-insensitive filesystem.",
    "permalink": "https://github.com/advisories/GHSA-6vvc-c2m3-cjf3",
    "publishedAt": "2022-05-17T19:57:29Z",
    "withdrawnAt": null,
    "identifiers": [
        {
            "type": "GHSA",
            "value": "GHSA-6vvc-c2m3-cjf3"
        },
        {
            "type": "CVE",
            "value": "CVE-2014-9390"
        }
    ]
}