{
    "ghsaId": "GHSA-4mr4-7vjv-9hm6",
    "severity": "CRITICAL",
    "summary": "Mercurial Incorrect Access Control vulnerability",
    "description": "Mercurial version 4.5 and earlier contains a Incorrect Access Control (CWE-285) vulnerability in Protocol server that can result in Unauthorized data access. This attack appear to be exploitable via network connectivity. This vulnerability appears to have been fixed in 4.5.1.",
    "permalink": "https://github.com/advisories/GHSA-4mr4-7vjv-9hm6",
    "publishedAt": "2022-05-13T01:24:55Z",
    "withdrawnAt": null,
    "identifiers": [
        {
            "type": "GHSA",
            "value": "GHSA-4mr4-7vjv-9hm6"
        },
        {
            "type": "CVE",
            "value": "CVE-2018-1000132"
        }
    ]
}