{
    "ghsaId": "GHSA-hvmj-356c-gpf4",
    "severity": "CRITICAL",
    "summary": "Salt allows deleted minions to read or write to minions with the same id",
    "description": "Salt before 2015.8.11 allows deleted minions to read or write to minions with the same id, related to caching.",
    "permalink": "https://github.com/advisories/GHSA-hvmj-356c-gpf4",
    "publishedAt": "2022-05-17T03:00:54Z",
    "withdrawnAt": null,
    "identifiers": [
        {
            "type": "GHSA",
            "value": "GHSA-hvmj-356c-gpf4"
        },
        {
            "type": "CVE",
            "value": "CVE-2016-9639"
        }
    ]
}