{
    "ghsaId": "GHSA-ccmq-qvcp-5mrm",
    "severity": "CRITICAL",
    "summary": "Unsafe deserialization in owlmixin",
    "description": "An exploitable vulnerability exists in the YAML loading functionality of util.py in OwlMixin before 2.0.0a12. A \"Load YAML\" string or file (aka load_yaml or load_yamlf) can execute arbitrary Python commands resulting in command execution because load is used where safe_load should have been used. An attacker can insert Python into loaded YAML to trigger this vulnerability.",
    "permalink": "https://github.com/advisories/GHSA-ccmq-qvcp-5mrm",
    "publishedAt": "2018-07-13T16:01:12Z",
    "withdrawnAt": null,
    "identifiers": [
        {
            "type": "GHSA",
            "value": "GHSA-ccmq-qvcp-5mrm"
        },
        {
            "type": "CVE",
            "value": "CVE-2017-16618"
        }
    ]
}