{
    "ghsaId": "GHSA-747f-ww56-4q4h",
    "severity": "CRITICAL",
    "summary": "Kedro deserialization vulnerability",
    "description": "A Remote Code Execution (RCE) vulnerability has been identified in the Kedro ShelveStore class (version 0.19.8). This vulnerability allows an attacker to execute arbitrary Python code via deserialization of malicious payloads, potentially leading to a full system compromise. The ShelveStore class uses Python's shelve module to manage session data, which relies on pickle for serialization. Crafting a malicious payload and storing it in the shelve file can lead to RCE when the payload is deserialized.",
    "permalink": "https://github.com/advisories/GHSA-747f-ww56-4q4h",
    "publishedAt": "2025-03-20T12:32:51Z",
    "withdrawnAt": null,
    "identifiers": [
        {
            "type": "GHSA",
            "value": "GHSA-747f-ww56-4q4h"
        },
        {
            "type": "CVE",
            "value": "CVE-2024-9701"
        }
    ]
}