{
    "ghsaId": "GHSA-xpm8-98mx-h4c5",
    "severity": "CRITICAL",
    "summary": "Unsafe deserialization in MLAlchemy",
    "description": "An exploitable vulnerability exists in the YAML parsing functionality in the parse_yaml_query method in parser.py in MLAlchemy before 0.2.2. When processing YAML-Based queries for data, a YAML parser can execute arbitrary Python commands resulting in command execution because load is used where safe_load should have been used. An attacker can insert Python into loaded YAML to trigger this vulnerability.",
    "permalink": "https://github.com/advisories/GHSA-xpm8-98mx-h4c5",
    "publishedAt": "2018-07-13T16:01:07Z",
    "withdrawnAt": null,
    "identifiers": [
        {
            "type": "GHSA",
            "value": "GHSA-xpm8-98mx-h4c5"
        },
        {
            "type": "CVE",
            "value": "CVE-2017-16615"
        }
    ]
}