{
    "ghsaId": "GHSA-q7q2-qf2q-rw3w",
    "severity": "CRITICAL",
    "summary": "Django Vulnerable to Cache Poisoning",
    "description": "Django 1.4 before 1.4.13, 1.5 before 1.5.8, 1.6 before 1.6.5, and 1.7 before 1.7b4 does not properly include the (1) Vary: Cookie or (2) Cache-Control header in responses, which allows remote attackers to obtain sensitive information or poison the cache via a request from certain browsers.",
    "permalink": "https://github.com/advisories/GHSA-q7q2-qf2q-rw3w",
    "publishedAt": "2022-05-17T03:07:00Z",
    "withdrawnAt": null,
    "identifiers": [
        {
            "type": "GHSA",
            "value": "GHSA-q7q2-qf2q-rw3w"
        },
        {
            "type": "CVE",
            "value": "CVE-2014-1418"
        }
    ]
}