{
    "ghsaId": "GHSA-mq29-j5xf-cjwr",
    "severity": "CRITICAL",
    "summary": "pyminizip affected by zlib's integer overflow/heap based buffer overflow vulnerability due to vulnerable dependency",
    "description": "MiniZip in zlib through 1.3 has an integer overflow and resultant heap-based buffer overflow in zipOpenNewFileInZip4_64 via a long filename, comment, or extra field. NOTE: MiniZip is not a supported part of the zlib product.\n\npyminizip uses version 1.2.11 of zlib's code.",
    "permalink": "https://github.com/advisories/GHSA-mq29-j5xf-cjwr",
    "publishedAt": "2023-10-14T03:31:16Z",
    "withdrawnAt": null,
    "identifiers": [
        {
            "type": "GHSA",
            "value": "GHSA-mq29-j5xf-cjwr"
        },
        {
            "type": "CVE",
            "value": "CVE-2023-45853"
        }
    ]
}