{
    "ghsaId": "GHSA-j2pw-vp55-fqqj",
    "severity": "CRITICAL",
    "summary": "Flask-AppBuilder vulnerable to incorrect authentication when using auth type OpenID ",
    "description": "### Impact\nWhen Flask-AppBuilder is set to AUTH_TYPE AUTH_OID, allows an attacker to forge an HTTP request, that could deceive the backend into using any requested OpenID service. This vulnerability could grant an attacker unauthorised privilege access if a custom OpenID service is deployed by the attacker and accessible by the backend. \n\nThis vulnerability is only exploitable when the application is using the old (deprecated 10 years ago) OpenID 2.0 authorization protocol (which is very different from the popular OIDC - Open ID Connect - popular protocol used today). Currently, this protocol is regarded as legacy, with significantly reduced usage and not supported for several years by major authorization providers.\n\n### Patches\nUpgrade to Flask-AppBuilder 4.3.11\n\n### Workarounds\nIf upgrade is not possible add the following to your config:\n\n```\nfrom flask import flash, redirect\nfrom flask_appbuilder import expose\nfrom flask_appbuilder.security.sqla.manager import SecurityManager\nfrom flask_appbuilder.security.views import AuthOIDView\nfrom flask_appbuilder.security.forms import LoginForm_oid\n\nbasedir = os.path.abspath(os.path.dirname(__file__))\n\n\nclass FixedOIDView(AuthOIDView):\n    @expose(\"/login/\", methods=[\"GET\", \"POST\"])\n    def login(self, flag=True):\n        form = LoginForm_oid()\n        if form.validate_on_submit():\n            identity_url = None\n            for provider in self.appbuilder.sm.openid_providers:\n                if provider.get(\"url\") == form.openid.data:\n                    identity_url = form.openid.data\n            if identity_url is None:\n                flash(self.invalid_login_message, \"warning\")\n                return redirect(self.appbuilder.get_url_for_login)\n        return super().login(flag=flag)\n\nclass FixedSecurityManager(SecurityManager):\n    authoidview = FixedOIDView\n\n\nFAB_SECURITY_MANAGER_CLASS = \"config.FixedSecurityManager\"\n```",
    "permalink": "https://github.com/advisories/GHSA-j2pw-vp55-fqqj",
    "publishedAt": "2024-02-28T18:37:06Z",
    "withdrawnAt": null,
    "identifiers": [
        {
            "type": "GHSA",
            "value": "GHSA-j2pw-vp55-fqqj"
        },
        {
            "type": "CVE",
            "value": "CVE-2024-25128"
        }
    ]
}