{
    "ghsaId": "GHSA-6h3f-43vq-53hj",
    "severity": "CRITICAL",
    "summary": "Directory traversal in zenml",
    "description": "A directory traversal vulnerability exists in the zenml-io/zenml repository, specifically within the /api/v1/steps endpoint. Attackers can exploit this vulnerability by manipulating the 'logs' URI path in the request to fetch arbitrary file content, bypassing intended access restrictions. The vulnerability arises due to the lack of validation for directory traversal patterns, allowing attackers to access files outside of the restricted directory.",
    "permalink": "https://github.com/advisories/GHSA-6h3f-43vq-53hj",
    "publishedAt": "2024-04-16T00:30:33Z",
    "withdrawnAt": null,
    "identifiers": [
        {
            "type": "GHSA",
            "value": "GHSA-6h3f-43vq-53hj"
        },
        {
            "type": "CVE",
            "value": "CVE-2024-2083"
        }
    ]
}