{
    "ghsaId": "GHSA-xxw3-765m-f37p",
    "severity": "CRITICAL",
    "summary": "SaltStack Salt Improper Authentication vulnerability",
    "description": "An issue was discovered in through SaltStack Salt before 3002.5. salt-api does not honor eauth credentials for the wheel_async client. Thus, an attacker can remotely run any wheel modules on the master.",
    "permalink": "https://github.com/advisories/GHSA-xxw3-765m-f37p",
    "publishedAt": "2022-05-24T17:43:22Z",
    "withdrawnAt": null,
    "identifiers": [
        {
            "type": "GHSA",
            "value": "GHSA-xxw3-765m-f37p"
        },
        {
            "type": "CVE",
            "value": "CVE-2021-25281"
        }
    ]
}