{
    "ghsaId": "GHSA-cc99-whm5-mmq3",
    "severity": "CRITICAL",
    "summary": "Openstack Keystone Incorrect Authorization vulnerability",
    "description": "A flaw was found in openstack-keystone, only the first 72 characters of an application secret are verified allowing attackers bypass some password complexity which administrators may be counting on. The highest threat from this vulnerability is to data confidentiality and integrity. A [patch](https://opendev.org/openstack/keystone/commit/7859ed26003858ebfd9a5e866b43f1a6a9e83dca) is available.",
    "permalink": "https://github.com/advisories/GHSA-cc99-whm5-mmq3",
    "publishedAt": "2022-08-27T00:00:44Z",
    "withdrawnAt": null,
    "identifiers": [
        {
            "type": "GHSA",
            "value": "GHSA-cc99-whm5-mmq3"
        },
        {
            "type": "CVE",
            "value": "CVE-2021-3563"
        }
    ]
}