{
    "ghsaId": "GHSA-c3xq-cj8f-7829",
    "severity": "CRITICAL",
    "summary": "Inadequate Encryption Strength in python-keystoneclient",
    "description": "python-keystoneclient version 0.2.3 to 0.2.5 has middleware memcache encryption bypass.",
    "permalink": "https://github.com/advisories/GHSA-c3xq-cj8f-7829",
    "publishedAt": "2021-10-12T16:31:43Z",
    "withdrawnAt": null,
    "identifiers": [
        {
            "type": "GHSA",
            "value": "GHSA-c3xq-cj8f-7829"
        },
        {
            "type": "CVE",
            "value": "CVE-2013-2166"
        }
    ]
}