{
    "ghsaId": "GHSA-3pmw-h7j4-rf54",
    "severity": "CRITICAL",
    "summary": "Mercurial vulnerable to arbitrary command execution via a crafted repository name in a clone command",
    "description": "The _validaterepo function in sshpeer in Mercurial before 3.2.4 allows remote attackers to execute arbitrary commands via a crafted repository name in a clone command.",
    "permalink": "https://github.com/advisories/GHSA-3pmw-h7j4-rf54",
    "publishedAt": "2022-05-14T02:05:56Z",
    "withdrawnAt": null,
    "identifiers": [
        {
            "type": "GHSA",
            "value": "GHSA-3pmw-h7j4-rf54"
        },
        {
            "type": "CVE",
            "value": "CVE-2014-9462"
        }
    ]
}