{
    "ghsaId": "GHSA-j9rw-qm5f-r8xm",
    "severity": "CRITICAL",
    "summary": "AgentScope path traversal vulnerability in save-workflow",
    "description": "A path traversal vulnerability exists in the save-workflow and load-workflow functionality of modelscope/agentscope versions prior to the fix. This vulnerability allows an attacker to read and write arbitrary JSON files on the filesystem, potentially leading to the exposure or modification of sensitive information such as configuration files, API keys, and hardcoded passwords.",
    "permalink": "https://github.com/advisories/GHSA-j9rw-qm5f-r8xm",
    "publishedAt": "2025-03-20T12:32:48Z",
    "withdrawnAt": null,
    "identifiers": [
        {
            "type": "GHSA",
            "value": "GHSA-j9rw-qm5f-r8xm"
        },
        {
            "type": "CVE",
            "value": "CVE-2024-8551"
        }
    ]
}