{
    "ghsaId": "GHSA-4qq5-mxxx-m6gg",
    "severity": "CRITICAL",
    "summary": "MLflow authentication requirement bypass can allow a user to arbitrarily create an account",
    "description": "An attacker is able to arbitrarily create an account in MLflow bypassing any authentication requirement.",
    "permalink": "https://github.com/advisories/GHSA-4qq5-mxxx-m6gg",
    "publishedAt": "2023-11-16T21:30:46Z",
    "withdrawnAt": null,
    "identifiers": [
        {
            "type": "GHSA",
            "value": "GHSA-4qq5-mxxx-m6gg"
        },
        {
            "type": "CVE",
            "value": "CVE-2023-6014"
        }
    ]
}