{
    "ghsaId": "GHSA-32gv-6cf3-wcmq",
    "severity": "CRITICAL",
    "summary": "HTTP/2 DoS Attacks: Ping, Reset, and Settings Floods",
    "description": "### Impact\nTwisted web servers that utilize the optional HTTP/2 support suffer from the following flow-control related vulnerabilities:\n\nPing flood: https://cve.mitre.org/cgi-bin/cvename.cgi?name=CVE-2019-9512\nReset flood: https://cve.mitre.org/cgi-bin/cvename.cgi?name=CVE-2019-9514\nSettings flood: https://cve.mitre.org/cgi-bin/cvename.cgi?name=CVE-2019-9515\n\nA Twisted web server supports HTTP/2 requests if you've installed the [`http2` optional dependency set](https://twistedmatrix.com/documents/19.2.0/installation/howto/optional.html).\n\n### Workarounds\nThere are no workarounds.\n\n### References\nhttps://github.com/Netflix/security-bulletins/blob/master/advisories/third-party/2019-002.md\n\n### For more information\nIf you have any questions or comments about this advisory:\n* Open an issue in [Twisted's Trac](https://twistedmatrix.com/trac/)\n",
    "permalink": "https://github.com/advisories/GHSA-32gv-6cf3-wcmq",
    "publishedAt": "2022-03-14T22:45:11Z",
    "withdrawnAt": null,
    "identifiers": [
        {
            "type": "GHSA",
            "value": "GHSA-32gv-6cf3-wcmq"
        }
    ]
}