{
    "ghsaId": "GHSA-c74c-p4p7-r8q5",
    "severity": "CRITICAL",
    "summary": "py-lmdb Invalid write operation",
    "description": "An issue was discovered in py-lmdb 0.97. For certain values of `mp_flags`, `mdb_page_touch `does not properly set up `mc->mc_pg[mc->top]`, leading to an invalid write operation. NOTE: this outcome occurs when accessing a `data.mdb` file supplied by an attacker.",
    "permalink": "https://github.com/advisories/GHSA-c74c-p4p7-r8q5",
    "publishedAt": "2022-05-24T16:55:55Z",
    "withdrawnAt": null,
    "identifiers": [
        {
            "type": "GHSA",
            "value": "GHSA-c74c-p4p7-r8q5"
        },
        {
            "type": "CVE",
            "value": "CVE-2019-16225"
        }
    ]
}