{
    "ghsaId": "GHSA-pqgm-9g82-wcm7",
    "severity": "CRITICAL",
    "summary": "modoboa Cross-site Scripting vulnerability",
    "description": "Cross-site Scripting (XSS) - DOM in GitHub repository modoboa/modoboa prior to 2.2.2.",
    "permalink": "https://github.com/advisories/GHSA-pqgm-9g82-wcm7",
    "publishedAt": "2023-10-20T18:30:57Z",
    "withdrawnAt": null,
    "identifiers": [
        {
            "type": "GHSA",
            "value": "GHSA-pqgm-9g82-wcm7"
        },
        {
            "type": "CVE",
            "value": "CVE-2023-5688"
        }
    ]
}