{
    "ghsaId": "GHSA-fmxj-6h9g-6vw3",
    "severity": "CRITICAL",
    "summary": "MLflow Path Traversal vulnerability",
    "description": "Absolute Path Traversal in GitHub repository mlflow/mlflow prior to 2.5.0.",
    "permalink": "https://github.com/advisories/GHSA-fmxj-6h9g-6vw3",
    "publishedAt": "2023-07-19T03:30:27Z",
    "withdrawnAt": null,
    "identifiers": [
        {
            "type": "GHSA",
            "value": "GHSA-fmxj-6h9g-6vw3"
        },
        {
            "type": "CVE",
            "value": "CVE-2023-3765"
        }
    ]
}