{
    "ghsaId": "GHSA-5hmm-x8q8-w5jh",
    "severity": "CRITICAL",
    "summary": "LDAP authentication bypass with empty password",
    "description": "### Impact\nUsers may be able to bypass LDAP authentication if they provide an empty password when Alerta server is configure to use LDAP as the authorization provider.\n\nOnly deployments where LDAP servers are configured to allow unauthenticated binds (eg. default on Active Directory) are affected.\n\n### Patches\nA fix has been implemented that returns HTTP 401 Unauthorized response for any authentication attempts where the password field is empty. See https://github.com/alerta/alerta/pull/1345\n\n### Workarounds\nLDAP administrators can disallow unauthenticated bind requests by clients.\n\n### References\nhttps://tools.ietf.org/html/rfc4513#section-5.1.2\nhttps://pypi.org/project/alerta-server/8.1.0/\n\n### For more information\nIf you have any questions or comments about this advisory:\n* Add a comment to the issue [#1277](https://github.com/alerta/alerta/issues/1277)\n* Email us at [admin@alerta.dev](mailto:admin@alerta.dev)",
    "permalink": "https://github.com/advisories/GHSA-5hmm-x8q8-w5jh",
    "publishedAt": "2020-11-06T17:35:49Z",
    "withdrawnAt": null,
    "identifiers": [
        {
            "type": "GHSA",
            "value": "GHSA-5hmm-x8q8-w5jh"
        },
        {
            "type": "CVE",
            "value": "CVE-2020-26214"
        }
    ]
}