{
    "ghsaId": "GHSA-v7mh-3jgf-r26c",
    "severity": "CRITICAL",
    "summary": "OpenStack Object Storage (swift) Code Injection vulnerability",
    "description": "OpenStack Object Storage (swift) before 1.7.0 uses the loads function in the pickle Python module unsafely when storing and loading metadata in memcached, which allows remote attackers to execute arbitrary code via a crafted pickle object.",
    "permalink": "https://github.com/advisories/GHSA-v7mh-3jgf-r26c",
    "publishedAt": "2022-05-17T01:42:16Z",
    "withdrawnAt": null,
    "identifiers": [
        {
            "type": "GHSA",
            "value": "GHSA-v7mh-3jgf-r26c"
        },
        {
            "type": "CVE",
            "value": "CVE-2012-4406"
        }
    ]
}