{
    "ghsaId": "GHSA-588w-w6mv-3cw5",
    "severity": "CRITICAL",
    "summary": "Ansible Insertion of Sensitive Information into Log File vulnerability",
    "description": "A flaw was found in the way Ansible (2.3.x before 2.3.3, and 2.4.x before 2.4.1) passed certain parameters to the jenkins_plugin module. Remote attackers could use this flaw to expose sensitive information from a remote host's logs. This flaw was fixed by not allowing passwords to be specified in the \"params\" argument, and noting this in the module documentation.",
    "permalink": "https://github.com/advisories/GHSA-588w-w6mv-3cw5",
    "publishedAt": "2022-05-13T01:06:04Z",
    "withdrawnAt": null,
    "identifiers": [
        {
            "type": "GHSA",
            "value": "GHSA-588w-w6mv-3cw5"
        },
        {
            "type": "CVE",
            "value": "CVE-2017-7550"
        }
    ]
}