{
    "ghsaId": "GHSA-pr76-5cm5-w9cj",
    "severity": "CRITICAL",
    "summary": "GitPython vulnerable to remote code execution due to insufficient sanitization of input arguments",
    "description": "GitPython before 3.1.32 does not block insecure non-multi options in `clone` and `clone_from`, making it vulnerable to Remote Code Execution (RCE) due to improper user input validation, which makes it possible to inject a maliciously crafted remote URL into the clone command. Exploiting this vulnerability is possible because the library makes external calls to git without sufficient sanitization of input arguments. NOTE: this issue exists because of an incomplete fix for CVE-2022-24439.",
    "permalink": "https://github.com/advisories/GHSA-pr76-5cm5-w9cj",
    "publishedAt": "2023-08-11T09:30:36Z",
    "withdrawnAt": null,
    "identifiers": [
        {
            "type": "GHSA",
            "value": "GHSA-pr76-5cm5-w9cj"
        },
        {
            "type": "CVE",
            "value": "CVE-2023-40267"
        }
    ]
}