{
    "ghsaId": "GHSA-hfg2-wf6j-x53p",
    "severity": "CRITICAL",
    "summary": "SQLAlchemy vulnerable to SQL injection",
    "description": "Multiple SQL injection vulnerabilities in SQLAlchemy before 0.7.0b4, as used in Keystone, allow remote attackers to execute arbitrary SQL commands via the (1) limit or (2) offset keyword to the select function, or unspecified vectors to the (3) select.limit or (4) select.offset function.",
    "permalink": "https://github.com/advisories/GHSA-hfg2-wf6j-x53p",
    "publishedAt": "2022-05-14T03:49:27Z",
    "withdrawnAt": null,
    "identifiers": [
        {
            "type": "GHSA",
            "value": "GHSA-hfg2-wf6j-x53p"
        },
        {
            "type": "CVE",
            "value": "CVE-2012-0805"
        }
    ]
}