{
    "ghsaId": "GHSA-69vw-jfq7-935g",
    "severity": "CRITICAL",
    "summary": "PyWebDAV SQL Injection vulnerability",
    "description": "Multiple SQL injection vulnerabilities in the `get_userinfo` method in the MySQLAuthHandler class in `DAVServer/mysqlauth.py` in PyWebDAV before 0.9.4.1 allow remote attackers to execute arbitrary SQL commands via the (1) user or (2) pw argument.  NOTE: some of these details are obtained from third party information.",
    "permalink": "https://github.com/advisories/GHSA-69vw-jfq7-935g",
    "publishedAt": "2022-05-17T05:42:57Z",
    "withdrawnAt": null,
    "identifiers": [
        {
            "type": "GHSA",
            "value": "GHSA-69vw-jfq7-935g"
        },
        {
            "type": "CVE",
            "value": "CVE-2011-0432"
        }
    ]
}