{
    "ghsaId": "GHSA-mrhh-3ggq-23p2",
    "severity": "CRITICAL",
    "summary": "Horovod Vulnerable to Command Injection",
    "description": "Horovod versions up to and including v0.28.1 are vulnerable to unauthenticated remote code execution. The vulnerability is due to improper handling of base64-encoded data in the `ElasticRendezvousHandler`, a subclass of `KVStoreHandler`. Specifically, the `_put_value` method in `ElasticRendezvousHandler` calls `codec.loads_base64(value)`, which eventually invokes `cloudpickle.loads(decoded)`. This allows an attacker to send a malicious pickle object via a PUT request, leading to arbitrary code execution on the server.",
    "permalink": "https://github.com/advisories/GHSA-mrhh-3ggq-23p2",
    "publishedAt": "2025-03-20T12:32:38Z",
    "withdrawnAt": null,
    "identifiers": [
        {
            "type": "GHSA",
            "value": "GHSA-mrhh-3ggq-23p2"
        },
        {
            "type": "CVE",
            "value": "CVE-2024-10190"
        }
    ]
}