{
    "ghsaId": "GHSA-38rv-5jqc-m2cv",
    "severity": "CRITICAL",
    "summary": "Recurly vulnerable to SSRF",
    "description": "The Recurly Client Python Library before 2.0.5, 2.1.16, 2.2.22, 2.3.1, 2.4.5, 2.5.1, 2.6.2 is vulnerable to a Server-Side Request Forgery vulnerability in the `Resource.get` method that could result in compromise of API keys or other critical resources.",
    "permalink": "https://github.com/advisories/GHSA-38rv-5jqc-m2cv",
    "publishedAt": "2019-01-04T17:48:09Z",
    "withdrawnAt": null,
    "identifiers": [
        {
            "type": "GHSA",
            "value": "GHSA-38rv-5jqc-m2cv"
        },
        {
            "type": "CVE",
            "value": "CVE-2017-0906"
        }
    ]
}