{
    "ghsaId": "GHSA-m9mq-p2f9-cfqv",
    "severity": "CRITICAL",
    "summary": "Bleach URI Scheme Restriction Bypass",
    "description": "An issue was discovered in Bleach 2.1.x before 2.1.3. Attributes that have URI values weren't properly sanitized if the values contained character entities. Using character entities, it was possible to construct a URI value with a scheme that was not allowed that would slide through unsanitized.",
    "permalink": "https://github.com/advisories/GHSA-m9mq-p2f9-cfqv",
    "publishedAt": "2019-01-04T17:46:30Z",
    "withdrawnAt": null,
    "identifiers": [
        {
            "type": "GHSA",
            "value": "GHSA-m9mq-p2f9-cfqv"
        },
        {
            "type": "CVE",
            "value": "CVE-2018-7753"
        }
    ]
}