{
    "ghsaId": "GHSA-xr2c-5w89-63pv",
    "severity": "CRITICAL",
    "summary": "Poetry before v1.1.9 contains Untrusted Search Path",
    "description": "Poetry prior to v1.1.9 was discovered to contain an untrusted search path which causes the application to behave in unexpected ways when users execute Poetry commands in a directory containing malicious content. This vulnerability occurs when the application is ran on Windows OS.",
    "permalink": "https://github.com/advisories/GHSA-xr2c-5w89-63pv",
    "publishedAt": "2022-03-23T00:00:24Z",
    "withdrawnAt": null,
    "identifiers": [
        {
            "type": "GHSA",
            "value": "GHSA-xr2c-5w89-63pv"
        },
        {
            "type": "CVE",
            "value": "CVE-2022-26184"
        }
    ]
}