{
    "ghsaId": "GHSA-7gfq-f96f-g85j",
    "severity": "CRITICAL",
    "summary": "langchain vulnerable to arbitrary code execution",
    "description": "An issue in langchain v.0.0.171 allows a remote attacker to execute arbitrary code via the via the a json file to the `load_prompt` parameter. This is related to `__subclasses__` or a template.",
    "permalink": "https://github.com/advisories/GHSA-7gfq-f96f-g85j",
    "publishedAt": "2023-08-22T21:30:27Z",
    "withdrawnAt": null,
    "identifiers": [
        {
            "type": "GHSA",
            "value": "GHSA-7gfq-f96f-g85j"
        },
        {
            "type": "CVE",
            "value": "CVE-2023-36281"
        }
    ]
}