{
    "ghsaId": "GHSA-7j9p-67mm-5g87",
    "severity": "LOW",
    "summary": "LTI 1.3 Grade Pass Back Implementation has Missing Authorization Vulnerability",
    "description": "### Problem\nTL;DR: Any LTI tool that is integrated with on the Open edX platform can\npost a grade back for any LTI XBlock so long as it knows or can guess the\nblock location for that XBlock.\n\nIn LTI 1.3, LTI tools can \"pass back\" scores that learners earn while using\nLTI tools to the edX platform. The edX platform then stores those LTI\nscores in a separate table. If the right conditions are met, these scores\nare then persisted to the LMS grades tables.\n\nLTI tools can create what are called \"line items\" on the edX platform. A\nline item can be thought of as a column in a grade book; it stores results\nfor a specific activity (i.e. XBlock) for a specific set of users (i.e.\nusers in the course using the XBlock). A line item has an optional\nresource_link_id field, which is basically the XBlock location. An LTI tool\ncan supply any value for this field.\n\nAn LTI tool submits scores to the edX platform for line items. The code\nthat uploads that score to the LMS grade tables determines which XBlock to\nupload the grades for by reading the resource_link_id field of the\nassociated line item. Because the LTI tool could have submitted any value\nfor the resource_link_id field, this introduces the potential for a\nnefarious LTI tool to submit scores for any LTI XBlock on the platform.\n\n### Impact\nAny LTI tool that is integrated with on the Open edX platform can post a\ngrade back for any LTI XBlock so long as it knows the resource_link_id\n(i.e. block location) for that XBlock.\n\nThe impact is a loss of integrity for LTI XBlock grades.\n\n### Patches\nNo available patch\n\n### Workarounds\nNo\n",
    "permalink": "https://github.com/advisories/GHSA-7j9p-67mm-5g87",
    "publishedAt": "2024-08-30T18:47:14Z",
    "withdrawnAt": null,
    "identifiers": [
        {
            "type": "GHSA",
            "value": "GHSA-7j9p-67mm-5g87"
        },
        {
            "type": "CVE",
            "value": "CVE-2023-23611"
        }
    ]
}