{
    "ghsaId": "GHSA-c546-8jmq-hprj",
    "severity": "LOW",
    "summary": "Race condition in zenml",
    "description": "A race condition vulnerability exists in zenml-io/zenml versions up to and including 0.55.3, which allows for the creation of multiple users with the same username when requests are sent in parallel. This issue was fixed in version 0.55.5. The vulnerability arises due to insufficient handling of concurrent user creation requests, leading to data inconsistencies and potential authentication problems. Specifically, concurrent processes may overwrite or corrupt user data, complicating user identification and posing security risks. This issue is particularly concerning for APIs that rely on usernames as input parameters, such as PUT /api/v1/users/test_race, where it could lead to further complications.",
    "permalink": "https://github.com/advisories/GHSA-c546-8jmq-hprj",
    "publishedAt": "2024-06-06T21:30:36Z",
    "withdrawnAt": null,
    "identifiers": [
        {
            "type": "GHSA",
            "value": "GHSA-c546-8jmq-hprj"
        },
        {
            "type": "CVE",
            "value": "CVE-2024-2032"
        }
    ]
}