{
    "ghsaId": "GHSA-7pgr-32fx-c6x9",
    "severity": "LOW",
    "summary": "Lord of Large Language Models (LoLLMs) Server path traversal vulnerability in lollms_file_system.py",
    "description": "A path traversal vulnerability exists in the ParisNeo/lollms repository, specifically in the `lollms_file_system.py` file. The functions `add_rag_database`, `toggle_mount_rag_database`, and `vectorize_folder` do not implement security measures such as `sanitize_path_from_endpoint` or `sanitize_path`. This allows an attacker to perform vectorize operations on `.sqlite` files in any directory on the victim's computer, potentially installing multiple packages and causing a crash.",
    "permalink": "https://github.com/advisories/GHSA-7pgr-32fx-c6x9",
    "publishedAt": "2024-10-11T15:30:32Z",
    "withdrawnAt": null,
    "identifiers": [
        {
            "type": "GHSA",
            "value": "GHSA-7pgr-32fx-c6x9"
        },
        {
            "type": "CVE",
            "value": "CVE-2024-6971"
        }
    ]
}