{
    "ghsaId": "GHSA-fp6p-5xvw-m74f",
    "severity": "LOW",
    "summary": "Django User Enumeration Vulnerability",
    "description": "The password hasher in `contrib/auth/hashers.py` in Django before 1.8.10 and 1.9.x before 1.9.3 allows remote attackers to enumerate users via a timing attack involving login requests.",
    "permalink": "https://github.com/advisories/GHSA-fp6p-5xvw-m74f",
    "publishedAt": "2022-05-17T01:09:58Z",
    "withdrawnAt": null,
    "identifiers": [
        {
            "type": "GHSA",
            "value": "GHSA-fp6p-5xvw-m74f"
        },
        {
            "type": "CVE",
            "value": "CVE-2016-2513"
        }
    ]
}