{
    "ghsaId": "GHSA-h9j7-5xvc-qhg5",
    "severity": "LOW",
    "summary": "langchain Server-Side Request Forgery vulnerability",
    "description": "With the following crawler configuration:\n\n```python\nfrom bs4 import BeautifulSoup as Soup\n\nurl = \"https://example.com\"\nloader = RecursiveUrlLoader(\n    url=url, max_depth=2, extractor=lambda x: Soup(x, \"html.parser\").text \n)\ndocs = loader.load()\n```\n\nAn attacker in control of the contents of `https://example.com` could place a malicious HTML file in there with links like \"https://example.completely.different/my_file.html\" and the crawler would proceed to download that file as well even though `prevent_outside=True`.\n\nhttps://github.com/langchain-ai/langchain/blob/bf0b3cc0b5ade1fb95a5b1b6fa260e99064c2e22/libs/community/langchain_community/document_loaders/recursive_url_loader.py#L51-L51\n\nResolved in https://github.com/langchain-ai/langchain/pull/15559",
    "permalink": "https://github.com/advisories/GHSA-h9j7-5xvc-qhg5",
    "publishedAt": "2024-02-26T18:30:29Z",
    "withdrawnAt": null,
    "identifiers": [
        {
            "type": "GHSA",
            "value": "GHSA-h9j7-5xvc-qhg5"
        },
        {
            "type": "CVE",
            "value": "CVE-2024-0243"
        }
    ]
}