{
    "ghsaId": "GHSA-j67j-8hrp-76xm",
    "severity": "LOW",
    "summary": "Plone Multiple open redirect vulnerabilities",
    "description": "Multiple open redirect vulnerabilities in (1) marmoset_patch.py, (2) publish.py, and (3) principiaredirect.py in Plone 2.1 through 4.1, 4.2.x through 4.2.5, and 4.3.x through 4.3.1 allow remote attackers to redirect users to arbitrary web sites and conduct phishing attacks via unspecified vectors.",
    "permalink": "https://github.com/advisories/GHSA-j67j-8hrp-76xm",
    "publishedAt": "2022-05-17T04:49:44Z",
    "withdrawnAt": null,
    "identifiers": [
        {
            "type": "GHSA",
            "value": "GHSA-j67j-8hrp-76xm"
        },
        {
            "type": "CVE",
            "value": "CVE-2013-4195"
        }
    ]
}