{
    "ghsaId": "GHSA-3qxp-qjq7-w4hf",
    "severity": "LOW",
    "summary": "CHECK-fail in tf.raw_ops.EncodePng",
    "description": "### Impact\nAn attacker can trigger a `CHECK` fail in PNG encoding by providing an empty input tensor as the pixel data:\n\n```python\nimport tensorflow as tf\n\nimage = tf.zeros([0, 0, 3])\nimage = tf.cast(image, dtype=tf.uint8) \ntf.raw_ops.EncodePng(image=image) \n```\n\nThis is because the [implementation](https://github.com/tensorflow/tensorflow/blob/e312e0791ce486a80c9d23110841525c6f7c3289/tensorflow/core/kernels/image/encode_png_op.cc#L57-L60) only validates that the total number of pixels in the image does not overflow. Thus, an attacker can send an empty matrix for encoding. However, if the tensor is empty, then the associated buffer is `nullptr`. Hence, when [calling `png::WriteImageToBuffer`](https://github.com/tensorflow/tensorflow/blob/e312e0791ce486a80c9d23110841525c6f7c3289/tensorflow/core/kernels/image/encode_png_op.cc#L79-L93), the first argument (i.e., `image.flat<T>().data()`) is `NULL`. This then triggers the `CHECK_NOTNULL` in the [first line of `png::WriteImageToBuffer`](https://github.com/tensorflow/tensorflow/blob/e312e0791ce486a80c9d23110841525c6f7c3289/tensorflow/core/lib/png/png_io.cc#L345-L349).\n\n```cc\ntemplate <typename T>\nbool WriteImageToBuffer(\n    const void* image, int width, int height, int row_bytes, int num_channels,\n    int channel_bits, int compression, T* png_string,\n    const std::vector<std::pair<std::string, std::string> >* metadata) {\n  CHECK_NOTNULL(image);\n  ...\n}\n```\n\nSince `image` is null, this results in `abort` being called after printing the stacktrace. Effectively, this allows an attacker to mount a denial of service attack.\n\n### Patches\nWe have patched the issue in GitHub commit [26eb323554ffccd173e8a79a8c05c15b685ae4d1](https://github.com/tensorflow/tensorflow/commit/26eb323554ffccd173e8a79a8c05c15b685ae4d1).\n\nThe fix will be included in TensorFlow 2.5.0. We will also cherrypick this commit on TensorFlow 2.4.2, TensorFlow 2.3.3, TensorFlow 2.2.3 and TensorFlow 2.1.4, as these are also affected and still in supported range.\n\n### For more information\nPlease consult [our security guide](https://github.com/tensorflow/tensorflow/blob/master/SECURITY.md) for more information regarding the security model and how to contact us with issues and questions.\n\n### Attribution\nThis vulnerability has been reported by Yakun Zhang and Ying Wang of Baidu X-Team.",
    "permalink": "https://github.com/advisories/GHSA-3qxp-qjq7-w4hf",
    "publishedAt": "2021-05-21T14:22:13Z",
    "withdrawnAt": null,
    "identifiers": [
        {
            "type": "GHSA",
            "value": "GHSA-3qxp-qjq7-w4hf"
        },
        {
            "type": "CVE",
            "value": "CVE-2021-29531"
        }
    ]
}