{
    "ghsaId": "GHSA-4hvv-7x94-7vq8",
    "severity": "LOW",
    "summary": "Null dereference in Grappler's `TrySimplify`",
    "description": "### Impact\nThe implementation of [`TrySimplify`](https://github.com/tensorflow/tensorflow/blob/c22d88d6ff33031aa113e48aa3fc9aa74ed79595/tensorflow/core/grappler/optimizers/arithmetic_optimizer.cc#L390-L401) has undefined behavior due to dereferencing a null pointer in corner cases that\nresult in optimizing a node with no inputs.\n\n### Patches\nWe have patched the issue in GitHub commit [e6340f0665d53716ef3197ada88936c2a5f7a2d3](https://github.com/tensorflow/tensorflow/commit/e6340f0665d53716ef3197ada88936c2a5f7a2d3).\n\nThe fix will be included in TensorFlow 2.5.0. We will also cherrypick this commit on TensorFlow 2.4.2, TensorFlow 2.3.3, TensorFlow 2.2.3 and TensorFlow 2.1.4, as these are also affected and still in supported range.\n\n### For more information\nPlease consult [our security guide](https://github.com/tensorflow/tensorflow/blob/master/SECURITY.md) for more information regarding the security model and how to contact us with issues and questions.",
    "permalink": "https://github.com/advisories/GHSA-4hvv-7x94-7vq8",
    "publishedAt": "2021-05-21T14:28:47Z",
    "withdrawnAt": null,
    "identifiers": [
        {
            "type": "GHSA",
            "value": "GHSA-4hvv-7x94-7vq8"
        },
        {
            "type": "CVE",
            "value": "CVE-2021-29616"
        }
    ]
}