{
    "ghsaId": "GHSA-22jm-4hxw-35jf",
    "severity": "LOW",
    "summary": "OpenStack Nova can leak consoleauth token into log files",
    "description": "An issue was discovered in OpenStack Nova before 18.2.4, 19.x before 19.1.0, and 20.x before 20.1.0. It can leak consoleauth tokens into log files. An attacker with read access to the service's logs may obtain tokens used for console access. All Nova setups using novncproxy are affected. This is related to `NovaProxyRequestHandlerBase.new_websocket_client` in `console/websocketproxy.py`.",
    "permalink": "https://github.com/advisories/GHSA-22jm-4hxw-35jf",
    "publishedAt": "2022-05-24T17:09:18Z",
    "withdrawnAt": null,
    "identifiers": [
        {
            "type": "GHSA",
            "value": "GHSA-22jm-4hxw-35jf"
        },
        {
            "type": "CVE",
            "value": "CVE-2015-9543"
        }
    ]
}