{
    "ghsaId": "GHSA-377p-g8gr-5wpg",
    "severity": "LOW",
    "summary": "LIEF obtain sensitive information via the name parameter",
    "description": "An issue in LIEF v.0.14.1 allows a local attacker to obtain sensitive information via the name parameter of the machd_reader.c component.",
    "permalink": "https://github.com/advisories/GHSA-377p-g8gr-5wpg",
    "publishedAt": "2024-05-03T18:30:37Z",
    "withdrawnAt": null,
    "identifiers": [
        {
            "type": "GHSA",
            "value": "GHSA-377p-g8gr-5wpg"
        },
        {
            "type": "CVE",
            "value": "CVE-2024-31636"
        }
    ]
}