{
    "ghsaId": "GHSA-qg36-9jxh-fj25",
    "severity": "LOW",
    "summary": "Incorrect signature verification in django-ses",
    "description": "The django_ses library implements a mail backend for Django using AWS Simple Email Service. The library exports the `SESEventWebhookView class` intended to receive signed requests from AWS to handle email bounces, subscriptions, etc. These requests are signed by AWS and are verified by django_ses, however the verification of this signature was found to be flawed as it allowed users to specify arbitrary public certificates.",
    "permalink": "https://github.com/advisories/GHSA-qg36-9jxh-fj25",
    "publishedAt": "2023-05-22T19:41:56Z",
    "withdrawnAt": null,
    "identifiers": [
        {
            "type": "GHSA",
            "value": "GHSA-qg36-9jxh-fj25"
        },
        {
            "type": "CVE",
            "value": "CVE-2023-33185"
        }
    ]
}