{
    "ghsaId": "GHSA-7372-q459-jxhr",
    "severity": "LOW",
    "summary": "pyxdg Arbitrary File Overwrite via Race Condition",
    "description": "Race condition in the `xdg.BaseDirectory.get_runtime_dir` function in pyxdg 0.25 allows local users to overwrite arbitrary files by pre-creating `/tmp/pyxdg-runtime-dir-fallback-victim` to point to a victim-owned location, then replacing it with a symlink to an attacker-controlled location once the `get_runtime_dir` function is called.",
    "permalink": "https://github.com/advisories/GHSA-7372-q459-jxhr",
    "publishedAt": "2022-05-17T01:27:07Z",
    "withdrawnAt": null,
    "identifiers": [
        {
            "type": "GHSA",
            "value": "GHSA-7372-q459-jxhr"
        },
        {
            "type": "CVE",
            "value": "CVE-2014-1624"
        }
    ]
}