{
    "ghsaId": "GHSA-5xh2-23cc-5jc6",
    "severity": "LOW",
    "summary": "Strawberry GraphQL has type resolution vulnerability in node interface that allows potential data leakage through incorrect type resolution",
    "description": "**Vulnerability Summary**\nA type confusion vulnerability exists in Strawberry GraphQL's relay integration that affects multiple ORM integrations (Django, SQLAlchemy, Pydantic). The vulnerability occurs when multiple GraphQL types are mapped to the same underlying model while using the relay `node` interface.\n\n**Affected Components**\n- Strawberry GraphQL relay integration\n- Specifically impacts implementations using:\n  - Django integration\n  - SQLAlchemy integration\n  - Pydantic integration\n\n**Technical Details**\n\nThe vulnerability manifests when:\n1. Multiple GraphQL types inherit from `relay.Node`\n2. These types are mapped to the same database model\n3. The global `node` field is used for type resolution\n\nExample of vulnerable code:\n\n```python\nfrom fruits.models import Fruit\nimport strawberry_django\nimport strawberry\n\n@strawberry_django.type(Fruit)\nclass FruitType(relay.Node):\n    name: strawberry.auto\n\n@strawberry_django.type(Fruit)\nclass SpecialFruitType(relay.Node):\n    secret_name: strawberry.auto\n\n@strawberry.type\nclass Query:\n    node: relay.Node = strawberry_django.node()\n```\n\n**Security Impact**\n\nWhen querying for a specific type using the global `node` field (e.g., `FruitType:some-id`), the resolver may incorrectly return an instance of a different type mapped to the same model (e.g., `SpecialFruitType`). This can lead to:\n\n1. Information disclosure if the alternate type exposes sensitive fields\n2. Potential privilege escalation if the alternate type contains data intended for restricted access\n\n**Note**\nEven with knowledge of the correct type name (e.g., `SpecialFruitType`), attackers may still be able to access unauthorized data through direct type queries.\n\nWe recommend to use permission on fields instead of creating a dedicate type.\n\n**Recommendations**\n1. Avoid mapping multiple relay Node types to the same model\n2. Implement strict access controls at the field resolution level (using permissions)\n3. Consider using separate models for different access levels of the same data\n4. Update to `strawberry-graphql>=0.257.0`\n5. If using `strawberry-graphql-django`, update to `strawberry-graphql-django>=0.54.0`",
    "permalink": "https://github.com/advisories/GHSA-5xh2-23cc-5jc6",
    "publishedAt": "2025-01-09T18:51:51Z",
    "withdrawnAt": null,
    "identifiers": [
        {
            "type": "GHSA",
            "value": "GHSA-5xh2-23cc-5jc6"
        },
        {
            "type": "CVE",
            "value": "CVE-2025-22151"
        }
    ]
}