{
    "ghsaId": "GHSA-g892-9h8m-r69r",
    "severity": "LOW",
    "summary": "Libcloud does not properly scrub data when destroying a DigitalOcean node",
    "description": "Libcloud 0.12.3 through 0.13.2 does not set the `scrub_data parameter` for the destroy DigitalOcean API, which allows local users to obtain sensitive information by leveraging a new VM.",
    "permalink": "https://github.com/advisories/GHSA-g892-9h8m-r69r",
    "publishedAt": "2022-05-14T02:54:05Z",
    "withdrawnAt": null,
    "identifiers": [
        {
            "type": "GHSA",
            "value": "GHSA-g892-9h8m-r69r"
        },
        {
            "type": "CVE",
            "value": "CVE-2013-6480"
        }
    ]
}