{
    "ghsaId": "GHSA-g7vv-2v7x-gj9p",
    "severity": "LOW",
    "summary": "tqdm CLI arguments injection attack",
    "description": "### Impact\nAny optional non-boolean CLI arguments (e.g. `--delim`, `--buf-size`, `--manpath`) are passed through python's `eval`, allowing arbitrary code execution. Example:\n\n```sh\npython -m tqdm --manpath=\"\\\" + str(exec(\\\"import os\\nos.system('echo hi && killall python3')\\\")) + \\\"\"\n```\n\n### Patches\nhttps://github.com/tqdm/tqdm/commit/4e613f84ed2ae029559f539464df83fa91feb316 released in `tqdm>=4.66.3`\n\n### Workarounds\nNone\n\n### References\n- https://github.com/tqdm/tqdm/releases/tag/v4.66.3",
    "permalink": "https://github.com/advisories/GHSA-g7vv-2v7x-gj9p",
    "publishedAt": "2024-05-03T19:33:28Z",
    "withdrawnAt": null,
    "identifiers": [
        {
            "type": "GHSA",
            "value": "GHSA-g7vv-2v7x-gj9p"
        },
        {
            "type": "CVE",
            "value": "CVE-2024-34062"
        }
    ]
}