{
    "ghsaId": "GHSA-cvp7-c586-cmf4",
    "severity": "LOW",
    "summary": "Withdrawn: Code Injection in loguru",
    "description": "# Withdrawn\n\nThis advisory has been withdrawn after the maintainers of loguru noted this issue is not a security vulnerability and the CVE has been revoked. We have [stopped](https://github.com/Delgan/loguru/issues/563#issuecomment-1025223732) Dependabot alerts regarding this issue.\n\n## Original Description\n\nIn versions of loguru up to and including 0.5.3 a lack of sanitization on log serialization can lead to arbitrary code execution. The maintainer disputes the issue, but has altered behavior of the library in commit 4b0070a4f30cbf6d5e12e6274b242b62ea11c81b. See https://github.com/Delgan/loguru/issues/563 for further discussion of the issue. The function in question is intended for internal use only, but is not restricted. This has been patched in version 0.6.0.",
    "permalink": "https://github.com/advisories/GHSA-cvp7-c586-cmf4",
    "publishedAt": "2022-01-28T22:01:45Z",
    "withdrawnAt": "2022-02-01T15:17:33Z",
    "identifiers": [
        {
            "type": "GHSA",
            "value": "GHSA-cvp7-c586-cmf4"
        },
        {
            "type": "CVE",
            "value": "CVE-2022-0329"
        }
    ]
}