{
    "ghsaId": "GHSA-c4cm-r9fh-jgj9",
    "severity": "LOW",
    "summary": "commonground-api-common unexploitable privilege escalation in JWT authentication middleware",
    "description": "### Impact\n\nThis is a privilege escalation vulnerability. The impact is negligible and entirely theoretical.\n\nA non-exploitable weakness was found in how the client-supplied JWTs are verified. Because an explicit allow-list\nof known algorithms is used in the PyJWT library, user-supplied (invalid) algorithms are rejected.\n\nIf this was not the case, then the client JWTs could be tampered with, resulting in privilege escalation which\nwould allow the attacker to perform any operation as any client (impersonation) without leaving a trace of\nthe real user/client.\n\n\n### Patches\n\nWill be fixed in 1.12.2\n\n### Workarounds\n\nNone needed. But be careful when updating PyJWT. Check that the used PyJWT has no algorithms specified with a name in \"\", \"HS25\", \"HS2\", \"HS\", \"H\", or that those algorithms are acceptable.\n\n### Details\n\nThe header and payload of JSON Web Tokens (JWTs) are cryptographically signed with an algorithm. A JWT has a header field `alg` that specifies the algorithm used in the signature.\n\nThe `vng-api-common.middleware.AuthMiddleware` uses PyJWT to check the validity of JWT and indicates it should be \"HS256\", otherwise an attacker could construct a token with a cryptographically weak token. It should indicate this with a list of acceptable algorithms  `[\"HS256\"]`, but instead the string `\"HS256\"` is passed to PyJWT.  PyJWT does not check the type of the argument and checks if the `alg` string in the header exists in the acceptable algorithms value with the `in` operator. Any substring of `\"HS256\"` passes this `in` check. It is not exploitable because there is no such substring in de set of algorithms PyJWT supports.",
    "permalink": "https://github.com/advisories/GHSA-c4cm-r9fh-jgj9",
    "publishedAt": "2024-02-09T17:04:47Z",
    "withdrawnAt": null,
    "identifiers": [
        {
            "type": "GHSA",
            "value": "GHSA-c4cm-r9fh-jgj9"
        }
    ]
}