{
    "ghsaId": "GHSA-8q2m-pwxf-jc7g",
    "severity": "LOW",
    "summary": "python-keystoneclient unsecure user password update",
    "description": "The user-password-update command in python-keystoneclient before 0.2.4 accepts the new password in the --password argument, which allows local users to obtain sensitive information by listing the process.",
    "permalink": "https://github.com/advisories/GHSA-8q2m-pwxf-jc7g",
    "publishedAt": "2022-05-17T00:55:33Z",
    "withdrawnAt": null,
    "identifiers": [
        {
            "type": "GHSA",
            "value": "GHSA-8q2m-pwxf-jc7g"
        },
        {
            "type": "CVE",
            "value": "CVE-2013-2013"
        }
    ]
}