{
    "ghsaId": "GHSA-4vrf-ff7v-hpgr",
    "severity": "LOW",
    "summary": "Division by zero in TFLite's implementation of `EmbeddingLookup`",
    "description": "The implementation of the `EmbeddingLookup` TFLite operator is [vulnerable to a division by zero error](https://github.com/tensorflow/tensorflow/blob/e4b29809543b250bc9b19678ec4776299dd569ba/tensorflow/lite/kernels/embedding_lookup.cc#L73-L74):\n\n```cc\nconst int row_size = SizeOfDimension(value, 0);\nconst int row_bytes = value->bytes / row_size;\n```\n\nAn attacker can craft a model such that the first dimension of the `value` input is 0.\n\n### Patches\nWe have patched the issue in GitHub commit [f61c57bd425878be108ec787f4d96390579fb83e](https://github.com/tensorflow/tensorflow/commit/f61c57bd425878be108ec787f4d96390579fb83e).\n\nThe fix will be included in TensorFlow 2.5.0. We will also cherrypick this commit on TensorFlow 2.4.2, TensorFlow 2.3.3, TensorFlow 2.2.3 and TensorFlow 2.1.4, as these are also affected and still in supported range.\n\n### For more information\nPlease consult [our security guide](https://github.com/tensorflow/tensorflow/blob/master/SECURITY.md) for more information regarding the security model and how to contact us with issues and questions.\n\n### Attribution\nThis vulnerability has been reported by members of the Aivul Team from Qihoo 360.",
    "permalink": "https://github.com/advisories/GHSA-4vrf-ff7v-hpgr",
    "publishedAt": "2021-05-21T14:27:51Z",
    "withdrawnAt": null,
    "identifiers": [
        {
            "type": "GHSA",
            "value": "GHSA-4vrf-ff7v-hpgr"
        },
        {
            "type": "CVE",
            "value": "CVE-2021-29596"
        }
    ]
}