{
    "ghsaId": "GHSA-6f84-42vf-ppwp",
    "severity": "LOW",
    "summary": "Division by 0 in `QuantizedMul`",
    "description": "### Impact\nAn attacker can trigger a division by 0 in `tf.raw_ops.QuantizedMul`:\n\n```python\nimport tensorflow as tf\n\nx = tf.zeros([4, 1], dtype=tf.quint8)\ny = tf.constant([], dtype=tf.quint8)\nmin_x = tf.constant(0.0)\nmax_x = tf.constant(0.0010000000474974513)\nmin_y = tf.constant(0.0)\nmax_y = tf.constant(0.0010000000474974513)\n\ntf.raw_ops.QuantizedMul(x=x, y=y, min_x=min_x, max_x=max_x, min_y=min_y, max_y=max_y)\n```                            \n\nThis is because the [implementation](https://github.com/tensorflow/tensorflow/blob/55900e961ed4a23b438392024912154a2c2f5e85/tensorflow/core/kernels/quantized_mul_op.cc#L188-L198) does a division by a quantity that is controlled by the caller:\n\n```cc\ntemplate <class T, class Toutput>\nvoid VectorTensorMultiply(const T* vector_data, int32 vector_offset,\n                          int64 vector_num_elements, const T* tensor_data,\n                          int32 tensor_offset, int64 tensor_num_elements,\n                          Toutput* output) {\n  for (int i = 0; i < tensor_num_elements; ++i) {\n    const int64 vector_i = i % vector_num_elements;\n    ...\n  }\n}\n```\n\n### Patches\nWe have patched the issue in GitHub commit [a1b11d2fdd1e51bfe18bb1ede804f60abfa92da6](https://github.com/tensorflow/tensorflow/commit/a1b11d2fdd1e51bfe18bb1ede804f60abfa92da6).\n\nThe fix will be included in TensorFlow 2.5.0. We will also cherrypick this commit on TensorFlow 2.4.2, TensorFlow 2.3.3, TensorFlow 2.2.3 and TensorFlow 2.1.4, as these are also affected and still in supported range.\n\n### For more information\nPlease consult [our security guide](https://github.com/tensorflow/tensorflow/blob/master/SECURITY.md) for more information regarding the security model and how to contact us with issues and questions.\n\n### Attribution\nThis vulnerability has been reported by Ying Wang and Yakun Zhang of Baidu X-Team.",
    "permalink": "https://github.com/advisories/GHSA-6f84-42vf-ppwp",
    "publishedAt": "2021-05-21T14:22:02Z",
    "withdrawnAt": null,
    "identifiers": [
        {
            "type": "GHSA",
            "value": "GHSA-6f84-42vf-ppwp"
        },
        {
            "type": "CVE",
            "value": "CVE-2021-29528"
        }
    ]
}