{
    "ghsaId": "GHSA-8fxc-qm65-vpxg",
    "severity": "LOW",
    "summary": "Temporary urls leaked via logging",
    "description": "In OpenStack Swift prior to 2.15.2, the proxy-server logs full tempurl paths, potentially leaking reusable tempurl signatures to anyone with read access to these logs. All Swift deployments using the tempurl middleware are affected.",
    "permalink": "https://github.com/advisories/GHSA-8fxc-qm65-vpxg",
    "publishedAt": "2021-06-08T19:23:22Z",
    "withdrawnAt": null,
    "identifiers": [
        {
            "type": "GHSA",
            "value": "GHSA-8fxc-qm65-vpxg"
        },
        {
            "type": "CVE",
            "value": "CVE-2017-8761"
        }
    ]
}