{
    "ghsaId": "GHSA-p8q5-cvwx-wvwp",
    "severity": "LOW",
    "summary": "Flask-AppBuilder Observable Response Discrepancy",
    "description": "### Impact\nUser enumeration in database authentication in Flask-AppBuilder <= 4.5.3 and werkzeug >= 3.0.0. Allows for a non authenticated user to enumerate existing usernames by timing the response time from the server when brute forcing requests to login.\n\n### Patches\n\nUpgrade to flask-appbuilder>=4.5.3\n\n### Workarounds\nDowngrade werkzeug to <3.0.0\n\n### References\n_Are there any links users can visit to find out more?_",
    "permalink": "https://github.com/advisories/GHSA-p8q5-cvwx-wvwp",
    "publishedAt": "2025-03-03T15:26:03Z",
    "withdrawnAt": null,
    "identifiers": [
        {
            "type": "GHSA",
            "value": "GHSA-p8q5-cvwx-wvwp"
        },
        {
            "type": "CVE",
            "value": "CVE-2025-24023"
        }
    ]
}