{
    "ghsaId": "GHSA-grp5-h379-j75x",
    "severity": "LOW",
    "summary": "OpenStack Nova live snapshots use an insecure local directory",
    "description": "OpenStack Compute (Nova) Grizzly 2013.1.4, Havana 2013.2.1, and earlier uses world-writable and world-readable permissions for the temporary directory used to store live snapshots, which allows local users to read and modify live snapshots.",
    "permalink": "https://github.com/advisories/GHSA-grp5-h379-j75x",
    "publishedAt": "2022-05-14T01:58:45Z",
    "withdrawnAt": null,
    "identifiers": [
        {
            "type": "GHSA",
            "value": "GHSA-grp5-h379-j75x"
        },
        {
            "type": "CVE",
            "value": "CVE-2013-7048"
        }
    ]
}