{
    "ghsaId": "GHSA-jfgp-674x-6q4p",
    "severity": "LOW",
    "summary": "Weblate vulnerable to improper sanitization of project backups",
    "description": "### Impact\nWeblate didn't correctly validate filenames when restoring project backup. It may be possible to gain unauthorized access to\nfiles on the server using a crafted ZIP file.\n\n### Patches\nThis issue has been addressed in Weblate 5.6.2 via https://github.com/WeblateOrg/weblate/commit/b6a7eace155fa0feaf01b4ac36165a9c5e63bfdd.\n\n### Workarounds\nDo not allow project creation to untrusted users.\n\n### References\nThanks to Bryan Cahill for bringing this issue to our attention.\n\n### For more information\nIf you have any questions or comments about this advisory:\n* Open a topic in [discussions](https://github.com/WeblateOrg/weblate/discussions)\n* Email us at [care@weblate.org](mailto:care@weblate.org)\n",
    "permalink": "https://github.com/advisories/GHSA-jfgp-674x-6q4p",
    "publishedAt": "2024-07-01T21:02:30Z",
    "withdrawnAt": null,
    "identifiers": [
        {
            "type": "GHSA",
            "value": "GHSA-jfgp-674x-6q4p"
        },
        {
            "type": "CVE",
            "value": "CVE-2024-39303"
        }
    ]
}