{
    "ghsaId": "GHSA-w429-xc55-hc48",
    "severity": "LOW",
    "summary": "OpenStack Nova host data leak to vm instance in rescue mode",
    "description": "The instance rescue mode in OpenStack Compute (Nova) 2013.2 before 2013.2.3 and Icehouse before 2014.1, when using libvirt to spawn images and use_cow_images is set to false, allows remote authenticated users to read certain compute host files by overwriting an instance disk with a crafted image.",
    "permalink": "https://github.com/advisories/GHSA-w429-xc55-hc48",
    "publishedAt": "2022-05-17T04:41:34Z",
    "withdrawnAt": null,
    "identifiers": [
        {
            "type": "GHSA",
            "value": "GHSA-w429-xc55-hc48"
        },
        {
            "type": "CVE",
            "value": "CVE-2014-0134"
        }
    ]
}