{
    "ghsaId": "GHSA-rgrf-6mf5-m882",
    "severity": "LOW",
    "summary": "cdo-local-uuid vulnerable to insertion of artifact derived from developer's Present Working Directory into demonstration code",
    "description": "### Impact\n_What kind of vulnerability is it? Who is impacted?_\n\nAn information leakage vulnerability is present in [`cdo-local-uuid`](https://pypi.org/project/cdo-local-uuid/) at version `0.4.0`, and in [`case-utils`](https://pypi.org/project/case-utils/) in unpatched versions (matching the pattern `0.x.0`) at and since `0.5.0`, before `0.15.0`.\n\nThe vulnerability stems from a Python function, `cdo_local_uuid.local_uuid()`, and its original implementation `case_utils.local_uuid()`.  Henceforth, both will be called `local_uuid()`.\n\n`local_uuid()` generates UUIDv5s using a deterministic pseudorandom number stream.  This was written to make graph application demonstrations generate consistent, version-controllable output with minimal noise caused by demonstration re-runs.  Part of the information used to keep individual examples' generated output distinct from one another is seed information from the caller's environment, particularly the program's argument vector.  The present working directory is also included as part of the seed information, but for reasons including maintaining user environment privacy, as well as keeping generated identifiers consistent regardless of where a source tree is housed on a user's file system, the present working directory is trimmed from the left to exclude path information outside of a supplied \"Top\" source directory.  (In context of the Make scripting language, this \"top\" directory is typically in a variable called `top_srcdir`.  In context of Git-based project management, this directory is expected to be the root directory of a freshly \"Cloned\" project, e.g., where `.git` is stored.)\n\nUnder certain conditions, a user's present working directory, as an absolute path, was incorporated into seed data for the `local_uuid()` deterministic pseudorandom number stream.  This violates an expectation made in the documented purpose of the `local_uuid()` function, and leaks information about a calling user's environment.\n\nThe conditions are:\n\n* Given a project with top source directory `top_srcdir`, for instance `/home/user1/Documents/Project1`;\n* Given a Python script housed directly in `top_srcdir`, for instance at `${top_srcdir}/example.py`, written to support the deterministic mode of `local_uuid()`;\n* Given a call to that Python script that follows the documentation for `local_uuid()`;\n\nThe absolute path for `top_srcdir` was then included in the seed information for the UUIDv5 stream, when what was intended was a relative path spelling.  That is, instead of `./example.py` being in the seed data, `/home/user1/Documents/Project1/example.py` was in the seed data.\n\nThis does not leak the present working directory directly.  But, given other knowledge of how a program had been called to generate data using `local_uuid()` under these conditions, it becomes possible to determine that a chosen path can lead to a known UUIDv5 value.  Note that it is not necessarily knowable that the chosen path is the *only* solution to a sequence reconstruction; but, the path can be confirmed to be *a* solution.\n\n\n### Patches\n_Has the problem been patched? What versions should users upgrade to?_\n\nThe issue has been patched, in the `cdo-local-uuid` source repository and the `case-utils` source repository.\n\nUsers should upgrade to any of these versions minimally:\n\n* `case-utils == 0.5.1`\n* `case-utils == 0.6.1`\n* `case-utils == 0.7.1`\n* `case-utils == 0.8.1`\n* `case-utils == 0.9.1`\n* `case-utils == 0.10.1`\n* `case-utils == 0.11.1`\n* `case-utils == 0.12.1`\n* `case-utils == 0.13.1`\n* `case-utils == 0.14.1`\n* `case-utils >= 0.15.0`\n* `cdo-local-uuid == 0.5.0`\n\nAll `case-utils` releases that contain the patch have the commit `ea630cce66b26dae6d7fa7e02451d6e25456a5f2` in their Git history.  Anyone interested in confirming the presence of this commit in a certain branch or tag can run the following test (written in Bash), substituting the desired branch name for the assigned value of `my_git_ref_of_interest`:\n\n```bash\n#!/bin/bash\n# Present working directory ($PWD) should be in a clone of this repository:\n# https://github.com/casework/CASE-Utilities-Python\nmy_git_ref_of_interest=main\ntest \\\n  \"xea630cce66b26dae6d7fa7e02451d6e25456a5f2\" \\\n  == \\\n  \"x$(git merge-base ea630cc ${my_git_ref_of_interest})\"\necho $?  # Should print '0'\n```\n\nNote that other releases have been posted atop some of those minimal versions recommended for upgrading, named, e.g., `0.5.1.post0`.  These releases were posted to update internal library version numbers, and otherwise contain no functional changes, in accordance with Python Packaging guidance:\n\n* https://packaging.python.org/en/latest/specifications/version-specifiers/#post-release-separators\n\n\n### Workarounds\n_Is there a way for users to fix or remediate the vulnerability without upgrading?_\n\nIf the script calling `cdo_local_uuid.local_uuid()` is moved out of the \"Top\" source directory, the issue is addressed.\n\n\n### References\n_Are there any links users can visit to find out more?_\n\nThe issue is addressed in this Pull Request:\n\n* https://github.com/Cyber-Domain-Ontology/CDO-Utility-Local-UUID/pull/3\n\nTests to reproduce the issue's conditions and confirm it has been addressed are in this Pull Requested:\n\n* https://github.com/Cyber-Domain-Ontology/CDO-Utility-Local-UUID/pull/4\n\n<!--\nCVSS3.1 vector determined by rubric diagrams at this page:\nhttps://www.first.org/cvss/v3.1/user-guide\n-->",
    "permalink": "https://github.com/advisories/GHSA-rgrf-6mf5-m882",
    "publishedAt": "2024-01-11T15:18:51Z",
    "withdrawnAt": null,
    "identifiers": [
        {
            "type": "GHSA",
            "value": "GHSA-rgrf-6mf5-m882"
        },
        {
            "type": "CVE",
            "value": "CVE-2024-22194"
        }
    ]
}