{
    "ghsaId": "GHSA-xqfj-cr6q-pc8w",
    "severity": "LOW",
    "summary": "Crash in `tf.transpose` with complex inputs",
    "description": "### Impact\nPassing a complex argument to `tf.transpose` at the same time as passing `conjugate=True` argument results in a crash:\n\n```python \nimport tensorflow as tf\ntf.transpose(conjugate=True, a=complex(1))\n```\n\n### Patches\nWe have received a patch for the issue in GitHub commit [1dc6a7ce6e0b3e27a7ae650bfc05b195ca793f88](https://github.com/tensorflow/tensorflow/commit/1dc6a7ce6e0b3e27a7ae650bfc05b195ca793f88).\n\nThe fix will be included in TensorFlow 2.5.0. We will also cherrypick this commit on TensorFlow 2.4.2, TensorFlow 2.3.3, TensorFlow 2.2.3 and TensorFlow 2.1.4, as these are also affected and still in supported range.\n\n### For more information\nPlease consult [our security guide](https://github.com/tensorflow/tensorflow/blob/master/SECURITY.md) for more information regarding the security model and how to contact us with issues and questions.\n\n### Attribution\nThis vulnerability has been reported in [#42105](https://github.com/tensorflow/issues/42105) and fixed in [#46973](https://github.com/tensorflow/issues/46973).",
    "permalink": "https://github.com/advisories/GHSA-xqfj-cr6q-pc8w",
    "publishedAt": "2021-05-21T14:28:58Z",
    "withdrawnAt": null,
    "identifiers": [
        {
            "type": "GHSA",
            "value": "GHSA-xqfj-cr6q-pc8w"
        },
        {
            "type": "CVE",
            "value": "CVE-2021-29618"
        }
    ]
}