{
    "ghsaId": "GHSA-hqfx-4x4w-vmwp",
    "severity": "LOW",
    "summary": "Openstack nova qcow format could expose host filesystem information",
    "description": "Versions of nova before 2012.1 could expose hypervisor host files to a guest operating system when processing a maliciously constructed qcow filesystem.",
    "permalink": "https://github.com/advisories/GHSA-hqfx-4x4w-vmwp",
    "publishedAt": "2022-04-22T00:24:07Z",
    "withdrawnAt": null,
    "identifiers": [
        {
            "type": "GHSA",
            "value": "GHSA-hqfx-4x4w-vmwp"
        },
        {
            "type": "CVE",
            "value": "CVE-2011-3147"
        }
    ]
}