{
    "ghsaId": "GHSA-9xpj-62mm-24h2",
    "severity": "LOW",
    "summary": "Apache Airflow does not return the \"Cache-Control\" header for dynamic content",
    "description": "Use of Web Browser Cache Containing Sensitive Information vulnerability in Apache Airflow.\u00a0\n\nAirflow did not return \"Cache-Control\" header for dynamic content, which in case of some browsers could result in potentially storing sensitive data in local cache of the browser.\n\nThis issue affects Apache Airflow: before 2.9.2.\n\nUsers are recommended to upgrade to version 2.9.2, which fixes the issue.\n\n",
    "permalink": "https://github.com/advisories/GHSA-9xpj-62mm-24h2",
    "publishedAt": "2024-06-14T09:31:17Z",
    "withdrawnAt": null,
    "identifiers": [
        {
            "type": "GHSA",
            "value": "GHSA-9xpj-62mm-24h2"
        },
        {
            "type": "CVE",
            "value": "CVE-2024-25142"
        }
    ]
}