{
    "ghsaId": "GHSA-4wph-9vrm-6v3w",
    "severity": "LOW",
    "summary": "Rdiffweb vulnerable to Missing Authentication for Critical Function",
    "description": "Missing Authentication for Critical Function in GitHub repository ikus060/rdiffweb prior to 2.5.0a6.",
    "permalink": "https://github.com/advisories/GHSA-4wph-9vrm-6v3w",
    "publishedAt": "2022-11-16T19:00:32Z",
    "withdrawnAt": null,
    "identifiers": [
        {
            "type": "GHSA",
            "value": "GHSA-4wph-9vrm-6v3w"
        },
        {
            "type": "CVE",
            "value": "CVE-2022-4018"
        }
    ]
}