{
    "ghsaId": "GHSA-4278-2v5v-65r4",
    "severity": "LOW",
    "summary": "Heap buffer overflow in `RaggedBinCount`",
    "description": "### Impact\nIf the `splits` argument of `RaggedBincount` does not specify a valid [`SparseTensor`](https://www.tensorflow.org/api_docs/python/tf/sparse/SparseTensor), then an attacker can trigger a heap buffer overflow:\n\n```python\nimport tensorflow as tf\ntf.raw_ops.RaggedBincount(splits=[0], values=[1,1,1,1,1], size=5, weights=[1,2,3,4], binary_output=False)\n```\n\nThis will cause a read from outside the bounds of the `splits` tensor buffer in the [implementation of the `RaggedBincount` op](https://github.com/tensorflow/tensorflow/blob/8b677d79167799f71c42fd3fa074476e0295413a/tensorflow/core/kernels/bincount_op.cc#L430-L433):\n\n```cc\n    for (int idx = 0; idx < num_values; ++idx) {\n      while (idx >= splits(batch_idx)) {\n        batch_idx++;\n      }\n      ...\n    }\n```\n\nBefore the `for` loop, `batch_idx` is set to 0. The user controls the `splits` array, making it contain only one element, 0. Thus, the code in the `while` loop would increment `batch_idx` and then try to read `splits(1)`, which is outside of bounds.\n\n### Patches\nWe have patched the issue in GitHub commit [eebb96c2830d48597d055d247c0e9aebaea94cd5](https://github.com/tensorflow/tensorflow/commit/eebb96c2830d48597d055d247c0e9aebaea94cd5).\n\nThe fix will be included in TensorFlow 2.5.0. We will also cherrypick this commit on TensorFlow 2.4.2 and TensorFlow 2.3.3, as these are also affected.\n\n### For more information\nPlease consult [our security guide](https://github.com/tensorflow/tensorflow/blob/master/SECURITY.md) for more information regarding the security model and how to contact us with issues and questions.\n\n### Attribution\nThis vulnerability has been reported by members of the Aivul Team from Qihoo 360.",
    "permalink": "https://github.com/advisories/GHSA-4278-2v5v-65r4",
    "publishedAt": "2021-05-21T14:20:40Z",
    "withdrawnAt": null,
    "identifiers": [
        {
            "type": "GHSA",
            "value": "GHSA-4278-2v5v-65r4"
        },
        {
            "type": "CVE",
            "value": "CVE-2021-29512"
        }
    ]
}