{
    "ghsaId": "GHSA-9cfv-9463-8gqv",
    "severity": "LOW",
    "summary": "freewvs vulnerable to denial of service through large files",
    "description": "### Impact\nA user could create a large file that freewvs will try to read, which will terminate a scan process.\n\n### Patches\nThis has been patched by limiting the data freewvs reads:\nhttps://github.com/schokokeksorg/freewvs/commit/18bbf2043e53f69e0119d24f8ae4edb274afb9b2",
    "permalink": "https://github.com/advisories/GHSA-9cfv-9463-8gqv",
    "publishedAt": "2024-08-30T18:43:57Z",
    "withdrawnAt": null,
    "identifiers": [
        {
            "type": "GHSA",
            "value": "GHSA-9cfv-9463-8gqv"
        },
        {
            "type": "CVE",
            "value": "CVE-2020-15100"
        }
    ]
}