{
    "ghsaId": "GHSA-99r4-cjp4-3hmx",
    "severity": "LOW",
    "summary": "vantage6 collaboration admins can extend their influence by expanding the collaboration",
    "description": "### Impact\nCollaboration administrators can add extra organizations to their collaboration. When doing that, they extend their influence: for instance, for organizations that they include, they can then create new users for which they know the passwords, and use that to read task results of other collaborations that that organization is involved in.\n\nOnly relatively trusted users - with access to manage a collaboration - are able to do this, which reduces the impact.\n\n### Patches\nNo\n\n### Workarounds\nNo\n\n",
    "permalink": "https://github.com/advisories/GHSA-99r4-cjp4-3hmx",
    "publishedAt": "2024-05-22T15:49:14Z",
    "withdrawnAt": null,
    "identifiers": [
        {
            "type": "GHSA",
            "value": "GHSA-99r4-cjp4-3hmx"
        },
        {
            "type": "CVE",
            "value": "CVE-2024-32969"
        }
    ]
}