{
    "ghsaId": "GHSA-rjmv-52mp-gjrr",
    "severity": "LOW",
    "summary": "vantage6 may create unencrypted tasks in encrypted collaboration",
    "description": "### Impact\nThere are no checks on whether the input is encrypted if a task is created in an encrypted collaboration. Therefore, a user may accidentally create a task with sensitive input data that will then be stored unencrypted in a database.\n\n### Workarounds\nThis is not an issue with the normal workflow, only if e.g. a user with the python client sets encryption to the wrong value.",
    "permalink": "https://github.com/advisories/GHSA-rjmv-52mp-gjrr",
    "publishedAt": "2024-01-30T20:56:50Z",
    "withdrawnAt": null,
    "identifiers": [
        {
            "type": "GHSA",
            "value": "GHSA-rjmv-52mp-gjrr"
        },
        {
            "type": "CVE",
            "value": "CVE-2024-22193"
        }
    ]
}