{
    "ghsaId": "GHSA-jj7c-jrv4-c65x",
    "severity": "LOW",
    "summary": "plone.namedfile vulnerable to Stored Cross Site Scripting with SVG images",
    "description": "### Impact\nThere is a stored cross site scripting vulnerability for SVG images. A [security hotfix from 2021](https://github.com/plone/Products.PloneHotfix20210518) already partially fixed this,  by making sure SVG images are always downloaded instead of shown inline. But the same problem still exists for scales of SVG images.\n\nNote that an image tag with an SVG image as source is not vulnerable, even when the SVG image contains malicious code. To exploit the vulnerability, an attacker would first need to upload an image, and then trick a user into following a specially crafted link.\n\nAll versions of `plone.namedfile` are impacted.\n\n### Patches\nPatches will be released in various `plone.namedfile` releases:\n\n* 5.6.1 (for Plone 5.2)\n* 6.0.3 (for Plone 6.0.0-6.0.4)\n* 6.1.3 (for Plone 6.0.5-6.0.6)\n* 6.2.1 (for Plone 6.0.7)\n\n### Workarounds\nThere is no workaround.",
    "permalink": "https://github.com/advisories/GHSA-jj7c-jrv4-c65x",
    "publishedAt": "2023-09-21T17:14:58Z",
    "withdrawnAt": null,
    "identifiers": [
        {
            "type": "GHSA",
            "value": "GHSA-jj7c-jrv4-c65x"
        },
        {
            "type": "CVE",
            "value": "CVE-2023-41048"
        }
    ]
}