{
    "ghsaId": "GHSA-vwxc-3cfr-37jq",
    "severity": "LOW",
    "summary": "GoLismero symlink attack",
    "description": "libs/updater.py in GoLismero 0.6.3, and other versions before Git revision 2b3bb43d6867, as used in backtrack and possibly other products, allows local users to overwrite arbitrary files via a symlink attack on GoLismero-controlled files, as demonstrated using Admin/changes.dat.",
    "permalink": "https://github.com/advisories/GHSA-vwxc-3cfr-37jq",
    "publishedAt": "2022-05-04T00:27:48Z",
    "withdrawnAt": null,
    "identifiers": [
        {
            "type": "GHSA",
            "value": "GHSA-vwxc-3cfr-37jq"
        },
        {
            "type": "CVE",
            "value": "CVE-2012-0054"
        }
    ]
}