{
    "ghsaId": "GHSA-fj24-ghp9-39v3",
    "severity": "LOW",
    "summary": "Ansible uses a socket with predictable filename in /tmp",
    "description": "`runner/connection_plugins/ssh.py` in Ansible before 1.2.3, when using `ControlPersist`, allows local users to redirect a ssh session via a symlink attack on a socket file with a predictable name in `/tmp/`.",
    "permalink": "https://github.com/advisories/GHSA-fj24-ghp9-39v3",
    "publishedAt": "2022-05-14T02:03:36Z",
    "withdrawnAt": null,
    "identifiers": [
        {
            "type": "GHSA",
            "value": "GHSA-fj24-ghp9-39v3"
        },
        {
            "type": "CVE",
            "value": "CVE-2013-4259"
        }
    ]
}