{
    "ghsaId": "GHSA-923p-fr2c-g5m2",
    "severity": "LOW",
    "summary": "Exposure of Sensitive Information to an Unauthorized Actor in Ansible",
    "description": "A flaw was found in Ansible 2.7.16 and prior, 2.8.8 and prior, and 2.9.5 and prior when a password is set with the argument \"password\" of svn module, it is used on svn command line, disclosing to other users within the same node. An attacker could take advantage by reading the cmdline file from that particular PID on the procfs.",
    "permalink": "https://github.com/advisories/GHSA-923p-fr2c-g5m2",
    "publishedAt": "2021-04-07T20:30:44Z",
    "withdrawnAt": null,
    "identifiers": [
        {
            "type": "GHSA",
            "value": "GHSA-923p-fr2c-g5m2"
        },
        {
            "type": "CVE",
            "value": "CVE-2020-1739"
        }
    ]
}