{
    "ghsaId": "GHSA-rh87-q4vg-m45j",
    "severity": "LOW",
    "summary": "TensorFlow vulnerable to integer overflow in math ops",
    "description": "### Impact\nWhen [`RangeSize`](https://github.com/tensorflow/tensorflow/blob/master/tensorflow/core/ops/math_ops.cc) receives values that do not fit into an `int64_t`, it crashes.\n```cpp\n  auto size = (std::is_integral<T>::value\n                   ? ((Eigen::numext::abs(limit - start) +\n                       Eigen::numext::abs(delta) - T(1)) /\n                      Eigen::numext::abs(delta))\n                   : (Eigen::numext::ceil(\n                         Eigen::numext::abs((limit - start) / delta))));\n\n  // This check does not cover all cases.\n  if (size > std::numeric_limits<int64_t>::max()) {\n    return errors::InvalidArgument(\"Requires ((limit - start) / delta) <= \",\n                                   std::numeric_limits<int64_t>::max());\n  }\n\n  c->set_output(0, c->Vector(static_cast<int64_t>(size)));\n  return Status::OK();\n}\n```\n\n### Patches\nWe have patched the issue in GitHub commit [37e64539cd29fcfb814c4451152a60f5d107b0f0](https://github.com/tensorflow/tensorflow/commit/37e64539cd29fcfb814c4451152a60f5d107b0f0).\nThe fix will be included in TensorFlow 2.10.0. We will also cherrypick this commit on TensorFlow 2.9.1, TensorFlow 2.8.1, and TensorFlow 2.7.2, as these are also affected and still in supported range.\n\n\n### For more information\nPlease consult [our security guide](https://github.com/tensorflow/tensorflow/blob/master/SECURITY.md) for more information regarding the security model and how to contact us with issues and questions.\n",
    "permalink": "https://github.com/advisories/GHSA-rh87-q4vg-m45j",
    "publishedAt": "2022-09-16T21:20:28Z",
    "withdrawnAt": null,
    "identifiers": [
        {
            "type": "GHSA",
            "value": "GHSA-rh87-q4vg-m45j"
        },
        {
            "type": "CVE",
            "value": "CVE-2022-36015"
        }
    ]
}