{
    "ghsaId": "GHSA-rxrm-xvp4-jqvh",
    "severity": "LOW",
    "summary": "OpenStack Keystone Sensitive information disclosure via log files",
    "description": "OpenStack Identity (Keystone) Grizzly 2013.1.1, when DEBUG mode logging is enabled, logs the (1) admin_token and (2) LDAP password in plaintext, which allows local users to obtain sensitive by reading the log file.",
    "permalink": "https://github.com/advisories/GHSA-rxrm-xvp4-jqvh",
    "publishedAt": "2022-05-17T04:44:52Z",
    "withdrawnAt": null,
    "identifiers": [
        {
            "type": "GHSA",
            "value": "GHSA-rxrm-xvp4-jqvh"
        },
        {
            "type": "CVE",
            "value": "CVE-2013-2006"
        }
    ]
}