{
    "ghsaId": "GHSA-9gcf-pq99-rjw3",
    "severity": "LOW",
    "summary": "RPLY Predictable Tmpfile Names Allows Cache Spoofing",
    "description": "The parser cache functionality in parsergenerator.py in RPLY (aka python-rply) before 0.7.1 allows local users to spoof cache data by pre-creating a temporary rply-*.json file with a predictable name.",
    "permalink": "https://github.com/advisories/GHSA-9gcf-pq99-rjw3",
    "publishedAt": "2022-05-17T01:27:10Z",
    "withdrawnAt": null,
    "identifiers": [
        {
            "type": "GHSA",
            "value": "GHSA-9gcf-pq99-rjw3"
        },
        {
            "type": "CVE",
            "value": "CVE-2014-1604"
        }
    ]
}