{
    "ghsaId": "GHSA-2w87-5qcj-j6gx",
    "severity": "LOW",
    "summary": "OpenStack Compute (Nova) Denial of service due to improper validation of virtual size of QCOW2 image",
    "description": "OpenStack Compute (Nova) Folsom, Grizzly, and Havana, when use_cow_images is set to False, does not verify the virtual size of a QCOW2 image, which allows local users to cause a denial of service (host file system disk consumption) by transferring an image with a large virtual size that does not contain a large amount of data from Glance.  NOTE: this issue is due to an incomplete fix for CVE-2013-2096.",
    "permalink": "https://github.com/advisories/GHSA-2w87-5qcj-j6gx",
    "publishedAt": "2022-05-17T04:41:34Z",
    "withdrawnAt": null,
    "identifiers": [
        {
            "type": "GHSA",
            "value": "GHSA-2w87-5qcj-j6gx"
        },
        {
            "type": "CVE",
            "value": "CVE-2013-4469"
        }
    ]
}