{
    "ghsaId": "GHSA-c8w9-83vg-r8vv",
    "severity": "LOW",
    "summary": "OpenStack Glance is vulnerable to Exposure of Sensitive Information",
    "description": "The v1 API in OpenStack Glance Essex (2012.1), Folsom (2012.2), and Grizzly, when using the single-tenant Swift or S3 store, reports the location field, which allows remote authenticated users to obtain the operator's backend credentials via a request for a cached image.",
    "permalink": "https://github.com/advisories/GHSA-c8w9-83vg-r8vv",
    "publishedAt": "2022-05-17T01:36:25Z",
    "withdrawnAt": null,
    "identifiers": [
        {
            "type": "GHSA",
            "value": "GHSA-c8w9-83vg-r8vv"
        },
        {
            "type": "CVE",
            "value": "CVE-2013-1840"
        }
    ]
}