{
    "ghsaId": "GHSA-gxjj-f44v-qm94",
    "severity": "LOW",
    "summary": "Open Redirect in Flask-Security-Too",
    "description": "# Withdrawn\n\nDuplicate of GHSA-6qmf-fj6m-686c\n\n# Original description\n\nFlask-Security-Too allows redirects after many successful views (e.g. /login) by honoring the ?next query param. There is code in FS to validate that the url specified in the next parameter is either relative OR has the same netloc (network location) as the requesting URL.\n\nThis check utilizes Pythons urlsplit library. However many browsers are very lenient on the kind of URL they accept and 'fill in the blanks' when presented with a possibly incomplete URL. As a concrete example - setting http://login?next=\\\\\\github.com\nwill pass FS's relative URL check however many browsers will gladly convert this to http://github.com. Thus an attacker could send such a link to an unwitting user, using a legitimate site and have it redirect to whatever site they want.\n\nThis is considered a low severity due to the fact that if Werkzeug is used (which is very common with Flask applications) as the WSGI layer, it by default ALWAYS ensures that the Location header is absolute - thus making this attack vector mute. It is possible for application writers to modify this default behavior by setting the 'autocorrect_location_header=False`.",
    "permalink": "https://github.com/advisories/GHSA-gxjj-f44v-qm94",
    "publishedAt": "2021-12-14T18:14:04Z",
    "withdrawnAt": "2021-05-27T19:07:52Z",
    "identifiers": [
        {
            "type": "GHSA",
            "value": "GHSA-gxjj-f44v-qm94"
        }
    ]
}