{
    "ghsaId": "GHSA-hhpj-6pj7-wpx5",
    "severity": "LOW",
    "summary": "OpenStack Neutron Race condition vulnerability",
    "description": "Race condition in OpenStack Neutron before 2014.2.4 and 2015.1 before 2015.1.2, when using the ML2 plugin or the security groups AMQP API, allows remote authenticated users to bypass IP anti-spoofing controls by changing the device owner of a port to start with network: before the security group rules are applied.",
    "permalink": "https://github.com/advisories/GHSA-hhpj-6pj7-wpx5",
    "publishedAt": "2022-05-17T03:52:44Z",
    "withdrawnAt": null,
    "identifiers": [
        {
            "type": "GHSA",
            "value": "GHSA-hhpj-6pj7-wpx5"
        },
        {
            "type": "CVE",
            "value": "CVE-2015-5240"
        }
    ]
}