{
    "ghsaId": "GHSA-45gq-q4xh-cp53",
    "severity": "LOW",
    "summary": "vantage6 vulnerable to username timing attack",
    "description": "### Impact\nIt is possible to find out usernames from the response time of login requests. This could aid attackers in credential attacks\n\n### Workarounds\nNo\n",
    "permalink": "https://github.com/advisories/GHSA-45gq-q4xh-cp53",
    "publishedAt": "2024-01-30T20:56:48Z",
    "withdrawnAt": null,
    "identifiers": [
        {
            "type": "GHSA",
            "value": "GHSA-45gq-q4xh-cp53"
        },
        {
            "type": "CVE",
            "value": "CVE-2024-21671"
        }
    ]
}