{
    "ghsaId": "GHSA-g468-qj8g-vcjc",
    "severity": "LOW",
    "summary": "TensorFlow vulnerable to `CHECK`-fail in `tensorflow::full_type::SubstituteFromAttrs`",
    "description": "### Impact\nWhen [`tensorflow::full_type::SubstituteFromAttrs`](https://github.com/tensorflow/tensorflow/blob/master/tensorflow/core/ops/math_ops.cc) receives a `FullTypeDef& t` that is not exactly three args, it triggers a `CHECK`-fail instead of returning a status.\n```cpp\nStatus SubstituteForEach(AttrMap& attrs, FullTypeDef& t) {\n  DCHECK_EQ(t.args_size(), 3);\n\n  const auto& cont = t.args(0);\n  const auto& tmpl = t.args(1);\n  const auto& t_var = t.args(2);\n```\n\n### Patches\nWe have patched the issue in GitHub commit [6104f0d4091c260ce9352f9155f7e9b725eab012](https://github.com/tensorflow/tensorflow/commit/6104f0d4091c260ce9352f9155f7e9b725eab012).\nThe fix will be included in TensorFlow 2.10.0. We will also cherrypick this commit on TensorFlow 2.9.1, TensorFlow 2.8.1, and TensorFlow 2.7.2, as these are also affected and still in supported range.\n\n\n### For more information\nPlease consult [our security guide](https://github.com/tensorflow/tensorflow/blob/master/SECURITY.md) for more information regarding the security model and how to contact us with issues and questions.\n",
    "permalink": "https://github.com/advisories/GHSA-g468-qj8g-vcjc",
    "publishedAt": "2022-09-16T21:22:51Z",
    "withdrawnAt": null,
    "identifiers": [
        {
            "type": "GHSA",
            "value": "GHSA-g468-qj8g-vcjc"
        },
        {
            "type": "CVE",
            "value": "CVE-2022-36016"
        }
    ]
}