{
    "ghsaId": "GHSA-qvpr-qm6w-6rcc",
    "severity": "LOW",
    "summary": "OpenStack Keystone intended authorization restrictions bypass",
    "description": "OpenStack Keystone Essex (2012.1) and Folsom (2012.2) does not properly handle EC2 tokens when the user role has been removed from a tenant, which allows remote authenticated users to bypass intended authorization restrictions by leveraging a token for the removed user role.",
    "permalink": "https://github.com/advisories/GHSA-qvpr-qm6w-6rcc",
    "publishedAt": "2022-05-17T01:39:21Z",
    "withdrawnAt": null,
    "identifiers": [
        {
            "type": "GHSA",
            "value": "GHSA-qvpr-qm6w-6rcc"
        },
        {
            "type": "CVE",
            "value": "CVE-2012-5571"
        }
    ]
}