{
    "ghsaId": "GHSA-cvcc-5x92-gmhc",
    "severity": "LOW",
    "summary": "SaltStack Salt Improper Authentication via Man in the Middle Attack",
    "description": "An issue was discovered in SaltStack Salt in versions before 3002.8, 3003.4, 3004.1. A minion authentication denial of service can cause a MiTM attacker to force a minion process to stop by impersonating a master.",
    "permalink": "https://github.com/advisories/GHSA-cvcc-5x92-gmhc",
    "publishedAt": "2022-03-30T00:00:20Z",
    "withdrawnAt": null,
    "identifiers": [
        {
            "type": "GHSA",
            "value": "GHSA-cvcc-5x92-gmhc"
        },
        {
            "type": "CVE",
            "value": "CVE-2022-22935"
        }
    ]
}