{
    "ghsaId": "GHSA-9w4f-3v37-6f75",
    "severity": "LOW",
    "summary": "ceph-deploy allows local users to obtain sensitive information by reading the file",
    "description": "ceph-deploy before 1.5.23 uses weak permissions (644) for `ceph/ceph.client.admin.keyring`, which allows local users to obtain sensitive information by reading the file.",
    "permalink": "https://github.com/advisories/GHSA-9w4f-3v37-6f75",
    "publishedAt": "2022-05-17T03:33:24Z",
    "withdrawnAt": null,
    "identifiers": [
        {
            "type": "GHSA",
            "value": "GHSA-9w4f-3v37-6f75"
        },
        {
            "type": "CVE",
            "value": "CVE-2015-3010"
        }
    ]
}