{
    "ghsaId": "GHSA-43cm-73px-5v4m",
    "severity": "LOW",
    "summary": "OpenStack Compute (Nova) Resource limit circumvention in Nova private flavors",
    "description": "The \"create an instance\" API in OpenStack Compute (Nova) Folsom, Grizzly, and Havana does not properly enforce the os-flavor-access:is_public property, which allows remote authenticated users to boot arbitrary flavors by guessing the flavor id.  NOTE: this issue is due to an incomplete fix for CVE-2013-2256.",
    "permalink": "https://github.com/advisories/GHSA-43cm-73px-5v4m",
    "publishedAt": "2022-05-17T05:04:20Z",
    "withdrawnAt": null,
    "identifiers": [
        {
            "type": "GHSA",
            "value": "GHSA-43cm-73px-5v4m"
        },
        {
            "type": "CVE",
            "value": "CVE-2013-4278"
        }
    ]
}