{
    "ghsaId": "GHSA-5644-2v3h-5w4x",
    "severity": "LOW",
    "summary": "OpenStack Nova denial of service through compressed disk images",
    "description": "OpenStack Compute (Nova) Folsom, Grizzly, and Havana does not properly verify the virtual size of a QCOW2 image, which allows local users to cause a denial of service (host file system disk consumption) via a compressed QCOW2 image.  NOTE: this issue is due to an incomplete fix for CVE-2013-2096.",
    "permalink": "https://github.com/advisories/GHSA-5644-2v3h-5w4x",
    "publishedAt": "2022-05-17T04:41:48Z",
    "withdrawnAt": null,
    "identifiers": [
        {
            "type": "GHSA",
            "value": "GHSA-5644-2v3h-5w4x"
        },
        {
            "type": "CVE",
            "value": "CVE-2013-4463"
        }
    ]
}