{
    "ghsaId": "GHSA-7wgr-7666-7pwj",
    "severity": "LOW",
    "summary": "Path Traversal in openapi-python-client",
    "description": "### Impact\nPath traversal vulnerability. If a user generated a client using a maliciously crafted OpenAPI document, it is possible for generated files to be placed in arbitrary locations on disk.\n\nGiving this a CVSS score of 3.0 (Low) with CVSS:3.0/AV:N/AC:H/PR:L/UI:R/S:C/C:N/I:L/A:N/E:P/RL:U/RC:C\n\n### Patches\nA fix is being worked on for version 0.5.3\n\n### Workarounds\nInspect OpenAPI documents before generating clients for them.\n\n### For more information\nIf you have any questions or comments about this advisory:\n* Open an issue in [openapi-python-client](https://github.com/triaxtec/openapi-python-client/issues)\n* Email us at [danthony@triaxtec.com](mailto:danthony@triaxtec.com)",
    "permalink": "https://github.com/advisories/GHSA-7wgr-7666-7pwj",
    "publishedAt": "2020-08-20T14:38:13Z",
    "withdrawnAt": null,
    "identifiers": [
        {
            "type": "GHSA",
            "value": "GHSA-7wgr-7666-7pwj"
        },
        {
            "type": "CVE",
            "value": "CVE-2020-15141"
        }
    ]
}