{
    "ghsaId": "GHSA-6prw-8xhm-h247",
    "severity": "LOW",
    "summary": "Salt uses weak permissions on the cache data",
    "description": "The state.sls function in Salt before 2015.8.3 uses weak permissions on the cache data, which allows local users to obtain sensitive information by reading the file.",
    "permalink": "https://github.com/advisories/GHSA-6prw-8xhm-h247",
    "publishedAt": "2022-05-17T02:57:25Z",
    "withdrawnAt": null,
    "identifiers": [
        {
            "type": "GHSA",
            "value": "GHSA-6prw-8xhm-h247"
        },
        {
            "type": "CVE",
            "value": "CVE-2015-8034"
        }
    ]
}