{
    "ghsaId": "GHSA-32ff-4g79-vgfc",
    "severity": "LOW",
    "summary": "Flask-AppBuilder before v4.1.3 allows inference of sensitive information through query strings",
    "description": "### Impact\nAn authenticated Admin user could craft HTTP requests to filter users by their salted and hashed passwords strings. These filters could be made by using partial hashed password strings. The response would not include the hashed passwords, but an attacker could infer partial password hashes and their respective users.\n\nOnly when using `AUTH_DB` database authentication option.\n\n### Patches\nFixed on 4.1.3\n\n### For more information\nIf you have any questions or comments about this advisory:\n* Open an issue in [example link to repo](http://example.com)\n* Email us at [example email address](mailto:example@example.com)",
    "permalink": "https://github.com/advisories/GHSA-32ff-4g79-vgfc",
    "publishedAt": "2022-07-29T22:28:12Z",
    "withdrawnAt": null,
    "identifiers": [
        {
            "type": "GHSA",
            "value": "GHSA-32ff-4g79-vgfc"
        },
        {
            "type": "CVE",
            "value": "CVE-2022-31177"
        }
    ]
}