{
    "ghsaId": "GHSA-p3f3-5ccg-83xq",
    "severity": "LOW",
    "summary": "dbt has an implicit override for built-in materializations from installed packages",
    "description": "### Impact\n_What kind of vulnerability is it? Who is impacted?_\n\nWhen a user installs a [package](https://docs.getdbt.com/docs/build/packages) in dbt, it has the ability to override macros, materializations, and other core components of dbt. This is by design, as it allows packages to extend and customize dbt's functionality. However, this also means that a malicious package could potentially override these components with harmful code.\n\n### Patches\n_Has the problem been patched? What versions should users upgrade to?_\n\nFixed on 1.8.0, and patched for 1.6.14 and 1.7.14 releases.\n\n### Workarounds\n_Is there a way for users to fix or remediate the vulnerability without upgrading?_\n\nPreviously, a materialization defined in a package that shared a name with one of the built-in materializations would be preferred by default, without user action which is surprising and makes it more difficult to detect the insecure behaviour. We've changed the default behaviour to require explicit overrides by users in `1.8.0`, and provided the ability to opt-out of built-in materialization overrides in 1.6 and 1.7 via the `flags.require_explicit_package_overrides_for_builtin_materializations: False` configuration in `dbt_project.yml`\n\nVersions older than 1.6 are EOL.\n\n### References\n_Are there any links users can visit to find out more?_\n* dbt documentation: https://docs.getdbt.com/reference/global-configs/legacy-behaviors#behavior-change-flags\n* https://www.elementary-data.com/post/are-dbt-packages-secure-the-answer-lies-in-your-dwh-policies\n* https://www.equalexperts.com/blog/tech-focus/are-you-at-risk-from-this-critical-dbt-vulnerability/\n* https://tempered.works/posts/2024/07/06/preventing-data-theft-with-gcp-service-controls/",
    "permalink": "https://github.com/advisories/GHSA-p3f3-5ccg-83xq",
    "publishedAt": "2024-07-17T15:52:57Z",
    "withdrawnAt": null,
    "identifiers": [
        {
            "type": "GHSA",
            "value": "GHSA-p3f3-5ccg-83xq"
        },
        {
            "type": "CVE",
            "value": "CVE-2024-40637"
        }
    ]
}