{
    "ghsaId": "GHSA-2p94-8669-xg86",
    "severity": "LOW",
    "summary": "Vyper's sqrt doesn't define rounding behavior",
    "description": "Vyper's `sqrt()` builtin uses the babylonian method to calculate square roots of decimals. Unfortunately, improper handling of the oscillating final states may lead to sqrt incorrectly returning rounded up results.\n\nthe fix is tracked in https://github.com/vyperlang/vyper/pull/4486\n\n### Vulnerability Details\n\nVyper injects the following code to handle calculation of decimal sqrt. x is the input provided by user.\n```python\nassert x >= 0.0\nz: decimal = 0.0\n\nif x == 0.0:\n    z = 0.0\nelse:\n    z = x / 2.0 + 0.5\n    y: decimal = x\n\n    for i: uint256 in range(256):\n        if z == y:\n            break\n        y = z\n        z = (x / z + z) / 2.0\n```\nNotably, the terminal condition of the algorithm is either `z_cur == z_prev`, or the algorithm runs for 256 rounds.\n\nHowever, for certain inputs, `z` might actually oscillate between `N` and `N + epsilon`, where `N ** 2 <= x < (N + epsilon) ** 2`. This means that the current behavior does not define whether it will round up or down to the nearest epsilon.\n\nThe example snippet here returns 0.9999999999, the rounded up result for sqrt(0.9999999998). This is due to the oscillation ending in N + epsilon instead of N.\n```vyper\n@external\ndef test():\n    d: decimal = 0.9999999998\n    r: decimal = sqrt(d)    #this will be 0.9999999999\n```\n\nNote that `sqrt()` diverges from `isqrt()` here -- `isqrt()` consistently rounds down, so it is not subject to the same issue.\n\n### Impact Details\n\nSince `sqrt()` can be used for determining boundary conditions, rounding down is preferred. However, since `sqrt()` is used very rarely in the wild, this advisory has been assigned an impact of `low`.",
    "permalink": "https://github.com/advisories/GHSA-2p94-8669-xg86",
    "publishedAt": "2025-02-21T22:43:30Z",
    "withdrawnAt": null,
    "identifiers": [
        {
            "type": "GHSA",
            "value": "GHSA-2p94-8669-xg86"
        },
        {
            "type": "CVE",
            "value": "CVE-2025-26622"
        }
    ]
}