{
    "ghsaId": "GHSA-q47p-v5rw-v574",
    "severity": "LOW",
    "summary": "Ankitects Anki LaTeX Blocklist Bypass vulnerability",
    "description": "A blocklist bypass vulnerability exists in the LaTeX functionality of Ankitects Anki 24.04. A specially crafted malicious flashcard can lead to an arbitrary file creation at a fixed path. An attacker can share a malicious flashcard to trigger this vulnerability.",
    "permalink": "https://github.com/advisories/GHSA-q47p-v5rw-v574",
    "publishedAt": "2024-07-22T15:32:41Z",
    "withdrawnAt": null,
    "identifiers": [
        {
            "type": "GHSA",
            "value": "GHSA-q47p-v5rw-v574"
        },
        {
            "type": "CVE",
            "value": "CVE-2024-32152"
        }
    ]
}