{
    "ghsaId": "GHSA-vp9j-rghq-8jhh",
    "severity": "LOW",
    "summary": "Exposure of Resource to Wrong Sphere and Insecure Temporary File in Ansible",
    "description": "An incomplete fix was found for the fix of the flaw CVE-2020-1733 ansible insecure temporary directory when running become_user from become directive. The provided fix is insufficient to prevent the race condition on systems using ACLs and FUSE filesystems. Ansible Engine 2.7.18, 2.8.12, and 2.9.9 as well as previous versions are affected and Ansible Tower 3.4.5, 3.5.6 and 3.6.4 as well as previous versions are affected.",
    "permalink": "https://github.com/advisories/GHSA-vp9j-rghq-8jhh",
    "publishedAt": "2022-02-09T21:59:42Z",
    "withdrawnAt": null,
    "identifiers": [
        {
            "type": "GHSA",
            "value": "GHSA-vp9j-rghq-8jhh"
        },
        {
            "type": "CVE",
            "value": "CVE-2020-10744"
        }
    ]
}