{
    "ghsaId": "GHSA-84mw-34w6-2q43",
    "severity": "LOW",
    "summary": "Null pointer dereference via invalid Ragged Tensors",
    "description": "### Impact\nCalling `tf.raw_ops.RaggedTensorToVariant` with arguments specifying an invalid ragged tensor results in a null pointer dereference:\n\n```python\nimport tensorflow as tf\n\ninput_tensor = tf.constant([], shape=[0, 0, 0, 0, 0], dtype=tf.float32)\nfilter_tensor = tf.constant([], shape=[0, 0, 0, 0, 0], dtype=tf.float32)\n\ntf.raw_ops.Conv3D(input=input_tensor, filter=filter_tensor, strides=[1, 56, 56, 56, 1], padding='VALID', data_format='NDHWC', dilations=[1, 1, 1, 23, 1])\n```\n\n```python\nimport tensorflow as tf\n\ninput_tensor = tf.constant([], shape=[2, 2, 2, 2, 0], dtype=tf.float32)\nfilter_tensor = tf.constant([], shape=[0, 0, 2, 6, 2], dtype=tf.float32)\n\ntf.raw_ops.Conv3D(input=input_tensor, filter=filter_tensor, strides=[1, 56, 39, 34, 1], padding='VALID', data_format='NDHWC', dilations=[1, 1, 1, 1, 1])\n```\n\nThe implementation of [`RaggedTensorToVariant` operations](https://github.com/tensorflow/tensorflow/blob/904b3926ed1c6c70380d5313d282d248a776baa1/tensorflow/core/kernels/ragged_tensor_to_variant_op.cc#L39-L40) does not validate that the ragged tensor argument is non-empty:\n\n```cc\n  int ragged_rank = batched_ragged.ragged_rank();\n  auto batched_splits_top_vec = batched_ragged.splits(0).vec<SPLIT_TYPE>();\n```\n\nSince `batched_ragged` contains no elements, `batched_ragged.splits` is a null vector, thus `batched_ragged.splits(0)` will result in  dereferencing `nullptr`.\n\n### Patches\nWe have patched the issue in GitHub commit [b055b9c474cd376259dde8779908f9eeaf097d93](https://github.com/tensorflow/tensorflow/commit/b055b9c474cd376259dde8779908f9eeaf097d93).\n\nThe fix will be included in TensorFlow 2.5.0. We will also cherrypick this commit on TensorFlow 2.4.2, TensorFlow 2.3.3, TensorFlow 2.2.3 and TensorFlow 2.1.4, as these are also affected and still in supported range.\n\n### For more information\nPlease consult [our security guide](https://github.com/tensorflow/tensorflow/blob/master/SECURITY.md) for more information regarding the security model and how to contact us with issues and questions.\n\n### Attribution\nThis vulnerability has been reported by Yakun Zhang and Ying Wang of Baidu X-Team.",
    "permalink": "https://github.com/advisories/GHSA-84mw-34w6-2q43",
    "publishedAt": "2021-05-21T14:20:58Z",
    "withdrawnAt": null,
    "identifiers": [
        {
            "type": "GHSA",
            "value": "GHSA-84mw-34w6-2q43"
        },
        {
            "type": "CVE",
            "value": "CVE-2021-29516"
        }
    ]
}