{
    "ghsaId": "GHSA-v7vm-rhmg-8j2r",
    "severity": "LOW",
    "summary": "Password Policy Bypass Vulnerability in Fides Webserver User Accept Invite API",
    "description": "### Summary\n\nThe user invite acceptance API endpoint lacks server-side password policy enforcement, allowing users to set arbitrarily weak passwords by bypassing client-side validation. While the UI enforces password complexity requirements, direct API calls can circumvent these checks, enabling the creation of accounts with passwords as short as a single character.\n\n### Details\n\nWhen an email messaging provider is enabled and a new user account is created in the system, an invite email containing a special link is sent to the new user's email address. This link directs the new user to a page where they can set their initial password. While the user interface implements password complexity checks, these validations are only performed client-side. The underlying `/api/v1/user/accept-invite` API endpoint does not implement the same password policy validations.\n\n### Impact\n\nThis vulnerability allows an invited user to set an extremely weak password for their own account during the initial account setup process. Therefore that specific user's account can be compromised easily by an attacker guessing or brute forcing the password.\n\n### Patches\n\nThe vulnerability has been patched in Fides version `2.50.0`. Users are advised to upgrade to this version or later to secure their systems against this threat.\n\n### Workarounds\n\nThere are no workarounds.\n\n### Severity\n\nThis vulnerability has been assigned a severity of LOW.\n\nUsing CVSS v3.1 it could be scored as `CVSS:3.1/AV:N/AC:L/PR:L/UI:R/S:U/C:H/I:N/A:N` (5.7 Medium/Moderate), but the likelihood of a user bypassing client-side password complexity rules to set their own password is very low.  ",
    "permalink": "https://github.com/advisories/GHSA-v7vm-rhmg-8j2r",
    "publishedAt": "2024-11-26T16:36:52Z",
    "withdrawnAt": null,
    "identifiers": [
        {
            "type": "GHSA",
            "value": "GHSA-v7vm-rhmg-8j2r"
        },
        {
            "type": "CVE",
            "value": "CVE-2024-52008"
        }
    ]
}