{
    "ghsaId": "GHSA-xm8r-5wh6-f46f",
    "severity": "LOW",
    "summary": "Timing attack",
    "description": "While each ID is used for only one authentication attempt, a timing attack is possible to figure out in Autobahn.",
    "permalink": "https://github.com/advisories/GHSA-xm8r-5wh6-f46f",
    "publishedAt": "2021-02-24T19:45:15Z",
    "withdrawnAt": "2021-02-24T19:45:15Z",
    "identifiers": [
        {
            "type": "GHSA",
            "value": "GHSA-xm8r-5wh6-f46f"
        }
    ]
}