{
    "ghsaId": "GHSA-jfp7-4j67-8r3q",
    "severity": "LOW",
    "summary": "Heap buffer overflow caused by rounding",
    "description": "### Impact\nAn attacker can trigger a heap buffer overflow in `tf.raw_ops.QuantizedResizeBilinear` by manipulating input values so that float rounding results in off-by-one error in accessing image elements:\n\n```python\nimport tensorflow as tf\n\nl = [256, 328, 361, 17, 361, 361, 361, 361, 361, 361, 361, 361, 361, 361, 384]\nimages = tf.constant(l, shape=[1, 1, 15, 1], dtype=tf.qint32)\nsize = tf.constant([12, 6], shape=[2], dtype=tf.int32)\nmin = tf.constant(80.22522735595703)\nmax = tf.constant(80.39215850830078)\n\ntf.raw_ops.QuantizedResizeBilinear(images=images, size=size, min=min, max=max,\n                                   align_corners=True, half_pixel_centers=True)\n```\n\nThis is because the [implementation](https://github.com/tensorflow/tensorflow/blob/44b7f486c0143f68b56c34e2d01e146ee445134a/tensorflow/core/kernels/quantized_resize_bilinear_op.cc#L62-L66) computes two integers (representing the upper and lower bounds for interpolation) by ceiling and flooring a floating point value:\n\n```cc\nconst float in_f = std::floor(in);\ninterpolation->lower[i] = std::max(static_cast<int64>(in_f), static_cast<int64>(0));\ninterpolation->upper[i] = std::min(static_cast<int64>(std::ceil(in)), in_size - 1);\n```\n  \nFor some values of `in`, `interpolation->upper[i]` might be smaller than `interpolation->lower[i]`. This is an issue if `interpolation->upper[i]` is capped at `in_size-1` as it means that `interpolation->lower[i]` points outside of the image. Then, [in the interpolation code](https://github.com/tensorflow/tensorflow/blob/44b7f486c0143f68b56c34e2d01e146ee445134a/tensorflow/core/kernels/quantized_resize_bilinear_op.cc#L245-L264), this would result in heap buffer overflow:\n\n```cc\ntemplate <int RESOLUTION, typename T, typename T_SCALE, typename T_CALC>\ninline void OutputLerpForChannels(const InterpolationCache<T_SCALE>& xs,\n                                  const int64 x, const T_SCALE ys_ilerp,\n                                  const int channels, const float min,\n                                  const float max, const T* ys_input_lower_ptr,\n                                  const T* ys_input_upper_ptr,\n                                  T* output_y_ptr) {\n  const int64 xs_lower = xs.lower[x];\n  ...\n  for (int c = 0; c < channels; ++c) {\n    const T top_left = ys_input_lower_ptr[xs_lower + c];\n    ...\n  }\n}\n```\n\nFor the other cases where `interpolation->upper[i]` is smaller than `interpolation->lower[i]`, we can set them to be equal without affecting the output.\n\n### Patches\nWe have patched the issue in GitHub commit [f851613f8f0fb0c838d160ced13c134f778e3ce7](https://github.com/tensorflow/tensorflow/commit/f851613f8f0fb0c838d160ced13c134f778e3ce7).\n\nThe fix will be included in TensorFlow 2.5.0. We will also cherrypick this commit on TensorFlow 2.4.2, TensorFlow 2.3.3, TensorFlow 2.2.3 and TensorFlow 2.1.4, as these are also affected and still in supported range.\n\n### For more information\nPlease consult [our security guide](https://github.com/tensorflow/tensorflow/blob/master/SECURITY.md) for more information regarding the security model and how to contact us with issues and questions.\n\n### Attribution\nThis vulnerability has been reported by Ying Wang and Yakun Zhang of Baidu X-Team.",
    "permalink": "https://github.com/advisories/GHSA-jfp7-4j67-8r3q",
    "publishedAt": "2021-05-21T14:22:05Z",
    "withdrawnAt": null,
    "identifiers": [
        {
            "type": "GHSA",
            "value": "GHSA-jfp7-4j67-8r3q"
        },
        {
            "type": "CVE",
            "value": "CVE-2021-29529"
        }
    ]
}