{
    "ghsaId": "GHSA-cvcq-gmc3-q6m8",
    "severity": "LOW",
    "summary": "Apache Airflow logs passwords in plaintext",
    "description": "In Airflow versions prior to 1.10.13, when creating a user using airflow CLI, the password gets logged in plain text in the Log table in Airflow Metadatase. The same happenes when creating a Connection with a password field.",
    "permalink": "https://github.com/advisories/GHSA-cvcq-gmc3-q6m8",
    "publishedAt": "2020-12-17T21:00:56Z",
    "withdrawnAt": null,
    "identifiers": [
        {
            "type": "GHSA",
            "value": "GHSA-cvcq-gmc3-q6m8"
        },
        {
            "type": "CVE",
            "value": "CVE-2020-17511"
        }
    ]
}