{
    "ghsaId": "GHSA-8qw9-gf7w-42x5",
    "severity": "LOW",
    "summary": "Minor fix to previous patch for CVE-2022-35918",
    "description": "### Impact\n\nThe initial vulnerability identified in Streamlit apps using custom components, allowing for directory traversal attacks, was addressed in version 1.11.1. However, a minor issue persisted, which could still potentially expose certain files on the server file-system under specific conditions.\n\n### Patches\n\nWe released an update in version 1.30.0 to further tighten security measures. Users are strongly advised to update to version 1.30.0 immediately for optimal security.\n\n### Workarounds\n\nNo additional workarounds are necessary once the update to version 1.30.0 is applied.\n\n### For more information\n\nIf you have any questions or comments about this advisory:\n* Email us at [security@streamlit.io](mailto:security@streamlit.io)",
    "permalink": "https://github.com/advisories/GHSA-8qw9-gf7w-42x5",
    "publishedAt": "2024-01-12T17:35:21Z",
    "withdrawnAt": null,
    "identifiers": [
        {
            "type": "GHSA",
            "value": "GHSA-8qw9-gf7w-42x5"
        }
    ]
}