{
    "ghsaId": "GHSA-7x6q-3v3m-cwjg",
    "severity": "LOW",
    "summary": "kiwi TCMS has possibility for user to update email address to unverified one",
    "description": "### Impact\nIn previous versions of Kiwi TCMS users were able to update their email addresses via the \"My profile\" admin page. This page allowed them to change the email address registered with their account without the ownership verification performed during account registration.\n\n### Patches\nWith Kiwi TCMS v12.2 or later it is not possible to edit the email field associated with a user account!\n\n### Workarounds\nNo workaround exists.\n\n### References\nDisclosed by [@novemberdad](https://huntr.dev/bounties/1714df73-e639-4d64-ab25-ced82dad9f85/). ",
    "permalink": "https://github.com/advisories/GHSA-7x6q-3v3m-cwjg",
    "publishedAt": "2023-04-24T16:46:14Z",
    "withdrawnAt": null,
    "identifiers": [
        {
            "type": "GHSA",
            "value": "GHSA-7x6q-3v3m-cwjg"
        },
        {
            "type": "CVE",
            "value": "CVE-2023-30544"
        }
    ]
}