{
    "ghsaId": "GHSA-49wm-4fp6-h59c",
    "severity": "LOW",
    "summary": "OctoPrint vulnerable to Unrestricted Upload of File with Dangerous Type",
    "description": "OctoPrint prior to version 1.8.3 is vulnerable to Unrestricted Upload of File with Dangerous Type. Due to misconfiguration in move file functionality, an attacker could easily change the file extension of an uploaded malicious file disguised as a `.gcode` file. Version 1.8.3 contains a patch.",
    "permalink": "https://github.com/advisories/GHSA-49wm-4fp6-h59c",
    "publishedAt": "2022-09-22T00:00:32Z",
    "withdrawnAt": null,
    "identifiers": [
        {
            "type": "GHSA",
            "value": "GHSA-49wm-4fp6-h59c"
        },
        {
            "type": "CVE",
            "value": "CVE-2022-2872"
        }
    ]
}