{
    "ghsaId": "GHSA-79jf-ccm8-43w7",
    "severity": "LOW",
    "summary": "ceph-deploy uses world-readable permissions on client.admin key",
    "description": "The admin command in ceph-deploy before 1.5.25 uses world-readable permissions for `/etc/ceph/ceph.client.admin.keyring`, which allows local users to obtain sensitive information by reading the file.",
    "permalink": "https://github.com/advisories/GHSA-79jf-ccm8-43w7",
    "publishedAt": "2022-05-17T04:12:25Z",
    "withdrawnAt": null,
    "identifiers": [
        {
            "type": "GHSA",
            "value": "GHSA-79jf-ccm8-43w7"
        },
        {
            "type": "CVE",
            "value": "CVE-2015-4053"
        }
    ]
}