{
    "ghsaId": "GHSA-j527-v579-m98h",
    "severity": "LOW",
    "summary": "Improper authentication in zenml",
    "description": "An issue was discovered in zenml-io/zenml versions up to and including 0.55.4. Due to improper authentication mechanisms, an attacker with access to an active user session can change the account password without needing to know the current password. This vulnerability allows for unauthorized account takeover by bypassing the standard password change verification process. The issue was fixed in version 0.56.3.",
    "permalink": "https://github.com/advisories/GHSA-j527-v579-m98h",
    "publishedAt": "2024-06-06T21:30:36Z",
    "withdrawnAt": null,
    "identifiers": [
        {
            "type": "GHSA",
            "value": "GHSA-j527-v579-m98h"
        },
        {
            "type": "CVE",
            "value": "CVE-2024-2213"
        }
    ]
}