{
    "ghsaId": "GHSA-74vq-h4q8-x6jv",
    "severity": "LOW",
    "summary": "Ansible Path Traversal vulnerability",
    "description": "Ansible fetch module before versions 2.5.15, 2.6.14, 2.7.8 has a path traversal vulnerability which allows copying and overwriting files outside of the specified destination in the local ansible controller host, by not restricting an absolute path.",
    "permalink": "https://github.com/advisories/GHSA-74vq-h4q8-x6jv",
    "publishedAt": "2019-04-15T16:19:19Z",
    "withdrawnAt": null,
    "identifiers": [
        {
            "type": "GHSA",
            "value": "GHSA-74vq-h4q8-x6jv"
        },
        {
            "type": "CVE",
            "value": "CVE-2019-3828"
        }
    ]
}