{
    "ghsaId": "GHSA-jcjp-qqpq-pc54",
    "severity": "LOW",
    "summary": "Zope allows local users to read arbitrary files",
    "description": "Zope 2.7.0 to 2.7.8, 2.8.0 to 2.8.7, and 2.9.0 to 2.9.3 (Zope2) does not disable the \"raw\" command when providing untrusted users with restructured text (reStructuredText) functionality from docutils, which allows local users to read arbitrary files.",
    "permalink": "https://github.com/advisories/GHSA-jcjp-qqpq-pc54",
    "publishedAt": "2022-05-01T07:09:18Z",
    "withdrawnAt": null,
    "identifiers": [
        {
            "type": "GHSA",
            "value": "GHSA-jcjp-qqpq-pc54"
        },
        {
            "type": "CVE",
            "value": "CVE-2006-3458"
        }
    ]
}