{
    "ghsaId": "GHSA-6qmf-fj6m-686c",
    "severity": "LOW",
    "summary": "Open Redirect in Flask-Security-Too",
    "description": "### Impact\nFlask-Security allows redirects after many successful views (e.g. /login) by honoring the ?next query param. There is code in FS to validate that the url specified in the next parameter is either relative OR has the same netloc (network location) as the requesting  URL.\n\nThis check utilizes Pythons urlsplit library. However many browsers are very lenient on the kind of URL they accept and 'fill in the blanks' when presented with a possibly incomplete URL. As a concrete example - setting http://login?next=\\\\\\github.com\nwill pass FS's relative URL check however many browsers will gladly convert this to http://github.com. Thus an attacker could send such a link to an unwitting user, using a legitimate site and have it redirect to whatever site they want.\n\nThis is considered a low severity due to the fact that if Werkzeug by default ALWAYS ensures that the Location header is absolute - thus making this attack vector mute. It is possible for application writers to modify this default behavior by setting the 'autocorrect_location_header=False` which would then open up their application to this attack.\n\n### Patches\nNo patches as this time\n\n### Workarounds\nIf using Werkzeug, make sure to use the default Location header setting. If you can't - then use@app.after_request and write your own validation of the Location header if it is set.\n\n### References\nNo.\n\n### For more information\nIf you have any questions or comments about this advisory follow: https://github.com/Flask-Middleware/flask-security/issues/486\n\nThanks to Claroty (2021-0141) and @snoopysecurity for providing details and proof of concept.\n",
    "permalink": "https://github.com/advisories/GHSA-6qmf-fj6m-686c",
    "publishedAt": "2021-05-17T20:51:27Z",
    "withdrawnAt": null,
    "identifiers": [
        {
            "type": "GHSA",
            "value": "GHSA-6qmf-fj6m-686c"
        },
        {
            "type": "CVE",
            "value": "CVE-2021-32618"
        }
    ]
}