{
    "ghsaId": "GHSA-4fx9-vc88-q2xc",
    "severity": "LOW",
    "summary": "Infinite loop in Pillow",
    "description": "JpegImagePlugin may append an EOF marker to the end of a truncated file, so that the last segment of the data will still be processed by the decoder.\n\nIf the EOF marker is not detected as such however, this could lead to an infinite loop where JpegImagePlugin keeps trying to end the file.",
    "permalink": "https://github.com/advisories/GHSA-4fx9-vc88-q2xc",
    "publishedAt": "2022-03-11T23:39:27Z",
    "withdrawnAt": null,
    "identifiers": [
        {
            "type": "GHSA",
            "value": "GHSA-4fx9-vc88-q2xc"
        }
    ]
}