{
    "ghsaId": "GHSA-v52p-hfjf-wg88",
    "severity": "LOW",
    "summary": "Division by zero in TFLite's implementation of `SpaceToBatchNd`",
    "description": "### Impact\nThe implementation of the `SpaceToBatchNd` TFLite operator is [vulnerable to a division by zero error](https://github.com/tensorflow/tensorflow/blob/412c7d9bb8f8a762c5b266c9e73bfa165f29aac8/tensorflow/lite/kernels/space_to_batch_nd.cc#L82-L83):\n\n```cc\nTF_LITE_ENSURE_EQ(context, final_dim_size % block_shape[dim], 0);\noutput_size->data[dim + 1] = final_dim_size / block_shape[dim];\n```\n\nAn attacker can craft a model such that one dimension of the `block` input is 0. Hence, the corresponding value in `block_shape` is 0.\n\n### Patches\nWe have patched the issue in GitHub commit [6d36ba65577006affb272335b7c1abd829010708](https://github.com/tensorflow/tensorflow/commit/6d36ba65577006affb272335b7c1abd829010708).\n\nThe fix will be included in TensorFlow 2.5.0. We will also cherrypick this commit on TensorFlow 2.4.2, TensorFlow 2.3.3, TensorFlow 2.2.3 and TensorFlow 2.1.4, as these are also affected and still in supported range.\n\n### For more information\nPlease consult [our security guide](https://github.com/tensorflow/tensorflow/blob/master/SECURITY.md) for more information regarding the security model and how to contact us with issues and questions.\n\n### Attribution\nThis vulnerability has been reported by members of the Aivul Team from Qihoo 360.",
    "permalink": "https://github.com/advisories/GHSA-v52p-hfjf-wg88",
    "publishedAt": "2021-05-21T14:27:54Z",
    "withdrawnAt": null,
    "identifiers": [
        {
            "type": "GHSA",
            "value": "GHSA-v52p-hfjf-wg88"
        },
        {
            "type": "CVE",
            "value": "CVE-2021-29597"
        }
    ]
}