{
    "ghsaId": "GHSA-gw84-84pc-xp82",
    "severity": "LOW",
    "summary": "Cross-site Scripting in djangorestframework",
    "description": "Versions of the package djangorestframework before 3.15.2 are vulnerable to Cross-site Scripting (XSS) via the break_long_headers template filter due to improper input sanitization before splitting and joining with <br> tags.",
    "permalink": "https://github.com/advisories/GHSA-gw84-84pc-xp82",
    "publishedAt": "2024-06-26T06:30:29Z",
    "withdrawnAt": null,
    "identifiers": [
        {
            "type": "GHSA",
            "value": "GHSA-gw84-84pc-xp82"
        },
        {
            "type": "CVE",
            "value": "CVE-2024-21520"
        }
    ]
}