{
    "ghsaId": "GHSA-37q5-v5qm-c9v8",
    "severity": "LOW",
    "summary": "Transformers Deserialization of Untrusted Data vulnerability",
    "description": "The huggingface/transformers library is vulnerable to arbitrary code execution through deserialization of untrusted data within the `load_repo_checkpoint()` function of the `TFPreTrainedModel()` class. Attackers can execute arbitrary code and commands by crafting a malicious serialized payload, exploiting the use of `pickle.load()` on data from potentially untrusted sources. This vulnerability allows for remote code execution (RCE) by deceiving victims into loading a seemingly harmless checkpoint during a normal training process, thereby enabling attackers to execute arbitrary code on the targeted machine.",
    "permalink": "https://github.com/advisories/GHSA-37q5-v5qm-c9v8",
    "publishedAt": "2024-04-10T18:30:48Z",
    "withdrawnAt": null,
    "identifiers": [
        {
            "type": "GHSA",
            "value": "GHSA-37q5-v5qm-c9v8"
        },
        {
            "type": "CVE",
            "value": "CVE-2024-3568"
        }
    ]
}