{
    "ghsaId": "GHSA-62qf-qm3g-fvcw",
    "severity": "LOW",
    "summary": "Apache Airflow Providers FAB Insufficient Session Expiration vulnerability",
    "description": "Insufficient Session Expiration vulnerability in Apache Airflow Providers FAB.\n\nThis issue affects Apache Airflow Providers FAB: 1.2.1 (when used with Apache Airflow 2.9.3) and FAB 1.2.0 for all Airflow versions. The FAB provider prevented the user from logging out.\u00a0\u00a0\n\n* FAB provider 1.2.1 only affected Airflow 2.9.3 (earlier and later versions of Airflow are not affected)\n\n* FAB provider 1.2.0 affected all versions of Airflow.\n\nUsers who run Apache Airflow 2.9.3 are recommended to upgrade to Apache Airflow Providers FAB version 1.2.2 which fixes the issue.\n\nUsers who run Any Apache Airflow version and have FAB provider 1.2.0 are recommended to upgrade to Apache Airflow Providers FAB version 1.2.2 which fixes the issue.\n\nAlso upgrading Apache Airflow to latest version available is recommended.\n\nNote: Early version of Airflow reference container images of Airflow 2.9.3 and constraint files contained FAB provider 1.2.1 version, but this is fixed in updated versions of the images.\u00a0\n\nUsers are advised to pull the latest Airflow images or reinstall FAB provider according to the current constraints.",
    "permalink": "https://github.com/advisories/GHSA-62qf-qm3g-fvcw",
    "publishedAt": "2024-08-05T09:30:26Z",
    "withdrawnAt": null,
    "identifiers": [
        {
            "type": "GHSA",
            "value": "GHSA-62qf-qm3g-fvcw"
        },
        {
            "type": "CVE",
            "value": "CVE-2024-42447"
        }
    ]
}