{
    "ghsaId": "GHSA-7pmh-vrww-25xx",
    "severity": "LOW",
    "summary": "freewvs's nested directory structure can interrupt scan",
    "description": "### Impact\nA directory structure of more than 1000 nested directories can interrupt a freewvs scan due to Python's recursion limit and os.walk(). This can be problematic in a case where an administrator scans the dirs of potentially untrusted users.\n\n### Patches\nThis has been fixed in this commit by limiting the recursion to 500 directories:\nhttps://github.com/schokokeksorg/freewvs/commit/83a6b55c0435c69f447488b791555e6078803143\n\nThis issue was discovered by Hanno B\u00f6ck.",
    "permalink": "https://github.com/advisories/GHSA-7pmh-vrww-25xx",
    "publishedAt": "2024-08-30T18:43:23Z",
    "withdrawnAt": null,
    "identifiers": [
        {
            "type": "GHSA",
            "value": "GHSA-7pmh-vrww-25xx"
        },
        {
            "type": "CVE",
            "value": "CVE-2020-15101"
        }
    ]
}