{
    "ghsaId": "GHSA-rf3h-xgv5-2q39",
    "severity": "LOW",
    "summary": "Division by zero in TFLite's implementation of `DepthwiseConv`",
    "description": "### Impact\nThe implementation of the `DepthwiseConv` TFLite operator is [vulnerable to a division by zero error](https://github.com/tensorflow/tensorflow/blob/1a8e885b864c818198a5b2c0cbbeca5a1e833bc8/tensorflow/lite/kernels/depthwise_conv.cc#L287-L288):\n\n```cc\nint num_input_channels = SizeOfDimension(input, 3);\nTF_LITE_ENSURE_EQ(context, num_filter_channels % num_input_channels, 0);\n```\n\nAn attacker can craft a model such that `input`'s fourth dimension would be 0.\n\n### Patches\nWe have patched the issue in GitHub commit [cbda3c6b2dbbd3fbdc482ff8c0170a78ec2e97d0](https://github.com/tensorflow/tensorflow/commit/cbda3c6b2dbbd3fbdc482ff8c0170a78ec2e97d0).\n\nThe fix will be included in TensorFlow 2.5.0. We will also cherrypick this commit on TensorFlow 2.4.2, TensorFlow 2.3.3, TensorFlow 2.2.3 and TensorFlow 2.1.4, as these are also affected and still in supported range.\n\n### For more information \nPlease consult [our security guide](https://github.com/tensorflow/tensorflow/blob/master/SECURITY.md) for more information regarding the security model and how to contact us with issues and questions.\n\n### Attribution\nThis vulnerability has been reported by members of the Aivul Team from Qihoo 360.",
    "permalink": "https://github.com/advisories/GHSA-rf3h-xgv5-2q39",
    "publishedAt": "2021-05-21T14:28:12Z",
    "withdrawnAt": null,
    "identifiers": [
        {
            "type": "GHSA",
            "value": "GHSA-rf3h-xgv5-2q39"
        },
        {
            "type": "CVE",
            "value": "CVE-2021-29602"
        }
    ]
}