{
    "ghsaId": "GHSA-92qf-8gh3-gwcm",
    "severity": "LOW",
    "summary": "Apache Superset: Improper SQL authorisation, parse not checking for specific postgres functions",
    "description": "Improper Neutralization of Special Elements used in an SQL Command ('SQL Injection') vulnerability in Apache Superset. Specifically, certain engine-specific functions are not checked, which allows attackers to bypass Apache Superset's SQL authorization. This issue is a follow-up to\u00a0CVE-2024-39887 with additional disallowed PostgreSQL functions now included:\u00a0query_to_xml_and_xmlschema,\u00a0table_to_xml,\u00a0table_to_xml_and_xmlschema.\n\nThis issue affects Apache Superset: <4.1.0.\n\nUsers are recommended to upgrade to version 4.1.0, which fixes the issue or add these Postgres functions to the config set\u00a0DISALLOWED_SQL_FUNCTIONS.",
    "permalink": "https://github.com/advisories/GHSA-92qf-8gh3-gwcm",
    "publishedAt": "2024-12-09T15:31:37Z",
    "withdrawnAt": null,
    "identifiers": [
        {
            "type": "GHSA",
            "value": "GHSA-92qf-8gh3-gwcm"
        },
        {
            "type": "CVE",
            "value": "CVE-2024-53947"
        }
    ]
}