{
    "ghsaId": "GHSA-c33w-24p9-8m24",
    "severity": "LOW",
    "summary": "configobj ReDoS exploitable by developer using values in a server-side configuration file",
    "description": "All versions of the package configobj are vulnerable to Regular Expression Denial of Service (ReDoS) via the validate function, using (.+?)\\((.*)\\). **Note:** This is only exploitable in the case of a developer, putting the offending value in a server side configuration file.",
    "permalink": "https://github.com/advisories/GHSA-c33w-24p9-8m24",
    "publishedAt": "2023-04-03T06:30:19Z",
    "withdrawnAt": null,
    "identifiers": [
        {
            "type": "GHSA",
            "value": "GHSA-c33w-24p9-8m24"
        },
        {
            "type": "CVE",
            "value": "CVE-2023-26112"
        }
    ]
}