{
    "ghsaId": "GHSA-5w5x-q9p5-9qg3",
    "severity": "LOW",
    "summary": "OctoPrint does not have rate limiting on the login page",
    "description": "OctoPrint 1.7.3 and prior does not have rate limiting on the login page, making it possible for attackers to attempt brute force attacks. The severity of this issue is limited by OctoPrint normally running in a restricted LAN. The `devel` and `maintenance` branches of the repository have a fix that limits the rate of failed login attempts.",
    "permalink": "https://github.com/advisories/GHSA-5w5x-q9p5-9qg3",
    "publishedAt": "2022-08-16T00:00:31Z",
    "withdrawnAt": null,
    "identifiers": [
        {
            "type": "GHSA",
            "value": "GHSA-5w5x-q9p5-9qg3"
        },
        {
            "type": "CVE",
            "value": "CVE-2022-2822"
        }
    ]
}