{
    "ghsaId": "GHSA-p4m5-32pr-2hqr",
    "severity": "LOW",
    "summary": "PyPop C extensions possible vulnerability: missing arguments and redundant null pointers",
    "description": "### Impact\nCode scanning revealed possible vulnerability in C extensions for PyPop: incorrect function calls (missing arguments or wrongly typed arguments) and redundant null pointers.\n\n### Patches\nThe problem has been patched and fixed in the latest release of PyPop: 1.0.2. Please upgrade your PyPop installation via:\n\n```\npip install -U pypop-genomics\n```\n\n### Workarounds\nNo. Upgrade to the latest package: 1.0.2.\n\n### References\nN/A\n",
    "permalink": "https://github.com/advisories/GHSA-p4m5-32pr-2hqr",
    "publishedAt": "2024-02-26T20:04:19Z",
    "withdrawnAt": null,
    "identifiers": [
        {
            "type": "GHSA",
            "value": "GHSA-p4m5-32pr-2hqr"
        }
    ]
}