{
    "ghsaId": "GHSA-3gg8-mc87-cq3h",
    "severity": "LOW",
    "summary": "Improper Certificate Validation vulnerability in Apache Airflow FTP Provider",
    "description": "Improper Certificate Validation vulnerability in Apache Airflow FTP Provider.\n\nThe FTP hook lacks complete certificate validation in FTP_TLS connections, which can potentially be leveraged. Implementing proper certificate validation by passing context=ssl.create_default_context() during FTP_TLS instantiation is used as mitigation to validate the certificates properly.\n\nThis issue affects Apache Airflow FTP Provider: before 3.7.0.\n\nUsers are recommended to upgrade to version 3.7.0, which fixes the issue.",
    "permalink": "https://github.com/advisories/GHSA-3gg8-mc87-cq3h",
    "publishedAt": "2024-04-21T18:30:36Z",
    "withdrawnAt": null,
    "identifiers": [
        {
            "type": "GHSA",
            "value": "GHSA-3gg8-mc87-cq3h"
        },
        {
            "type": "CVE",
            "value": "CVE-2024-29733"
        }
    ]
}