{
    "ghsaId": "GHSA-vf94-36g5-69v8",
    "severity": "LOW",
    "summary": "Division by zero in TFLite's implementation of `DepthToSpace`",
    "description": "### Impact\nThe implementation of the `DepthToSpace` TFLite operator is [vulnerable to a division by zero error](https://github.com/tensorflow/tensorflow/blob/0d45ea1ca641b21b73bcf9c00e0179cda284e7e7/tensorflow/lite/kernels/depth_to_space.cc#L63-L69):\n\n```cc\nconst int block_size = params->block_size;\n...\nconst int input_channels = input->dims->data[3];\n... \nint output_channels = input_channels / block_size / block_size;\n``` \n\nAn attacker can craft a model such that `params->block_size` is 0.\n\n### Patches\nWe have patched the issue in GitHub commit [106d8f4fb89335a2c52d7c895b7a7485465ca8d9](https://github.com/tensorflow/tensorflow/commit/106d8f4fb89335a2c52d7c895b7a7485465ca8d9).\n    \nThe fix will be included in TensorFlow 2.5.0. We will also cherrypick this commit on TensorFlow 2.4.2, TensorFlow 2.3.3, TensorFlow 2.2.3 and TensorFlow 2.1.4, as these are also affected and still in supported range.\n\n### For more information\nPlease consult [our security guide](https://github.com/tensorflow/tensorflow/blob/master/SECURITY.md) for more information regarding the security model and how to contact us with issues and questions.\n\n### Attribution \nThis vulnerability has been reported by members of the Aivul Team from Qihoo 360.",
    "permalink": "https://github.com/advisories/GHSA-vf94-36g5-69v8",
    "publishedAt": "2021-05-21T14:27:49Z",
    "withdrawnAt": null,
    "identifiers": [
        {
            "type": "GHSA",
            "value": "GHSA-vf94-36g5-69v8"
        },
        {
            "type": "CVE",
            "value": "CVE-2021-29595"
        }
    ]
}