{
    "ghsaId": "GHSA-mq5c-prh3-3f3h",
    "severity": "LOW",
    "summary": "Invalid validation in `QuantizeAndDequantizeV2`",
    "description": "### Impact\nThe validation in `tf.raw_ops.QuantizeAndDequantizeV2` allows invalid values for `axis` argument:\n\n```python\nimport tensorflow as tf\n\ninput_tensor = tf.constant([0.0], shape=[1], dtype=float)\ninput_min = tf.constant(-10.0)\ninput_max = tf.constant(-10.0)\n\ntf.raw_ops.QuantizeAndDequantizeV2(\n  input=input_tensor, input_min=input_min, input_max=input_max,\n  signed_input=False, num_bits=1, range_given=False, round_mode='HALF_TO_EVEN',\n  narrow_range=False, axis=-2)\n``` \n\nThe [validation](https://github.com/tensorflow/tensorflow/blob/eccb7ec454e6617738554a255d77f08e60ee0808/tensorflow/core/kernels/quantize_and_dequantize_op.cc#L74-L77) uses `||` to mix two different conditions:\n\n```cc\nOP_REQUIRES(ctx,\n  (axis_ == -1 || axis_ < input.shape().dims()),\n  errors::InvalidArgument(...));\n```\n\nIf `axis_ < -1` the condition in `OP_REQUIRES` will still be true, but this value of `axis_` results in heap underflow. This allows attackers to read/write to other data on the heap.\n\n### Patches\nWe have patched the issue in GitHub commit [c5b0d5f8ac19888e46ca14b0e27562e7fbbee9a9](https://github.com/tensorflow/tensorflow/commit/c5b0d5f8ac19888e46ca14b0e27562e7fbbee9a9).\n\nThe fix will be included in TensorFlow 2.5.0. We will also cherrypick this commit on TensorFlow 2.4.2, TensorFlow 2.3.3, TensorFlow 2.2.3 and TensorFlow 2.1.4, as these are also affected and still in supported range.\n\n### For more information\nPlease consult [our security guide](https://github.com/tensorflow/tensorflow/blob/master/SECURITY.md) for more information regarding the security model and how to contact us with issues and questions.\n\n### Attribution\nThis vulnerability has been reported by Yakun Zhang and Ying Wang of Baidu X-Team.",
    "permalink": "https://github.com/advisories/GHSA-mq5c-prh3-3f3h",
    "publishedAt": "2021-05-21T14:28:32Z",
    "withdrawnAt": null,
    "identifiers": [
        {
            "type": "GHSA",
            "value": "GHSA-mq5c-prh3-3f3h"
        },
        {
            "type": "CVE",
            "value": "CVE-2021-29610"
        }
    ]
}