{
    "ghsaId": "GHSA-3x4c-pq33-4w3q",
    "severity": "LOW",
    "summary": "Improper authorisation of members discloses room membership to non-members",
    "description": "### Impact\nUnauthorised users can access the membership (list of members, with their display names) of a room if they know the ID of the room. The vulnerability is limited to rooms with `shared` history visibility. Furthermore, the unauthorised user must be using an account on a vulnerable homeserver that is in the room.\n\n### Patches\nServer administrators should upgrade to 1.41.1 or later.\n\n### Workarounds\nAdministrators of servers that use a reverse proxy could, with potentially unacceptable loss of functionality, block the following endpoints:\n* `/_matrix/client/r0/rooms/{room_id}/members` with `at` query parameter\n* `/_matrix/client/unstable/rooms/{room_id}/members` with `at` query parameter\n\n### References\nn/a\n\n### For more information\nIf you have any questions or comments about this advisory, e-mail us at security@matrix.org.",
    "permalink": "https://github.com/advisories/GHSA-3x4c-pq33-4w3q",
    "publishedAt": "2021-09-01T18:25:27Z",
    "withdrawnAt": null,
    "identifiers": [
        {
            "type": "GHSA",
            "value": "GHSA-3x4c-pq33-4w3q"
        },
        {
            "type": "CVE",
            "value": "CVE-2021-39164"
        }
    ]
}