{
    "ghsaId": "GHSA-86qj-4h55-fvpw",
    "severity": "LOW",
    "summary": "OpenStack Heat template URL information leakage",
    "description": "OpenStack Orchestration API (Heat) 2013.2 through 2013.2.3 and 2014.1, when creating the stack for a template using a provider template, allows remote authenticated users to obtain the provider template URL via the resource-type-list.",
    "permalink": "https://github.com/advisories/GHSA-86qj-4h55-fvpw",
    "publishedAt": "2022-05-14T04:01:58Z",
    "withdrawnAt": null,
    "identifiers": [
        {
            "type": "GHSA",
            "value": "GHSA-86qj-4h55-fvpw"
        },
        {
            "type": "CVE",
            "value": "CVE-2014-3801"
        }
    ]
}