{
    "ghsaId": "GHSA-c7vm-f5p4-8fqh",
    "severity": "LOW",
    "summary": "Open redirect in Jupyter Notebook",
    "description": "### Impact\n_What kind of vulnerability is it? Who is impacted?_\n\nOpen redirect vulnerability - a maliciously crafted link to a notebook server could redirect the browser to a different website.\n\nAll notebook servers are technically affected, however, these maliciously crafted links can only be reasonably made for known notebook server hosts. A link to your notebook server may *appear* safe, but ultimately redirect to a spoofed server on the public internet.\n\n### Patches\n\n_Has the problem been patched? What versions should users upgrade to?_\n\nPatched in notebook 6.1.5\n\n\n### References\n\n[OWASP page on open redirects](https://cheatsheetseries.owasp.org/cheatsheets/Unvalidated_Redirects_and_Forwards_Cheat_Sheet.html)\n\n### For more information\n\nIf you have any questions or comments about this advisory, or vulnerabilities to report, please email our security list [security@ipython.org](mailto:security@ipython.org).\n\nCredit: zhuonan li of Alibaba Application Security Team",
    "permalink": "https://github.com/advisories/GHSA-c7vm-f5p4-8fqh",
    "publishedAt": "2020-11-18T21:06:36Z",
    "withdrawnAt": null,
    "identifiers": [
        {
            "type": "GHSA",
            "value": "GHSA-c7vm-f5p4-8fqh"
        },
        {
            "type": "CVE",
            "value": "CVE-2020-26215"
        }
    ]
}