{
    "ghsaId": "GHSA-g95c-2jgm-hqc6",
    "severity": "LOW",
    "summary": "Fides Webserver Vulnerable to Zip Bomb File Uploads",
    "description": "### Impact\nThe Fides webserver is vulnerable to a type of Denial of Service (DoS) attack. Attackers can exploit a weakness in the connector template upload feature to upload a malicious zip bomb file, resulting in resource exhaustion and service unavailability for all users of the Fides webserver.\n\nThis vulnerability affects Fides versions `2.11.0` through `2.15.1`. Exploitation is limited to users with elevated privileges with the `CONNECTOR_TEMPLATE_REGISTER` scope, which includes root users and users with the owner role.\n\n### Patches\nThe vulnerability has been patched in Fides version `2.16.0`. Users are advised to upgrade to this version or later to secure their systems against this threat.\n\n### Workarounds\nThere is no known workaround to remediate this vulnerability without upgrading. If an attack occurs, the impact can be mitigated by manually or automatically restarting the affected container.\n\n### References\nMore information about this type of vulnerability can be found at the following links:\n\n- https://www.bamsoftware.com/hacks/zipbomb/\n- https://python-security.readthedocs.io/security.html#archives-and-zip-bomb-cve-2019-9674\n",
    "permalink": "https://github.com/advisories/GHSA-g95c-2jgm-hqc6",
    "publishedAt": "2023-07-18T19:22:18Z",
    "withdrawnAt": null,
    "identifiers": [
        {
            "type": "GHSA",
            "value": "GHSA-g95c-2jgm-hqc6"
        },
        {
            "type": "CVE",
            "value": "CVE-2023-37480"
        }
    ]
}