{
    "ghsaId": "GHSA-pmxq-pj47-j8j4",
    "severity": "LOW",
    "summary": "Domain restrictions bypass via DNS Rebinding in WireMock and WireMock Studio webhooks, proxy and recorder modes",
    "description": "### Impact\n\nThe proxy mode of WireMock, can be protected by the network restrictions configuration, as documented in [Preventing proxying to and recording from specific target addresses](https://wiremock.org/docs/configuration/#preventing-proxying-to-and-recording-from-specific-target-addresses). These restrictions can be configured using the domain names, and in such a case the configuration is vulnerable to the DNS rebinding attacks. A similar patch was applied in WireMock 3.0.0-beta-15 for the WireMock Webhook Extensions.\n\nThe root cause of the attack is a defect in the logic which allows for a race condition triggered by a DNS server whose address expires in between the initial validation and the outbound network request that might go to a domain that was supposed to be prohibited. Control over a DNS service is required to exploit this attack, so it has high execution complexity and limited impact.\n\n### Affected versions\n\n- WireMock 3,x until 3.0.3 (security patch), on default settings in environments with access to the network\n- WireMock 2.x until 2.35.1 (security patch), on default settings in environments with access to the network\n- Python WireMock until 2.6.1\n- WireMock Studio - all versions, this proprietary product was discontinued in 2022\n\n\n### Patches\n\n- WireMock 3.0.3 + the 3.0.3-1 Docker image\n- WireMock 2.35.1 + the 2.35.1-1 Docker image - backport to WireMock 2.x\n- Python WireMock 2.6.1\n\n### Workarounds\n\nFor WireMock:\n\n- Option 1: Configure WireMock to use IP addresses instead of the domain names in the outbound URLs subject to DNS rebinding\n- Option 2: Use external firewall rules to define the list of permitted destinations\n\nFor WireMock Studio: N/A. Switch to another distribution, there will be no fix provided. The vendor of former WireMock Studio recommends migration to [WireMock Cloud](https://www.wiremock.io/product)\n\n### References\n\n- CVE-2023-41327 - Related issue in the WireMock Webhooks Extension\n",
    "permalink": "https://github.com/advisories/GHSA-pmxq-pj47-j8j4",
    "publishedAt": "2023-09-08T12:19:49Z",
    "withdrawnAt": null,
    "identifiers": [
        {
            "type": "GHSA",
            "value": "GHSA-pmxq-pj47-j8j4"
        },
        {
            "type": "CVE",
            "value": "CVE-2023-41329"
        }
    ]
}