{
    "ghsaId": "GHSA-xvjm-fvxx-q3hv",
    "severity": "LOW",
    "summary": "CHECK-fail due to integer overflow",
    "description": "### Impact\nAn attacker can trigger a denial of service via a `CHECK`-fail in  caused by an integer overflow in constructing a new tensor shape:\n\n```python\nimport tensorflow as tf\n\ninput_layer = 2**60-1\nsparse_data = tf.raw_ops.SparseSplit(\n    split_dim=1, \n    indices=[(0, 0), (0, 1), (0, 2), \n    (4, 3), (5, 0), (5, 1)],\n    values=[1.0, 1.0, 1.0, 1.0, 1.0, 1.0],\n    shape=(input_layer, input_layer),\n    num_split=2,\n    name=None\n    )\n```\n  \nThis is because the [implementation](https://github.com/tensorflow/tensorflow/blob/0908c2f2397c099338b901b067f6495a5b96760b/tensorflow/core/kernels/sparse_split_op.cc#L66-L70) builds a dense shape without checking that the dimensions would not result in overflow:\n\n```cc\nsparse::SparseTensor sparse_tensor;\nOP_REQUIRES_OK(context,\n               sparse::SparseTensor::Create(\n                 input_indices, input_values,\n                 TensorShape(input_shape.vec<int64>()), &sparse_tensor));\n```\n\nThe [`TensorShape` constructor](https://github.com/tensorflow/tensorflow/blob/6f9896890c4c703ae0a0845394086e2e1e523299/tensorflow/core/framework/tensor_shape.cc#L183-L188) uses a `CHECK` operation which triggers when [`InitDims`](https://github.com/tensorflow/tensorflow/blob/6f9896890c4c703ae0a0845394086e2e1e523299/tensorflow/core/framework/tensor_shape.cc#L212-L296) returns a non-OK status.\n                    \n```cc               \ntemplate <class Shape>\nTensorShapeBase<Shape>::TensorShapeBase(gtl::ArraySlice<int64> dim_sizes) {\n  set_tag(REP16);\n  set_data_type(DT_INVALID);\n  TF_CHECK_OK(InitDims(dim_sizes));\n}\n```\n\nIn our scenario, this occurs when adding a dimension from the argument results in overflow:\n\n```cc\ntemplate <class Shape>\nStatus TensorShapeBase<Shape>::InitDims(gtl::ArraySlice<int64> dim_sizes) {\n  ...\n  Status status = Status::OK();\n  for (int64 s : dim_sizes) {\n    status.Update(AddDimWithStatus(internal::SubtleMustCopy(s)));\n    if (!status.ok()) {\n      return status;\n    }\n  }\n}\n\ntemplate <class Shape>\nStatus TensorShapeBase<Shape>::AddDimWithStatus(int64 size) {\n  ...\n  int64 new_num_elements;\n  if (kIsPartial && (num_elements() < 0 || size < 0)) {\n    new_num_elements = -1;\n  } else {\n    new_num_elements = MultiplyWithoutOverflow(num_elements(), size);\n    if (TF_PREDICT_FALSE(new_num_elements < 0)) {\n        return errors::Internal(\"Encountered overflow when multiplying \",\n                                num_elements(), \" with \", size,\n                                \", result: \", new_num_elements);\n      }\n  }\n  ...\n}\n```\n\nThis is a legacy implementation of the constructor and operations should use `BuildTensorShapeBase` or `AddDimWithStatus` to prevent `CHECK`-failures in the presence of overflows.\n\n### Patches\nWe have patched the issue in GitHub commit [4c0ee937c0f61c4fc5f5d32d9bb4c67428012a60](https://github.com/tensorflow/tensorflow/commit/4c0ee937c0f61c4fc5f5d32d9bb4c67428012a60).\n\nThe fix will be included in TensorFlow 2.5.0. We will also cherrypick this commit on TensorFlow 2.4.2, TensorFlow 2.3.3, TensorFlow 2.2.3 and TensorFlow 2.1.4, as these are also affected and still in supported range.\n\n### For more information\nPlease consult [our security guide](https://github.com/tensorflow/tensorflow/blob/master/SECURITY.md) for more information regarding the security model and how to contact us with issues and questions.\n\n### Attribution\nThis vulnerability has been reported by researchers from University of Virginia and University of California, Santa Barbara.",
    "permalink": "https://github.com/advisories/GHSA-xvjm-fvxx-q3hv",
    "publishedAt": "2021-05-21T14:26:38Z",
    "withdrawnAt": null,
    "identifiers": [
        {
            "type": "GHSA",
            "value": "GHSA-xvjm-fvxx-q3hv"
        },
        {
            "type": "CVE",
            "value": "CVE-2021-29584"
        }
    ]
}