{
    "ghsaId": "GHSA-f889-wfwm-6p7m",
    "severity": "LOW",
    "summary": "OpenStack Identity Keystone Privilege Escalation vulnerability",
    "description": "The LDAP backend in OpenStack Identity (Keystone) Grizzly and Havana, when removing a role on a tenant for a user who does not have that role, adds the role to the user, which allows local users to gain privileges.",
    "permalink": "https://github.com/advisories/GHSA-f889-wfwm-6p7m",
    "publishedAt": "2022-05-17T04:50:52Z",
    "withdrawnAt": null,
    "identifiers": [
        {
            "type": "GHSA",
            "value": "GHSA-f889-wfwm-6p7m"
        },
        {
            "type": "CVE",
            "value": "CVE-2013-4477"
        }
    ]
}