{
    "ghsaId": "GHSA-xxgm-qpj5-4886",
    "severity": "LOW",
    "summary": "OpenStack Nova Scheduler denial of service through scheduler_hints",
    "description": "The Nova scheduler in OpenStack Compute (Nova) Folsom (2012.2) and Essex (2012.1), when DifferentHostFilter or SameHostFilter is enabled, allows remote authenticated users to cause a denial of service (excessive database lookup calls and server hang) via a request with many repeated IDs in the os:scheduler_hints section.",
    "permalink": "https://github.com/advisories/GHSA-xxgm-qpj5-4886",
    "publishedAt": "2022-05-17T05:25:08Z",
    "withdrawnAt": null,
    "identifiers": [
        {
            "type": "GHSA",
            "value": "GHSA-xxgm-qpj5-4886"
        },
        {
            "type": "CVE",
            "value": "CVE-2012-3371"
        }
    ]
}