{
    "ghsaId": "GHSA-rpx7-33j2-xx9x",
    "severity": "LOW",
    "summary": "Arbitrary file deletion in NeMo ASR webapp",
    "description": "### Description\n\nNVIDIA NeMo contains a vulnerability in ASR WebApp, where Relative Path Traversal (CWE-23) may lead to deletion of any directory through the \"../\" structure when admin privileges are available.\n\nCVSS Score = 2.0\nhttps://nvd.nist.gov/vuln-metrics/cvss/v3-calculator?vector=AV:L/AC:L/PR:H/UI:R/S:U/C:N/I:L/A:N\n\n### Impact\nWhen the optional tool ASR Webapp (https://github.com/NVIDIA/NeMo/tree/main/tools/asr_webapp) is used prior to commit https://github.com/NVIDIA/NeMo/commit/f7e4ed7e4f7f2fa43765a38c2fafa1b6d1ebd7c0, some interfaces do not verify user input. Malicious attackers can construct malicious requests to delete any directory through the \"../\" structure.\n\nThe vulnerability affects only cases where this particular web app is started by a user with superuser permissions. The web application is *not* a part of the regular pip release or the corresponding container, and impacts only users that clone the repository in its entirety and execute the web app (while also possessing superuser permissions).\n\n## Patches\n\nThis vulnerability has been patched via https://github.com/NVIDIA/NeMo/commit/f7e4ed7e4f7f2fa43765a38c2fafa1b6d1ebd7c0, which is effectively any clone of the repository post r1.5.1 branch. Since the web app is not distributed via pip release or container, users who clone the main branch post this commit will possess the patch.\n\n### Workarounds\nThe changes in commit https://github.com/NVIDIA/NeMo/commit/f7e4ed7e4f7f2fa43765a38c2fafa1b6d1ebd7c0 can be applied to any version of the web app without any adverse effect.\n\n### Additional Information\nExploit Found on: 2021.12.16\nExploit Found by: @haby0\n\n",
    "permalink": "https://github.com/advisories/GHSA-rpx7-33j2-xx9x",
    "publishedAt": "2022-02-15T01:57:18Z",
    "withdrawnAt": null,
    "identifiers": [
        {
            "type": "GHSA",
            "value": "GHSA-rpx7-33j2-xx9x"
        }
    ]
}