{
    "ghsaId": "GHSA-6gf2-ffq8-gcww",
    "severity": "LOW",
    "summary": "GHSL-2024-288: SickChill open redirect in login",
    "description": "SickChill is an automatic video library manager for TV shows. A user-controlled `login` endpoint's `next_` parameter takes arbitrary content. Prior to commit c7128a8946c3701df95c285810eb75b2de18bf82, an authenticated attacker may use this to redirect the user to arbitrary destinations, leading to open redirect. Commit c7128a8946c3701df95c285810eb75b2de18bf82 changes the login page to redirect to `settings.DEFAULT_PAGE` instead of to the `next` parameter.",
    "permalink": "https://github.com/advisories/GHSA-6gf2-ffq8-gcww",
    "publishedAt": "2025-01-08T22:03:58Z",
    "withdrawnAt": null,
    "identifiers": [
        {
            "type": "GHSA",
            "value": "GHSA-6gf2-ffq8-gcww"
        },
        {
            "type": "CVE",
            "value": "CVE-2024-53995"
        }
    ]
}