{
    "ghsaId": "GHSA-hq3f-9gf7-73r8",
    "severity": "LOW",
    "summary": "Openstack Compute (Nova) Denial of service via network request that triggers large number of iptables rules",
    "description": "Openstack Compute (Nova) Folsom, 2012.1, and 2011.3 does not limit the number of security group rules, which allows remote authenticated users with certain permissions to cause a denial of service (CPU and hard drive consumption) via a network request that triggers a large number of iptables rules.",
    "permalink": "https://github.com/advisories/GHSA-hq3f-9gf7-73r8",
    "publishedAt": "2022-05-17T01:46:41Z",
    "withdrawnAt": null,
    "identifiers": [
        {
            "type": "GHSA",
            "value": "GHSA-hq3f-9gf7-73r8"
        },
        {
            "type": "CVE",
            "value": "CVE-2012-2101"
        }
    ]
}