{
    "ghsaId": "GHSA-f85h-23mf-2fwh",
    "severity": "LOW",
    "summary": "Argument Injection in Ansible",
    "description": "A flaw was found in Ansible Engine when the module package or service is used and the parameter 'use' is not specified. If a previous task is executed with a malicious user, the module sent can be selected by the attacker using the ansible facts file. All versions in 2.7.x, 2.8.x and 2.9.x branches are believed to be vulnerable.",
    "permalink": "https://github.com/advisories/GHSA-f85h-23mf-2fwh",
    "publishedAt": "2022-02-09T22:00:04Z",
    "withdrawnAt": null,
    "identifiers": [
        {
            "type": "GHSA",
            "value": "GHSA-f85h-23mf-2fwh"
        },
        {
            "type": "CVE",
            "value": "CVE-2020-1738"
        }
    ]
}