{
    "ghsaId": "GHSA-3rw2-wfc8-wmj5",
    "severity": "LOW",
    "summary": "Fides Webserver Vulnerable to SVG Bomb File Uploads",
    "description": "### Impact\nThe Fides webserver is vulnerable to a type of Denial of Service (DoS) attack. Attackers can exploit this vulnerability to upload zip files containing malicious SVG bombs (similar to a billion laughs attack), causing resource exhaustion in Admin UI browser tabs and creating a persistent denial of service of the 'new connector' page (`datastore-connection/new`).\n\nThis vulnerability affects Fides versions `2.11.0` through `2.15.1`. Exploitation is limited to users with elevated privileges with the `CONNECTOR_TEMPLATE_REGISTER` scope, which includes root users and users with the owner role.\n\n### Patches\nThe vulnerability has been patched in Fides version `2.16.0`. Users are advised to upgrade to this version or later to secure their systems against this threat.\n\n### Workarounds\nThere is no known workaround to remediate this vulnerability without upgrading.",
    "permalink": "https://github.com/advisories/GHSA-3rw2-wfc8-wmj5",
    "publishedAt": "2023-07-18T19:23:29Z",
    "withdrawnAt": null,
    "identifiers": [
        {
            "type": "GHSA",
            "value": "GHSA-3rw2-wfc8-wmj5"
        },
        {
            "type": "CVE",
            "value": "CVE-2023-37481"
        }
    ]
}