{
    "ghsaId": "GHSA-pmpr-55fj-r229",
    "severity": "LOW",
    "summary": "Division by zero in TFLite's implementation of `SVDF`",
    "description": "### Impact\nThe implementation of the `SVDF` TFLite operator is [vulnerable to a division by zero error](https://github.com/tensorflow/tensorflow/blob/7f283ff806b2031f407db64c4d3edcda8fb9f9f5/tensorflow/lite/kernels/svdf.cc#L99-L102):\n\n```cc\nconst int rank = params->rank;\n...\nTF_LITE_ENSURE_EQ(context, num_filters % rank, 0);\n```\n\nAn attacker can craft a model such that `params->rank` would be 0.\n\n### Patches\nWe have patched the issue in GitHub commit [6841e522a3e7d48706a02e8819836e809f738682](https://github.com/tensorflow/tensorflow/commit/6841e522a3e7d48706a02e8819836e809f738682).\n\nThe fix will be included in TensorFlow 2.5.0. We will also cherrypick this commit on TensorFlow 2.4.2, TensorFlow 2.3.3, TensorFlow 2.2.3 and TensorFlow 2.1.4, as these are also affected and still in supported range.\n\n### For more information\nPlease consult [our security guide](https://github.com/tensorflow/tensorflow/blob/master/SECURITY.md) for more information regarding the security model and how to contact us with issues and questions.\n\n### Attribution\nThis vulnerability has been reported by members of the Aivul Team from Qihoo 360.",
    "permalink": "https://github.com/advisories/GHSA-pmpr-55fj-r229",
    "publishedAt": "2021-05-21T14:27:58Z",
    "withdrawnAt": null,
    "identifiers": [
        {
            "type": "GHSA",
            "value": "GHSA-pmpr-55fj-r229"
        },
        {
            "type": "CVE",
            "value": "CVE-2021-29598"
        }
    ]
}