{
    "ghsaId": "GHSA-mqwh-r366-4224",
    "severity": "LOW",
    "summary": "Cabot Cross Site Scripting (XSS) vulnerability via Endpoint column",
    "description": "All versions up to 0.11.16 of package cabot are vulnerable to Cross-site Scripting (XSS) via the Endpoint column.",
    "permalink": "https://github.com/advisories/GHSA-mqwh-r366-4224",
    "publishedAt": "2022-05-24T17:29:11Z",
    "withdrawnAt": null,
    "identifiers": [
        {
            "type": "GHSA",
            "value": "GHSA-mqwh-r366-4224"
        },
        {
            "type": "CVE",
            "value": "CVE-2020-7734"
        }
    ]
}