{
    "ghsaId": "GHSA-qjmg-77xh-7mjw",
    "severity": "LOW",
    "summary": "Loggerhead XSS via filename",
    "description": "Cross-site scripting (XSS) vulnerability in `templatefunctions.py` in Loggerhead before 1.18.1 allows remote authenticated users to inject arbitrary web script or HTML via a filename, which is not properly handled in a revision view.",
    "permalink": "https://github.com/advisories/GHSA-qjmg-77xh-7mjw",
    "publishedAt": "2022-05-17T02:01:56Z",
    "withdrawnAt": null,
    "identifiers": [
        {
            "type": "GHSA",
            "value": "GHSA-qjmg-77xh-7mjw"
        },
        {
            "type": "CVE",
            "value": "CVE-2011-0728"
        }
    ]
}