{
    "ghsaId": "GHSA-844w-j86r-4x2j",
    "severity": "LOW",
    "summary": "Heap buffer overflow in `UnsortedSegmentSum` in TensorFlow",
    "description": "### Impact\n\nA heap buffer overflow in `UnsortedSegmentSum` can be produced when the `Index` template argument is `int32`. In this case `data_size` and `num_segments` fields are truncated from `int64` to `int32` and can produce negative numbers, resulting in accessing out of bounds heap memory.\n\nThis is unlikely to be exploitable and was detected and fixed internally. We are making the security advisory only to notify users that it is better to update to TensorFlow 1.15 or 2.0 or later as these versions already have this fixed.\n\n### Patches\n\nPatched by db4f9717c41bccc3ce10099ab61996b246099892 and released in all official releases after 1.15 and 2.0.\n\n### For more information\nPlease consult [`SECURITY.md`](https://github.com/tensorflow/tensorflow/blob/master/SECURITY.md) for more information regarding the security model and how to contact us with issues and questions.",
    "permalink": "https://github.com/advisories/GHSA-844w-j86r-4x2j",
    "publishedAt": "2019-12-16T20:17:10Z",
    "withdrawnAt": null,
    "identifiers": [
        {
            "type": "GHSA",
            "value": "GHSA-844w-j86r-4x2j"
        },
        {
            "type": "CVE",
            "value": "CVE-2019-16778"
        }
    ]
}