{
    "ghsaId": "GHSA-xfjq-9rxq-ph6m",
    "severity": "LOW",
    "summary": "Plone Denial of Service vulnerability via decompressing large zip archives",
    "description": "(1) cb_decode.py and (2) linkintegrity.py in Plone 2.1 through 4.1, 4.2.x through 4.2.5, and 4.3.x through 4.3.1 allow remote authenticated users to cause a denial of service (resource consumption) via a large zip archive, which is expanded (decompressed).",
    "permalink": "https://github.com/advisories/GHSA-xfjq-9rxq-ph6m",
    "publishedAt": "2022-05-17T04:49:45Z",
    "withdrawnAt": null,
    "identifiers": [
        {
            "type": "GHSA",
            "value": "GHSA-xfjq-9rxq-ph6m"
        },
        {
            "type": "CVE",
            "value": "CVE-2013-4199"
        }
    ]
}