{
    "ghsaId": "GHSA-rwcj-7jjp-4w38",
    "severity": "LOW",
    "summary": "[PUNCIA] [CWE-319] Cleartext Transmission of Sensitive Information via HTTP urls in `API_URLS`",
    "description": "### Impact\n`API_URLS` is utilizing HTTP instead of HTTPS for communication that can lead to issues like Eavesdropping, Data Tampering, Unauthorized Data Access & MITM Attacks.\n\n### References\n[ISSUE](https://github.com/ARPSyndicate/puncia/issues/8)\n[PATCH](https://github.com/ARPSyndicate/puncia/commit/033f3b68126eabbb2040ce16e2c3a2ce17437fbd#diff-3ec6c2de51e702726b23c452e3f4a899f6f4253af9fbf5be7254a5c1407ab526)\n",
    "permalink": "https://github.com/advisories/GHSA-rwcj-7jjp-4w38",
    "publishedAt": "2024-07-19T19:59:14Z",
    "withdrawnAt": null,
    "identifiers": [
        {
            "type": "GHSA",
            "value": "GHSA-rwcj-7jjp-4w38"
        },
        {
            "type": "CVE",
            "value": "CVE-2024-41124"
        }
    ]
}