{
    "ghsaId": "GHSA-j57p-g33w-95c5",
    "severity": "LOW",
    "summary": "OpenStack Horizon Cross-site scripting (XSS) vulnerability",
    "description": "Cross-site scripting (XSS) vulnerability in `horizon/static/horizon/js/horizon.instances.js` in the Launch Instance menu in OpenStack Dashboard (Horizon) before 2013.2.4, 2014.1 before 2014.1.2, and Juno before Juno-2 allows remote authenticated users to inject arbitrary web script or HTML via a network name.",
    "permalink": "https://github.com/advisories/GHSA-j57p-g33w-95c5",
    "publishedAt": "2022-05-13T01:11:28Z",
    "withdrawnAt": null,
    "identifiers": [
        {
            "type": "GHSA",
            "value": "GHSA-j57p-g33w-95c5"
        },
        {
            "type": "CVE",
            "value": "CVE-2014-3474"
        }
    ]
}