{
    "ghsaId": "GHSA-8g68-2hcj-h8vg",
    "severity": "LOW",
    "summary": "OpenStack Dashboard (Horizon) Cross-site scripting (XSS) vulnerability in the Host Aggregates interface",
    "description": "Cross-site scripting (XSS) vulnerability in the Host Aggregates interface in OpenStack Dashboard (Horizon) before 2013.2.4, 2014.1 before 2014.1.2, and Juno before Juno-3 allows remote administrators to inject arbitrary web script or HTML via a new host aggregate name.",
    "permalink": "https://github.com/advisories/GHSA-8g68-2hcj-h8vg",
    "publishedAt": "2022-05-13T01:11:27Z",
    "withdrawnAt": null,
    "identifiers": [
        {
            "type": "GHSA",
            "value": "GHSA-8g68-2hcj-h8vg"
        },
        {
            "type": "CVE",
            "value": "CVE-2014-3594"
        }
    ]
}