{
    "ghsaId": "GHSA-h59x-p739-982c",
    "severity": "LOW",
    "summary": "LangChain directory traversal vulnerability",
    "description": "LangChain through 0.1.10 allows ../ directory traversal by an actor who is able to control the final part of the path parameter in a load_chain call. This bypasses the intended behavior of loading configurations only from the hwchase17/langchain-hub GitHub repository. The outcome can be disclosure of an API key for a large language model online service, or remote code execution.",
    "permalink": "https://github.com/advisories/GHSA-h59x-p739-982c",
    "publishedAt": "2024-03-04T00:30:53Z",
    "withdrawnAt": null,
    "identifiers": [
        {
            "type": "GHSA",
            "value": "GHSA-h59x-p739-982c"
        },
        {
            "type": "CVE",
            "value": "CVE-2024-28088"
        }
    ]
}