{
    "ghsaId": "GHSA-2cf3-g243-hhfx",
    "severity": "LOW",
    "summary": "MySQL Connectors Privilege Escalation",
    "description": "Vulnerability in the MySQL Connectors component of Oracle MySQL (subcomponent: Connector/Python). Supported versions that are affected are 2.1.5 and earlier. Easily \"exploitable\" vulnerability allows low privileged attacker with logon to the infrastructure where MySQL Connectors executes to compromise MySQL Connectors. Successful attacks of this vulnerability can result in unauthorized update, insert or delete access to some of MySQL Connectors accessible data. CVSS 3.0 Base Score 3.3 (Integrity impacts). CVSS Vector: (CVSS:3.0/AV:L/AC:L/PR:L/UI:N/S:U/C:N/I:L/A:N).",
    "permalink": "https://github.com/advisories/GHSA-2cf3-g243-hhfx",
    "publishedAt": "2022-05-13T01:45:43Z",
    "withdrawnAt": null,
    "identifiers": [
        {
            "type": "GHSA",
            "value": "GHSA-2cf3-g243-hhfx"
        },
        {
            "type": "CVE",
            "value": "CVE-2017-3590"
        }
    ]
}