{
    "ghsaId": "GHSA-5vcc-86wm-547q",
    "severity": "LOW",
    "summary": "Improper Privilege Management in djangorestframework-simplejwt",
    "description": "djangorestframework-simplejwt version 5.3.1 and before is vulnerable to information disclosure. A user can access web application resources even after their account has been disabled due to missing user validation checks via the for_user method.",
    "permalink": "https://github.com/advisories/GHSA-5vcc-86wm-547q",
    "publishedAt": "2024-03-16T09:30:35Z",
    "withdrawnAt": null,
    "identifiers": [
        {
            "type": "GHSA",
            "value": "GHSA-5vcc-86wm-547q"
        },
        {
            "type": "CVE",
            "value": "CVE-2024-22513"
        }
    ]
}