{
    "ghsaId": "GHSA-fxqh-cfjm-fp93",
    "severity": "LOW",
    "summary": "Division by 0 in `Reverse`",
    "description": "### Impact\nAn attacker can cause a denial of service via a FPE runtime error in `tf.raw_ops.Reverse`:\n\n```python\nimport tensorflow as tf\n\ntensor_input = tf.constant([], shape=[0, 1, 1], dtype=tf.int32)\ndims = tf.constant([False, True, False], shape=[3], dtype=tf.bool)\n\ntf.raw_ops.Reverse(tensor=tensor_input, dims=dims)\n``` \n    \nThis is because the [implementation](https://github.com/tensorflow/tensorflow/blob/36229ea9e9451dac14a8b1f4711c435a1d84a594/tensorflow/core/kernels/reverse_op.cc#L75-L76) performs a division based on the first dimension of the tensor argument:\n    \n```cc\nconst int64 N = input.dim_size(0);\nconst int64 cost_per_unit = input.NumElements() / N;\n```\n\nSince this is controlled by the user, an attacker can trigger a denial of service.\n\n### Patches\nWe have patched the issue in GitHub commit [4071d8e2f6c45c1955a811fee757ca2adbe462c1](https://github.com/tensorflow/tensorflow/commit/4071d8e2f6c45c1955a811fee757ca2adbe462c1).\n\nThe fix will be included in TensorFlow 2.5.0. We will also cherrypick this commit on TensorFlow 2.4.2, TensorFlow 2.3.3, TensorFlow 2.2.3 and TensorFlow 2.1.4, as these are also affected and still in supported range.\n\n### For more information\nPlease consult [our security guide](https://github.com/tensorflow/tensorflow/blob/master/SECURITY.md) for more information regarding the security model and how to contact us with issues and questions.\n\n### Attribution\nThis vulnerability has been reported by Ying Wang and Yakun Zhang of Baidu X-Team.",
    "permalink": "https://github.com/advisories/GHSA-fxqh-cfjm-fp93",
    "publishedAt": "2021-05-21T14:24:39Z",
    "withdrawnAt": null,
    "identifiers": [
        {
            "type": "GHSA",
            "value": "GHSA-fxqh-cfjm-fp93"
        },
        {
            "type": "CVE",
            "value": "CVE-2021-29556"
        }
    ]
}