{
    "ghsaId": "GHSA-99w6-3xph-cx78",
    "severity": "LOW",
    "summary": "Ansible-Core vulnerable to content protections bypass",
    "description": "A flaw was found in Ansible-Core. This vulnerability allows attackers to bypass unsafe content protections using the hostvars object to reference and execute templated content. This issue can lead to arbitrary code execution if remote data or module outputs are improperly templated within playbooks.",
    "permalink": "https://github.com/advisories/GHSA-99w6-3xph-cx78",
    "publishedAt": "2024-11-12T00:30:36Z",
    "withdrawnAt": null,
    "identifiers": [
        {
            "type": "GHSA",
            "value": "GHSA-99w6-3xph-cx78"
        },
        {
            "type": "CVE",
            "value": "CVE-2024-11079"
        }
    ]
}