{
    "ghsaId": "GHSA-ggrh-grj3-vfvw",
    "severity": "LOW",
    "summary": "Package discontinued because Bitly lowered the free quota",
    "description": "On November 17, 2022, an email was received from Bitly advising that the new link quota per free token is lowered to 50 per month (from its previous value of 1000 per month). As per the email, this change is effective on December 8, 2022.\n\nThe new quota is so low as to not be useful. For this reason, the maintenance of this package is being discontinued, although the package should continue to function with the limited new quota.\n\n",
    "permalink": "https://github.com/advisories/GHSA-ggrh-grj3-vfvw",
    "publishedAt": "2022-11-28T23:00:22Z",
    "withdrawnAt": null,
    "identifiers": [
        {
            "type": "GHSA",
            "value": "GHSA-ggrh-grj3-vfvw"
        }
    ]
}