{
    "ghsaId": "GHSA-rp2v-v467-q9vq",
    "severity": "LOW",
    "summary": "GuardDog vulnerable to arbitrary file write when scanning a specially-crafted PyPI package",
    "description": "### Impact\n\nRunning GuardDog against a specially-crafted package can allow an attacker to write an arbitrary file on the machine where GuardDog is executed.\n\nThis is due to a path traversal vulnerability when extracting the `.tar.gz` file of the package being scanned, which exists by design in the `tarfile.TarFile.extractall` function. See also https://docs.python.org/3/library/tarfile.html#tarfile.TarFile.extractall\n\n### Remediation\n\nUpgrade to GuardDog v0.1.5 or more recent.\n\n### References\n\n* https://semgrep.dev/r?q=trailofbits.python.tarfile-extractall-traversal.tarfile-extractall-traversal\n* https://www.trellix.com/en-us/about/newsroom/stories/research/tarfile-exploiting-the-world.html\n* https://docs.python.org/3/library/tarfile.html#tarfile.TarFile.extractall\n",
    "permalink": "https://github.com/advisories/GHSA-rp2v-v467-q9vq",
    "publishedAt": "2022-12-02T22:25:25Z",
    "withdrawnAt": null,
    "identifiers": [
        {
            "type": "GHSA",
            "value": "GHSA-rp2v-v467-q9vq"
        },
        {
            "type": "CVE",
            "value": "CVE-2022-23531"
        }
    ]
}