{
    "ghsaId": "GHSA-4fg5-j4mm-wfpg",
    "severity": "MODERATE",
    "summary": "Apache Airflow contains open redirect",
    "description": "In Apache Airflow 2.3.0 through 2.3.4, there was an open redirect in the webserver's `/confirm` endpoint.",
    "permalink": "https://github.com/advisories/GHSA-4fg5-j4mm-wfpg",
    "publishedAt": "2022-09-22T22:39:52Z",
    "withdrawnAt": null,
    "identifiers": [
        {
            "type": "GHSA",
            "value": "GHSA-4fg5-j4mm-wfpg"
        },
        {
            "type": "CVE",
            "value": "CVE-2022-40754"
        }
    ]
}