{
    "ghsaId": "GHSA-43xg-8wmj-cw8h",
    "severity": "MODERATE",
    "summary": "Apache Spark vulnerable to Log Injection",
    "description": "A stored cross-site scripting (XSS) vulnerability in Apache Spark 3.2.1 and earlier, and 3.3.0, allows remote attackers to execute arbitrary JavaScript in the web browser of a user, by including a malicious payload into the logs which would be returned in logs rendered in the UI.",
    "permalink": "https://github.com/advisories/GHSA-43xg-8wmj-cw8h",
    "publishedAt": "2022-11-01T19:00:29Z",
    "withdrawnAt": null,
    "identifiers": [
        {
            "type": "GHSA",
            "value": "GHSA-43xg-8wmj-cw8h"
        },
        {
            "type": "CVE",
            "value": "CVE-2022-31777"
        }
    ]
}