{
    "ghsaId": "GHSA-9832-mgg4-3gr6",
    "severity": "MODERATE",
    "summary": "Apache Superset has improper default REST API permission for Gamma users",
    "description": "An improper default REST API permission for Gamma users in Apache Superset up to and including 2.1.0 allows for an authenticated Gamma user to test database connections.\n",
    "permalink": "https://github.com/advisories/GHSA-9832-mgg4-3gr6",
    "publishedAt": "2023-09-06T15:30:26Z",
    "withdrawnAt": null,
    "identifiers": [
        {
            "type": "GHSA",
            "value": "GHSA-9832-mgg4-3gr6"
        },
        {
            "type": "CVE",
            "value": "CVE-2023-36387"
        }
    ]
}