{
    "ghsaId": "GHSA-8fvv-46hw-vpg3",
    "severity": "MODERATE",
    "summary": "Overflow in `tf.keras.losses.poisson`",
    "description": "### Impact\n[`tf.keras.losses.poisson`](https://github.com/tensorflow/tensorflow/blob/master/tensorflow/python/keras/losses.py) receives a `y_pred` and `y_true` that are passed through `functor::mul` in [`BinaryOp`](https://github.com/tensorflow/tensorflow/blob/master/tensorflow/core/kernels/cwise_ops_common.h). If the resulting dimensions overflow an `int32`, TensorFlow will crash due to a size mismatch during broadcast assignment.\n```python\nimport numpy as np\nimport tensorflow as tf\n\ntrue_value = tf.reshape(shape=[1, 2500000000], tensor = tf.zeros(dtype=tf.bool, shape=[50000, 50000]))\npred_value = np.array([[[-2]], [[8]]], dtype = np.float64)\n\ntf.keras.losses.poisson(y_true=true_value,y_pred=pred_value)\n```\n\n### Patches\nWe have patched the issue in GitHub commit [c5b30379ba87cbe774b08ac50c1f6d36df4ebb7c](https://github.com/tensorflow/tensorflow/commit/c5b30379ba87cbe774b08ac50c1f6d36df4ebb7c).\n\nThe fix will be included in TensorFlow 2.11. We will also cherrypick this commit on TensorFlow 2.10.1 and 2.9.3, as these are also affected and still in supported range. However, we will not cherrypick this commit into TensorFlow 2.8.x, as it depends on Eigen behavior that changed between 2.8 and 2.9.\n\n\n### For more information\nPlease consult [our security guide](https://github.com/tensorflow/tensorflow/blob/master/SECURITY.md) for more information regarding the security model and how to contact us with issues and questions.\n\n\n### Attribution\nThis vulnerability has been reported by Pattarakrit Rattankul.\n",
    "permalink": "https://github.com/advisories/GHSA-8fvv-46hw-vpg3",
    "publishedAt": "2022-11-21T20:41:35Z",
    "withdrawnAt": null,
    "identifiers": [
        {
            "type": "GHSA",
            "value": "GHSA-8fvv-46hw-vpg3"
        },
        {
            "type": "CVE",
            "value": "CVE-2022-41887"
        }
    ]
}