{
    "ghsaId": "GHSA-5wpj-c6f7-24x8",
    "severity": "MODERATE",
    "summary": "Undefined behavior when users supply invalid resource handles",
    "description": "### Impact\nMultiple TensorFlow operations misbehave in eager mode when the resource handle provided to them is invalid:\n\n```python\nimport tensorflow as tf\n\ntf.raw_ops.QueueIsClosedV2(handle=[])\n```\n\n```python\nimport tensorflow as tf\n\ntf.summary.flush(writer=())\n```\n  \nIn graph mode, it would have been impossible to perform these API calls, but migration to TF 2.x eager mode opened up this vulnerability. If the resource handle is empty, then a reference is bound to a null pointer inside TensorFlow codebase (various codepaths). This is undefined behavior.\n\n### Patches\nWe have patched the issue in GitHub commit [a5b89cd68c02329d793356bda85d079e9e69b4e7](https://github.com/tensorflow/tensorflow/commit/a5b89cd68c02329d793356bda85d079e9e69b4e7) and GitHub commit [dbdd98c37bc25249e8f288bd30d01e118a7b4498](https://github.com/tensorflow/tensorflow/commit/dbdd98c37bc25249e8f288bd30d01e118a7b4498).\n\nThe fix will be included in TensorFlow 2.9.0. We will also cherrypick this commit on TensorFlow 2.8.1, TensorFlow 2.7.2, and TensorFlow 2.6.4, as these are also affected and still in supported range.\n\n### For more information\nPlease consult [our security guide](https://github.com/tensorflow/tensorflow/blob/master/SECURITY.md) for more information regarding the security model and how to contact us with issues and questions.\n\n### Attribution\nThis vulnerability has been reported by Hong Jin from Singapore Management University.",
    "permalink": "https://github.com/advisories/GHSA-5wpj-c6f7-24x8",
    "publishedAt": "2022-05-24T22:13:59Z",
    "withdrawnAt": null,
    "identifiers": [
        {
            "type": "GHSA",
            "value": "GHSA-5wpj-c6f7-24x8"
        },
        {
            "type": "CVE",
            "value": "CVE-2022-29207"
        }
    ]
}