{
    "ghsaId": "GHSA-6vhp-hp77-6w52",
    "severity": "MODERATE",
    "summary": "Trac HTML WikiProcessor cross-site scripting (XSS) vulnerability",
    "description": "Cross-site scripting (XSS) vulnerability in the HTML WikiProcessor in Edgewall Trac 0.9.2 allows remote attackers to inject arbitrary web script or HTML via javascript in the SRC attribute of an IMG tag.",
    "permalink": "https://github.com/advisories/GHSA-6vhp-hp77-6w52",
    "publishedAt": "2022-05-01T02:29:20Z",
    "withdrawnAt": null,
    "identifiers": [
        {
            "type": "GHSA",
            "value": "GHSA-6vhp-hp77-6w52"
        },
        {
            "type": "CVE",
            "value": "CVE-2005-4644"
        }
    ]
}