{
    "ghsaId": "GHSA-969w-gqqr-g6j3",
    "severity": "MODERATE",
    "summary": "MLflow Cross-Site Request Forgery (CSRF) vulnerability",
    "description": "A Cross-Site Request Forgery (CSRF) vulnerability exists in the Signup feature of mlflow/mlflow versions 2.17.0 to 2.20.1. This vulnerability allows an attacker to create a new account, which may be used to perform unauthorized actions on behalf of the malicious user.",
    "permalink": "https://github.com/advisories/GHSA-969w-gqqr-g6j3",
    "publishedAt": "2025-03-20T12:32:53Z",
    "withdrawnAt": null,
    "identifiers": [
        {
            "type": "GHSA",
            "value": "GHSA-969w-gqqr-g6j3"
        },
        {
            "type": "CVE",
            "value": "CVE-2025-1473"
        }
    ]
}