{
    "ghsaId": "GHSA-574p-6fw4-4hw8",
    "severity": "MODERATE",
    "summary": "Withdrawn Advisory: Pulp Improper Path Parsing",
    "description": "## Withdrawn Advisory\nThis advisory has been withdrawn because the package [pulpcore](https://pypi.org/project/pulpcore/) deals with pulp 3 only. This advisory concerns [pulp 2](https://github.com/pulp/pulp), which is not in a [supported ecosystem](https://github.com/github/advisory-database/blob/main/README.md#supported-ecosystems).\n\n## Original Description\npulp 2.16.x and possibly older is vulnerable to an improper path parsing. A malicious user or a malicious iso feed repository can write to locations accessible to the 'apache' user. This may lead to overwrite of published content on other iso repositories.",
    "permalink": "https://github.com/advisories/GHSA-574p-6fw4-4hw8",
    "publishedAt": "2022-05-13T01:48:57Z",
    "withdrawnAt": "2023-10-09T00:43:19Z",
    "identifiers": [
        {
            "type": "GHSA",
            "value": "GHSA-574p-6fw4-4hw8"
        },
        {
            "type": "CVE",
            "value": "CVE-2018-10917"
        }
    ]
}