{
    "ghsaId": "GHSA-95mg-jgfx-54v9",
    "severity": "MODERATE",
    "summary": "Apache Superset uncontrolled resource consumption",
    "description": "Uncontrolled resource consumption can be triggered by authenticated attacker that uploads a malicious ZIP to import database, dashboards or datasets.\u00a0\u00a0\nThis vulnerability exists in Apache Superset versions up to and including 2.1.2 and versions 3.0.0, 3.0.1.",
    "permalink": "https://github.com/advisories/GHSA-95mg-jgfx-54v9",
    "publishedAt": "2023-12-19T12:30:19Z",
    "withdrawnAt": null,
    "identifiers": [
        {
            "type": "GHSA",
            "value": "GHSA-95mg-jgfx-54v9"
        },
        {
            "type": "CVE",
            "value": "CVE-2023-46104"
        }
    ]
}