{
    "ghsaId": "GHSA-77cj-rv5x-v6r2",
    "severity": "MODERATE",
    "summary": "FastChat open redirect vulnerability",
    "description": "An open redirect vulnerability in lm-sys/fastchat Release v0.2.36 allows a remote unauthenticated attacker to redirect users to arbitrary websites via a specially crafted URL. This can be exploited for phishing attacks, malware distribution, and credential theft.",
    "permalink": "https://github.com/advisories/GHSA-77cj-rv5x-v6r2",
    "publishedAt": "2025-03-20T12:32:41Z",
    "withdrawnAt": null,
    "identifiers": [
        {
            "type": "GHSA",
            "value": "GHSA-77cj-rv5x-v6r2"
        },
        {
            "type": "CVE",
            "value": "CVE-2024-10908"
        }
    ]
}