{
    "ghsaId": "GHSA-8gv6-x88p-3f6h",
    "severity": "MODERATE",
    "summary": "Uncontrolled Resource Consumption in pyftpdlib",
    "description": "Memory leak in the on_dtp_close function in ftpserver.py in pyftpdlib before 0.5.2 allows remote authenticated users to cause a denial of service (memory consumption) by sending a QUIT command during a data transfer.",
    "permalink": "https://github.com/advisories/GHSA-8gv6-x88p-3f6h",
    "publishedAt": "2022-05-02T04:00:27Z",
    "withdrawnAt": null,
    "identifiers": [
        {
            "type": "GHSA",
            "value": "GHSA-8gv6-x88p-3f6h"
        },
        {
            "type": "CVE",
            "value": "CVE-2009-5013"
        }
    ]
}