{
    "ghsaId": "GHSA-3qqg-pgqq-3695",
    "severity": "MODERATE",
    "summary": "Gradio vulnerable to arbitrary file read and proxying of arbitrary URLs",
    "description": "### Impact\nThere are two separate security vulnerabilities here: (1) a security vulnerability that allows users to read arbitrary files on the machines that are running shared Gradio apps (2) the ability of users to use machines that are sharing Gradio apps to proxy arbitrary URLs\n\n### Patches\nBoth problems have been solved, please upgrade `gradio` to `3.34.0` or higher\n\n### Workarounds\nNot possible to workaround except by taking down any shared Gradio apps\n\n### References\nRelevant PRs:\n* https://github.com/gradio-app/gradio/pull/4406\n* https://github.com/gradio-app/gradio/pull/4370",
    "permalink": "https://github.com/advisories/GHSA-3qqg-pgqq-3695",
    "publishedAt": "2023-06-09T22:51:19Z",
    "withdrawnAt": null,
    "identifiers": [
        {
            "type": "GHSA",
            "value": "GHSA-3qqg-pgqq-3695"
        },
        {
            "type": "CVE",
            "value": "CVE-2023-34239"
        }
    ]
}