{
    "ghsaId": "GHSA-7rxf-gvfg-47g4",
    "severity": "MODERATE",
    "summary": "Flask-CORS improper regex path matching vulnerability",
    "description": "corydolphin/flask-cors version 4.0.1 contains an improper regex path matching vulnerability. The plugin prioritizes longer regex patterns over more specific ones when matching paths, which can lead to less restrictive CORS policies being applied to sensitive endpoints. This mismatch in regex pattern priority allows unauthorized cross-origin access to sensitive data or functionality, potentially exposing confidential information and increasing the risk of unauthorized actions by malicious actors.",
    "permalink": "https://github.com/advisories/GHSA-7rxf-gvfg-47g4",
    "publishedAt": "2025-03-20T12:32:45Z",
    "withdrawnAt": null,
    "identifiers": [
        {
            "type": "GHSA",
            "value": "GHSA-7rxf-gvfg-47g4"
        },
        {
            "type": "CVE",
            "value": "CVE-2024-6839"
        }
    ]
}