{
    "ghsaId": "GHSA-89rj-5ggj-3p9p",
    "severity": "MODERATE",
    "summary": "Reachable Assertion in OpenCV.",
    "description": "In OpenCV 3.3.1 (corresponds with OpenCV-Python 3.3.1.11), an assertion failure happens in cv::RBaseStream::setPos in modules/imgcodecs/src/bitstrm.cpp because of an incorrect integer cast.",
    "permalink": "https://github.com/advisories/GHSA-89rj-5ggj-3p9p",
    "publishedAt": "2021-10-12T22:03:41Z",
    "withdrawnAt": null,
    "identifiers": [
        {
            "type": "GHSA",
            "value": "GHSA-89rj-5ggj-3p9p"
        },
        {
            "type": "CVE",
            "value": "CVE-2018-5269"
        }
    ]
}