{
    "ghsaId": "GHSA-5pcv-m8w2-62m9",
    "severity": "MODERATE",
    "summary": "Ajenti Cross-site Scripting Via Filename",
    "description": "Ajenti through v1.2.23.13 has a Cross-site Scripting (XSS) vulnerability via a filename that is mishandled in File Manager.",
    "permalink": "https://github.com/advisories/GHSA-5pcv-m8w2-62m9",
    "publishedAt": "2022-05-14T01:52:20Z",
    "withdrawnAt": null,
    "identifiers": [
        {
            "type": "GHSA",
            "value": "GHSA-5pcv-m8w2-62m9"
        },
        {
            "type": "CVE",
            "value": "CVE-2018-18548"
        }
    ]
}