{
    "ghsaId": "GHSA-5jq3-8437-x35p",
    "severity": "MODERATE",
    "summary": "Multiple cross-site scripting (XSS) vulnerabilities in Roundup",
    "description": "Multiple cross-site scripting (XSS) vulnerabilities in Roundup before 1.4.20 allow remote attackers to inject arbitrary web script or HTML via the (1) @ok_message or (2) @error_message parameter to issue*.",
    "permalink": "https://github.com/advisories/GHSA-5jq3-8437-x35p",
    "publishedAt": "2022-04-23T00:40:39Z",
    "withdrawnAt": null,
    "identifiers": [
        {
            "type": "GHSA",
            "value": "GHSA-5jq3-8437-x35p"
        },
        {
            "type": "CVE",
            "value": "CVE-2012-6133"
        }
    ]
}