{
    "ghsaId": "GHSA-82rm-28q9-435p",
    "severity": "MODERATE",
    "summary": "Mailman Cross-site scripting (XSS) vulnerability ",
    "description": "Cross-site scripting (XSS) vulnerability in options.py for Mailman 2.1 allows remote attackers to inject script or HTML into web pages via the (1) email or (2) language parameters.",
    "permalink": "https://github.com/advisories/GHSA-82rm-28q9-435p",
    "publishedAt": "2022-04-29T01:25:43Z",
    "withdrawnAt": null,
    "identifiers": [
        {
            "type": "GHSA",
            "value": "GHSA-82rm-28q9-435p"
        },
        {
            "type": "CVE",
            "value": "CVE-2003-0038"
        }
    ]
}