{
    "ghsaId": "GHSA-3cwm-7jmm-774w",
    "severity": "MODERATE",
    "summary": "Deserialization of Untrusted Data in Beaker",
    "description": "The Beaker library through 1.11.0 for Python is affected by deserialization of untrusted data, which could lead to arbitrary code execution.",
    "permalink": "https://github.com/advisories/GHSA-3cwm-7jmm-774w",
    "publishedAt": "2022-05-05T00:29:41Z",
    "withdrawnAt": null,
    "identifiers": [
        {
            "type": "GHSA",
            "value": "GHSA-3cwm-7jmm-774w"
        },
        {
            "type": "CVE",
            "value": "CVE-2013-7489"
        }
    ]
}