{
    "ghsaId": "GHSA-47vp-44v9-rhgq",
    "severity": "MODERATE",
    "summary": "OpenStack Horizon Cross-site Scripting (XSS)",
    "description": "OpenStack Horizon 9.x through 9.1.1, 10.x through 10.0.2, and 11.0.0 allows remote authenticated administrators to conduct XSS attacks via a crafted federation mapping.",
    "permalink": "https://github.com/advisories/GHSA-47vp-44v9-rhgq",
    "publishedAt": "2022-05-14T03:53:47Z",
    "withdrawnAt": null,
    "identifiers": [
        {
            "type": "GHSA",
            "value": "GHSA-47vp-44v9-rhgq"
        },
        {
            "type": "CVE",
            "value": "CVE-2017-7400"
        }
    ]
}