{
    "ghsaId": "GHSA-2rqw-cfhc-35fh",
    "severity": "MODERATE",
    "summary": "CKAN may leak Solr credentials via error message in package_search action",
    "description": "If there were connection issues with the Solr server, the internal Solr URL (potentially including credentials) could be leaked to `package_search` calls as part of the returned error message\n\n### Patches\nThis has been patched in CKAN 2.10.5 and 2.11.0\n",
    "permalink": "https://github.com/advisories/GHSA-2rqw-cfhc-35fh",
    "publishedAt": "2024-08-21T18:26:27Z",
    "withdrawnAt": null,
    "identifiers": [
        {
            "type": "GHSA",
            "value": "GHSA-2rqw-cfhc-35fh"
        },
        {
            "type": "CVE",
            "value": "CVE-2024-41674"
        }
    ]
}