{
    "ghsaId": "GHSA-5chr-wjw5-3gq4",
    "severity": "MODERATE",
    "summary": "matrix-synapse vulnerable to denial of service due to malicious server ACL events",
    "description": "### Impact\nA malicious server ACL event can impact performance temporarily or permanently leading to a persistent denial of service.\n\nHomeservers running on a closed federation (which presumably do not need to use server ACLs) are not affected.\n\n### Patches\nServer administrators are advised to upgrade to Synapse 1.94.0 or later.\n\n### Workarounds\nRooms with malicious server ACL events can be [purged and blocked](https://matrix-org.github.io/synapse/latest/admin_api/rooms.html#version-2-new-version) using the admin API.\n",
    "permalink": "https://github.com/advisories/GHSA-5chr-wjw5-3gq4",
    "publishedAt": "2023-10-10T21:27:53Z",
    "withdrawnAt": null,
    "identifiers": [
        {
            "type": "GHSA",
            "value": "GHSA-5chr-wjw5-3gq4"
        },
        {
            "type": "CVE",
            "value": "CVE-2023-45129"
        }
    ]
}