{
    "ghsaId": "GHSA-8xv7-89vj-q48c",
    "severity": "MODERATE",
    "summary": "Information disclosure in AccessControl",
    "description": "### Impact\nPython's \"format\" functionality allows someone controlling the format string to \"read\" objects accessible (recursively) via attribute access and subscription from accessible objects. Those attribute accesses and subscriptions use Python's full blown `getattr` and `getitem`, not the policy restricted `AccessControl` variants `_getattr_` and `_getitem_`. This can lead to critical information disclosure.\n\n`AccessControl` already provides a safe variant for `str.format` and denies access to `string.Formatter`. However, `str.format_map` is still unsafe.\n\nAffected are all users who allow untrusted users to create `AccessControl` controlled Python code and execute it.\n\n### Patches\nA fix will be introduced in the versions 4.4, 5.8 and 6.2.\n\n### Workarounds\nThere are no workarounds.\n\n### References\nhttps://github.com/zopefoundation/RestrictedPython/security/advisories/GHSA-xjw2-6jm9-rf67 describes the corresponding problem for `RestrictedPython`.\n",
    "permalink": "https://github.com/advisories/GHSA-8xv7-89vj-q48c",
    "publishedAt": "2023-09-07T12:56:39Z",
    "withdrawnAt": null,
    "identifiers": [
        {
            "type": "GHSA",
            "value": "GHSA-8xv7-89vj-q48c"
        },
        {
            "type": "CVE",
            "value": "CVE-2023-41050"
        }
    ]
}