{
    "ghsaId": "GHSA-6qqp-4vm3-359v",
    "severity": "MODERATE",
    "summary": "OpenStack Barbican credential leak flaw",
    "description": "A credentials leak flaw was found in OpenStack Barbican. This flaw allows a local authenticated attacker to read the configuration file, gaining access to sensitive credentials.",
    "permalink": "https://github.com/advisories/GHSA-6qqp-4vm3-359v",
    "publishedAt": "2023-09-24T03:30:20Z",
    "withdrawnAt": null,
    "identifiers": [
        {
            "type": "GHSA",
            "value": "GHSA-6qqp-4vm3-359v"
        },
        {
            "type": "CVE",
            "value": "CVE-2023-1633"
        }
    ]
}