{
    "ghsaId": "GHSA-2ppf-2m6f-6v6f",
    "severity": "MODERATE",
    "summary": " OpenStack improperly deletes access rules",
    "description": "A flaw was found in OpenStack. When a user tries to delete a non-existing access rule in it's scope, it deletes other existing access rules which are not associated with any application credentials.",
    "permalink": "https://github.com/advisories/GHSA-2ppf-2m6f-6v6f",
    "publishedAt": "2024-11-17T12:30:29Z",
    "withdrawnAt": null,
    "identifiers": [
        {
            "type": "GHSA",
            "value": "GHSA-2ppf-2m6f-6v6f"
        },
        {
            "type": "CVE",
            "value": "CVE-2023-6110"
        }
    ]
}