{
    "ghsaId": "GHSA-37m5-42qp-4qpr",
    "severity": "MODERATE",
    "summary": "Cross-site scripting in LocalStack",
    "description": "A Cross-site scripting (XSS) vulnerability exists in StackLift LocalStack.",
    "permalink": "https://github.com/advisories/GHSA-37m5-42qp-4qpr",
    "publishedAt": "2021-06-18T18:38:09Z",
    "withdrawnAt": null,
    "identifiers": [
        {
            "type": "GHSA",
            "value": "GHSA-37m5-42qp-4qpr"
        },
        {
            "type": "CVE",
            "value": "CVE-2021-32091"
        }
    ]
}