{
    "ghsaId": "GHSA-3wg7-r7q5-r2jf",
    "severity": "MODERATE",
    "summary": "Indico Insecure Access",
    "description": "A Broken Object Level Authorization (BOLA) vulnerability in Indico v3.2.9 allows attackers to access sensitive information via sending a crafted POST request to the component /api/principals.",
    "permalink": "https://github.com/advisories/GHSA-3wg7-r7q5-r2jf",
    "publishedAt": "2025-01-16T18:31:00Z",
    "withdrawnAt": null,
    "identifiers": [
        {
            "type": "GHSA",
            "value": "GHSA-3wg7-r7q5-r2jf"
        },
        {
            "type": "CVE",
            "value": "CVE-2024-50633"
        }
    ]
}