{
    "ghsaId": "GHSA-5mj6-643f-2g85",
    "severity": "MODERATE",
    "summary": "OpenStack Compute (Nova) allows remote authenticated users to obtain sensitive information",
    "description": "OpenStack Compute (Nova) before 2013.1.3 and Havana before havana-2 does not properly enforce the os-flavor-access:is_public property, which allows remote authenticated users to obtain sensitive information (flavor properties), boot arbitrary flavors, and possibly have other unspecified impacts by guessing the flavor id.",
    "permalink": "https://github.com/advisories/GHSA-5mj6-643f-2g85",
    "publishedAt": "2022-05-14T01:58:46Z",
    "withdrawnAt": null,
    "identifiers": [
        {
            "type": "GHSA",
            "value": "GHSA-5mj6-643f-2g85"
        },
        {
            "type": "CVE",
            "value": "CVE-2013-2256"
        }
    ]
}