{
    "ghsaId": "GHSA-7gpw-8wmc-pm8g",
    "severity": "MODERATE",
    "summary": "aiohttp Cross-site Scripting vulnerability on index pages for static file handling",
    "description": "### Summary\n\nA XSS vulnerability exists on index pages for static file handling.\n\n### Details\n\nWhen using `web.static(..., show_index=True)`, the resulting index pages do not escape file names.\n\nIf users can upload files with arbitrary filenames to the static directory, the server is vulnerable to XSS attacks.\n\n### Workaround\n\nWe have always recommended using a reverse proxy server (e.g. nginx) for serving static files. Users following the recommendation are unaffected.\n\nOther users can disable `show_index` if unable to upgrade.\n\n-----\n\nPatch: https://github.com/aio-libs/aiohttp/pull/8319/files",
    "permalink": "https://github.com/advisories/GHSA-7gpw-8wmc-pm8g",
    "publishedAt": "2024-04-18T13:45:21Z",
    "withdrawnAt": null,
    "identifiers": [
        {
            "type": "GHSA",
            "value": "GHSA-7gpw-8wmc-pm8g"
        },
        {
            "type": "CVE",
            "value": "CVE-2024-27306"
        }
    ]
}