{
    "ghsaId": "GHSA-76x2-h8h3-cwjg",
    "severity": "MODERATE",
    "summary": "Access control issue in AlekSIS-Core",
    "description": "An access control issue in aleksis/core/util/auth_helpers.py: ClientProtectedResourceMixin of AlekSIS-Core v2.8.1 and below allows attackers to access arbitrary scopes if no allowed scopes are specifically set.",
    "permalink": "https://github.com/advisories/GHSA-76x2-h8h3-cwjg",
    "publishedAt": "2022-06-04T00:00:25Z",
    "withdrawnAt": null,
    "identifiers": [
        {
            "type": "GHSA",
            "value": "GHSA-76x2-h8h3-cwjg"
        },
        {
            "type": "CVE",
            "value": "CVE-2022-29773"
        }
    ]
}