{
    "ghsaId": "GHSA-97fv-22hc-mrgj",
    "severity": "MODERATE",
    "summary": "OpenStack Compute (Nova) Improper Access Control ",
    "description": "OpenStack Compute (nova) Icehouse, Juno and Havana when live migration fails allows local users to access VM volumes that they would normally not have permissions for.",
    "permalink": "https://github.com/advisories/GHSA-97fv-22hc-mrgj",
    "publishedAt": "2022-05-17T01:57:43Z",
    "withdrawnAt": null,
    "identifiers": [
        {
            "type": "GHSA",
            "value": "GHSA-97fv-22hc-mrgj"
        },
        {
            "type": "CVE",
            "value": "CVE-2015-2687"
        }
    ]
}