{
    "ghsaId": "GHSA-3vx7-xff6-h2vx",
    "severity": "MODERATE",
    "summary": "OpenStack Nova instance migration process does not stop when instance is deleted",
    "description": "OpenStack Compute (nova) 2015.1 through 2015.1.1, 2014.2.3, and earlier does not stop the migration process when the instance is deleted, which allows remote authenticated users to cause a denial of service (disk, network, and other resource consumption) by resizing and then deleting an instance.",
    "permalink": "https://github.com/advisories/GHSA-3vx7-xff6-h2vx",
    "publishedAt": "2022-05-14T01:58:45Z",
    "withdrawnAt": null,
    "identifiers": [
        {
            "type": "GHSA",
            "value": "GHSA-3vx7-xff6-h2vx"
        },
        {
            "type": "CVE",
            "value": "CVE-2015-3241"
        }
    ]
}