{
    "ghsaId": "GHSA-6xwf-xvf3-v459",
    "severity": "MODERATE",
    "summary": "Apache Airflow: Incorrect Default Permissions in audit logs for Ops and Viewers users",
    "description": "Apache Airflow, versions before 2.8.2, has a vulnerability that allows authenticated Ops and Viewers users to view all information on audit logs, including dag names and usernames they were not permitted to view.\u00a0With 2.8.2 and newer, Ops and Viewer users do not have audit log permission by default, they need to be explicitly granted permissions to see the logs. Only admin users have audit log permission by default.\n\nUsers of Apache Airflow are recommended to upgrade to version 2.8.2 or newer to mitigate the risk associated with this vulnerability",
    "permalink": "https://github.com/advisories/GHSA-6xwf-xvf3-v459",
    "publishedAt": "2024-03-01T12:30:53Z",
    "withdrawnAt": null,
    "identifiers": [
        {
            "type": "GHSA",
            "value": "GHSA-6xwf-xvf3-v459"
        },
        {
            "type": "CVE",
            "value": "CVE-2024-26280"
        }
    ]
}