{
    "ghsaId": "GHSA-5r76-cjf4-c9qx",
    "severity": "MODERATE",
    "summary": "Moderate severity vulnerability that affects mayan-edms",
    "description": "An issue was discovered in Mayan EDMS before 3.0.2. The Cabinets app has XSS via a crafted cabinet label.",
    "permalink": "https://github.com/advisories/GHSA-5r76-cjf4-c9qx",
    "publishedAt": "2018-09-06T03:24:57Z",
    "withdrawnAt": null,
    "identifiers": [
        {
            "type": "GHSA",
            "value": "GHSA-5r76-cjf4-c9qx"
        },
        {
            "type": "CVE",
            "value": "CVE-2018-16406"
        }
    ]
}