{
    "ghsaId": "GHSA-6rx9-c2rh-3qv4",
    "severity": "MODERATE",
    "summary": "OpenStack Barbican information disclosure vulnerability",
    "description": "A vulnerability was found in OpenStack Barbican containers. This vulnerability is only applicable to deployments that utilize an all-in-one configuration. Barbican containers share the same CGROUP, USER, and NET namespace with the host system and other OpenStack services. If any service is compromised, it could gain access to the data transmitted to and from Barbican.",
    "permalink": "https://github.com/advisories/GHSA-6rx9-c2rh-3qv4",
    "publishedAt": "2023-09-24T03:30:20Z",
    "withdrawnAt": null,
    "identifiers": [
        {
            "type": "GHSA",
            "value": "GHSA-6rx9-c2rh-3qv4"
        },
        {
            "type": "CVE",
            "value": "CVE-2023-1636"
        }
    ]
}