{
    "ghsaId": "GHSA-52xx-r3g2-p8jm",
    "severity": "MODERATE",
    "summary": "LIEF vulnerable to heap based buffer overflow",
    "description": "LIEF commit 5d1d643 was discovered to contain a heap-buffer overflow in the component `/core/CorePrPsInfo.tcc`. Commit 53bf680ef494a835e2c4a5de328ca85416a03a5a contains a patch.",
    "permalink": "https://github.com/advisories/GHSA-52xx-r3g2-p8jm",
    "publishedAt": "2022-09-14T00:00:42Z",
    "withdrawnAt": null,
    "identifiers": [
        {
            "type": "GHSA",
            "value": "GHSA-52xx-r3g2-p8jm"
        },
        {
            "type": "CVE",
            "value": "CVE-2022-38306"
        }
    ]
}