{
    "ghsaId": "GHSA-23fx-92m6-4f2g",
    "severity": "MODERATE",
    "summary": "pretalx allows path traversal in HTML export",
    "description": "pretalx 2.3.1 before 2.3.2 allows path traversal in HTML export (a non-default feature). Organizers can trigger the overwriting (with the standard pretalx 404 page content) of an arbitrary file.",
    "permalink": "https://github.com/advisories/GHSA-23fx-92m6-4f2g",
    "publishedAt": "2023-04-20T21:33:27Z",
    "withdrawnAt": null,
    "identifiers": [
        {
            "type": "GHSA",
            "value": "GHSA-23fx-92m6-4f2g"
        },
        {
            "type": "CVE",
            "value": "CVE-2023-28458"
        }
    ]
}