{
    "ghsaId": "GHSA-7rq4-qcpw-74gq",
    "severity": "MODERATE",
    "summary": "Formula Injection in Exported Data",
    "description": "### Impact\n\nDatasets exported to file (e.g. CSV / XLS) are not sufficiently sanitized, to neutralize potential formula injection\n\n### Patches\n\n- The issue is addressed in the upcoming 0.8.0 release\n- This fix will also be back-ported to the 0.7.x branch, applied to the 0.7.2 release\n\n### Workarounds\n\nUsers exporting untrusted data should open the files in safe mode (e.g. in Microsoft Excel).\n\n### References\n\n- https://huntr.dev/bounties/e57c36e7-fa39-435f-944a-3a52ee066f73/\n- https://owasp.org/www-community/attacks/CSV_Injection\n\n### For more information\n\nIf you have any questions or comments about this advisory:\n\n* Open an issue in [github](http://github.com/inventree/inventree)\n* Email us at [security@inventree.org](mailto:security@inventree.org)\n",
    "permalink": "https://github.com/advisories/GHSA-7rq4-qcpw-74gq",
    "publishedAt": "2022-06-17T01:17:22Z",
    "withdrawnAt": null,
    "identifiers": [
        {
            "type": "GHSA",
            "value": "GHSA-7rq4-qcpw-74gq"
        }
    ]
}