{
    "ghsaId": "GHSA-5xm4-jmpw-p6j3",
    "severity": "MODERATE",
    "summary": "Ansible discloses credential information",
    "description": "Ansible before 1.5.5 constructs filenames containing user and password fields on the basis of deb lines in `sources.list`, which might allow local users to obtain sensitive credential information in opportunistic circumstances by leveraging existence of a file that uses the `deb http://user:pass@server:port/` format.",
    "permalink": "https://github.com/advisories/GHSA-5xm4-jmpw-p6j3",
    "publishedAt": "2022-05-17T19:57:32Z",
    "withdrawnAt": null,
    "identifiers": [
        {
            "type": "GHSA",
            "value": "GHSA-5xm4-jmpw-p6j3"
        },
        {
            "type": "CVE",
            "value": "CVE-2014-4660"
        }
    ]
}