{
    "ghsaId": "GHSA-5f2r-qp73-37mr",
    "severity": "MODERATE",
    "summary": "`CHECK`-failures during Grappler's `SafeToRemoveIdentity` in Tensorflow",
    "description": "### Impact\nThe Grappler optimizer in TensorFlow can be used to cause a denial of service by altering a `SavedModel` such that [`SafeToRemoveIdentity`](https://github.com/tensorflow/tensorflow/blob/a1320ec1eac186da1d03f033109191f715b2b130/tensorflow/core/grappler/optimizers/dependency_optimizer.cc#L59-L98) would trigger `CHECK` failures.\n\n### Patches\nWe have patched the issue in GitHub commit [92dba16749fae36c246bec3f9ba474d9ddeb7662](https://github.com/tensorflow/tensorflow/commit/92dba16749fae36c246bec3f9ba474d9ddeb7662).\nThe fix will be included in TensorFlow 2.8.0. We will also cherrypick this commit on TensorFlow 2.7.1, TensorFlow 2.6.3, and TensorFlow 2.5.3, as these are also affected and still in supported range.\n### For more information\nPlease consult [our security guide](https://github.com/tensorflow/tensorflow/blob/master/SECURITY.md) for more information regarding the security model and how to contact us with issues and questions.",
    "permalink": "https://github.com/advisories/GHSA-5f2r-qp73-37mr",
    "publishedAt": "2022-02-10T00:33:29Z",
    "withdrawnAt": null,
    "identifiers": [
        {
            "type": "GHSA",
            "value": "GHSA-5f2r-qp73-37mr"
        },
        {
            "type": "CVE",
            "value": "CVE-2022-23579"
        }
    ]
}