{
    "ghsaId": "GHSA-2p78-8hh6-96xc",
    "severity": "MODERATE",
    "summary": "feedparser Cross-site Scripting vulnerability",
    "description": "Cross-site scripting (XSS) vulnerability in feedparser.py in Universal Feed Parser (aka feedparser or python-feedparser) 5.x before 5.0.1 allows remote attackers to inject arbitrary web script or HTML via malformed XML comments.",
    "permalink": "https://github.com/advisories/GHSA-2p78-8hh6-96xc",
    "publishedAt": "2018-07-23T19:52:21Z",
    "withdrawnAt": null,
    "identifiers": [
        {
            "type": "GHSA",
            "value": "GHSA-2p78-8hh6-96xc"
        },
        {
            "type": "CVE",
            "value": "CVE-2011-1157"
        }
    ]
}