{
    "ghsaId": "GHSA-6w93-4c4p-xv2x",
    "severity": "MODERATE",
    "summary": "Plone Metadata Disclosure",
    "description": "`uid_catalog.py` in Plone before 4.2.3 and 4.3 before beta 1 allows remote attackers to obtain metadata about hidden objects via a crafted URL.",
    "permalink": "https://github.com/advisories/GHSA-6w93-4c4p-xv2x",
    "publishedAt": "2022-05-17T04:32:24Z",
    "withdrawnAt": null,
    "identifiers": [
        {
            "type": "GHSA",
            "value": "GHSA-6w93-4c4p-xv2x"
        },
        {
            "type": "CVE",
            "value": "CVE-2012-5492"
        }
    ]
}