{
    "ghsaId": "GHSA-57h7-r3q3-w57j",
    "severity": "MODERATE",
    "summary": "Cross-Site Scripting",
    "description": "Django-Rest-Framework, before 3.9.1, has a XSS vulnerability caused by disabled autoescaping in the default DRF Browsable API view templates.",
    "permalink": "https://github.com/advisories/GHSA-57h7-r3q3-w57j",
    "publishedAt": "2021-02-24T19:46:00Z",
    "withdrawnAt": "2021-02-24T19:46:00Z",
    "identifiers": [
        {
            "type": "GHSA",
            "value": "GHSA-57h7-r3q3-w57j"
        }
    ]
}