{
    "ghsaId": "GHSA-4m72-rmm9-2qjr",
    "severity": "MODERATE",
    "summary": "feedparser Cross-site Scripting vulnerability",
    "description": "Cross-site scripting (XSS) vulnerability in feedparser.py in Universal Feed Parser (aka feedparser or python-feedparser) 5.x before 5.0.1 allows remote attackers to inject arbitrary web script or HTML via an unexpected URI scheme, as demonstrated by a javascript: URI.",
    "permalink": "https://github.com/advisories/GHSA-4m72-rmm9-2qjr",
    "publishedAt": "2018-07-23T19:51:43Z",
    "withdrawnAt": null,
    "identifiers": [
        {
            "type": "GHSA",
            "value": "GHSA-4m72-rmm9-2qjr"
        },
        {
            "type": "CVE",
            "value": "CVE-2011-1158"
        }
    ]
}