{
    "ghsaId": "GHSA-92hc-c226-32q7",
    "severity": "MODERATE",
    "summary": "OpenStack Compute (Nova)'s VMWare driver vulnerable to denial of service",
    "description": "The VMWare driver in OpenStack Compute (Nova) before 2014.1.3 allows remote authenticated users to bypass the quota limit and cause a denial of service (resource consumption) by putting the VM into the rescue state, suspending it, which puts into an ERROR state, and then deleting the image.  NOTE: this vulnerability exists because of an incomplete fix for CVE-2014-2573.",
    "permalink": "https://github.com/advisories/GHSA-92hc-c226-32q7",
    "publishedAt": "2022-05-14T01:58:45Z",
    "withdrawnAt": null,
    "identifiers": [
        {
            "type": "GHSA",
            "value": "GHSA-92hc-c226-32q7"
        },
        {
            "type": "CVE",
            "value": "CVE-2014-3608"
        }
    ]
}