{
    "ghsaId": "GHSA-34rf-p3r3-58x2",
    "severity": "MODERATE",
    "summary": "Gradio's Component Server does not properly consider` _is_server_fn` for functions",
    "description": "Component Server in Gradio before 4.13 does not properly consider` _is_server_fn` for functions.",
    "permalink": "https://github.com/advisories/GHSA-34rf-p3r3-58x2",
    "publishedAt": "2024-05-05T21:30:31Z",
    "withdrawnAt": null,
    "identifiers": [
        {
            "type": "GHSA",
            "value": "GHSA-34rf-p3r3-58x2"
        },
        {
            "type": "CVE",
            "value": "CVE-2024-34511"
        }
    ]
}