{
    "ghsaId": "GHSA-43fp-rhv2-5gv8",
    "severity": "MODERATE",
    "summary": "Certifi removing TrustCor root certificate",
    "description": "Certifi 2022.12.07 removes root certificates from \"TrustCor\" from the root store. These are in the process of being removed from Mozilla's trust store.\n\nTrustCor's root certificates are being removed pursuant to an investigation prompted by media reporting that TrustCor's ownership also operated a business that produced spyware. Conclusions of Mozilla's investigation can be found [here](https://groups.google.com/a/mozilla.org/g/dev-security-policy/c/oxX69KFvsm4/m/yLohoVqtCgAJ).",
    "permalink": "https://github.com/advisories/GHSA-43fp-rhv2-5gv8",
    "publishedAt": "2022-12-07T23:05:18Z",
    "withdrawnAt": null,
    "identifiers": [
        {
            "type": "GHSA",
            "value": "GHSA-43fp-rhv2-5gv8"
        },
        {
            "type": "CVE",
            "value": "CVE-2022-23491"
        }
    ]
}