{
    "ghsaId": "GHSA-3mwg-gp5g-fv3q",
    "severity": "MODERATE",
    "summary": "feedparser Cross-site Scripting vulnerability",
    "description": "Cross-site scripting (XSS) vulnerability in feedparser.py in Universal Feed Parser (aka feedparser or python-feedparser) before 5.0 allows remote attackers to inject arbitrary web script or HTML via vectors involving nested CDATA stanzas.",
    "permalink": "https://github.com/advisories/GHSA-3mwg-gp5g-fv3q",
    "publishedAt": "2022-05-02T04:00:51Z",
    "withdrawnAt": null,
    "identifiers": [
        {
            "type": "GHSA",
            "value": "GHSA-3mwg-gp5g-fv3q"
        },
        {
            "type": "CVE",
            "value": "CVE-2009-5065"
        }
    ]
}