{
    "ghsaId": "GHSA-7fq8-4pv5-5w5c",
    "severity": "MODERATE",
    "summary": "Django cross-site scripting (XSS) attack via user-supplied redirect URLs",
    "description": "The utils.http.is_safe_url function in Django before 1.4.20, 1.5.x, 1.6.x before 1.6.11, 1.7.x before 1.7.7, and 1.8.x before 1.8c1 does not properly validate URLs, which allows remote attackers to conduct cross-site scripting (XSS) attacks via a control character in a URL, as demonstrated by a \\x08javascript: URL.",
    "permalink": "https://github.com/advisories/GHSA-7fq8-4pv5-5w5c",
    "publishedAt": "2022-05-14T02:06:51Z",
    "withdrawnAt": null,
    "identifiers": [
        {
            "type": "GHSA",
            "value": "GHSA-7fq8-4pv5-5w5c"
        },
        {
            "type": "CVE",
            "value": "CVE-2015-2317"
        }
    ]
}