{
    "ghsaId": "GHSA-62xg-239j-vxg7",
    "severity": "MODERATE",
    "summary": "Concurrent Execution using Shared Resource with Improper Synchronization ('Race Condition') in pyftpdlib",
    "description": "Race condition in the FTPHandler class in ftpserver.py in pyftpdlib before 0.5.2 allows remote attackers to cause a denial of service (daemon outage) by establishing and then immediately closing a TCP connection, leading to the getpeername function having an ENOTCONN error, a different vulnerability than CVE-2010-3494.",
    "permalink": "https://github.com/advisories/GHSA-62xg-239j-vxg7",
    "publishedAt": "2022-05-02T04:00:27Z",
    "withdrawnAt": null,
    "identifiers": [
        {
            "type": "GHSA",
            "value": "GHSA-62xg-239j-vxg7"
        },
        {
            "type": "CVE",
            "value": "CVE-2009-5011"
        }
    ]
}