{
    "ghsaId": "GHSA-4gv5-qhvr-36vv",
    "severity": "MODERATE",
    "summary": "Improper Link Resolution Before File Access in pip",
    "description": "pip before 1.3 allows local users to overwrite arbitrary files via a symlink attack on a file in the /tmp/pip-build temporary directory.",
    "permalink": "https://github.com/advisories/GHSA-4gv5-qhvr-36vv",
    "publishedAt": "2022-05-13T01:11:25Z",
    "withdrawnAt": null,
    "identifiers": [
        {
            "type": "GHSA",
            "value": "GHSA-4gv5-qhvr-36vv"
        },
        {
            "type": "CVE",
            "value": "CVE-2013-1888"
        }
    ]
}