{
    "ghsaId": "GHSA-5hgc-2vfp-mqvc",
    "severity": "MODERATE",
    "summary": "Django vulnerable to denial-of-service attack via the urlize() and urlizetrunc() template filters",
    "description": "An issue was discovered in Django 5.1 before 5.1.1, 5.0 before 5.0.9, and 4.2 before 4.2.16. The urlize() and urlizetrunc() template filters are subject to a potential denial-of-service attack via very large inputs with a specific sequence of characters.",
    "permalink": "https://github.com/advisories/GHSA-5hgc-2vfp-mqvc",
    "publishedAt": "2024-10-08T18:33:13Z",
    "withdrawnAt": null,
    "identifiers": [
        {
            "type": "GHSA",
            "value": "GHSA-5hgc-2vfp-mqvc"
        },
        {
            "type": "CVE",
            "value": "CVE-2024-45230"
        }
    ]
}