{
    "ghsaId": "GHSA-8f6m-gfq9-g33v",
    "severity": "MODERATE",
    "summary": "Cross-site Scripting in html5lib",
    "description": "The serializer in html5lib before 0.99999999 might allow remote attackers to conduct cross-site scripting (XSS) attacks by leveraging mishandling of special characters in attribute values, a different vulnerability than CVE-2016-9909.",
    "permalink": "https://github.com/advisories/GHSA-8f6m-gfq9-g33v",
    "publishedAt": "2022-05-17T02:57:57Z",
    "withdrawnAt": null,
    "identifiers": [
        {
            "type": "GHSA",
            "value": "GHSA-8f6m-gfq9-g33v"
        },
        {
            "type": "CVE",
            "value": "CVE-2016-9910"
        }
    ]
}