{
    "ghsaId": "GHSA-5whw-5cmm-9jw4",
    "severity": "MODERATE",
    "summary": "Plone Cross-site scripting Vulnerability",
    "description": "Cross-site scripting (XSS) vulnerability in widget_traversal.py in Plone before 4.2.3 and 4.3 before beta 1 allows remote attackers to inject arbitrary web script or HTML via unspecified vectors.",
    "permalink": "https://github.com/advisories/GHSA-5whw-5cmm-9jw4",
    "publishedAt": "2022-05-17T04:32:23Z",
    "withdrawnAt": null,
    "identifiers": [
        {
            "type": "GHSA",
            "value": "GHSA-5whw-5cmm-9jw4"
        },
        {
            "type": "CVE",
            "value": "CVE-2012-5504"
        }
    ]
}