{
    "ghsaId": "GHSA-66gw-5xpf-gfp5",
    "severity": "MODERATE",
    "summary": "Improper Neutralization of Input During Web Page Generation in IPython",
    "description": "Cross-site scripting (XSS) vulnerability in IPython before 3.2 allows remote attackers to inject arbitrary web script or HTML via vectors involving JSON error messages and the /api/notebooks path.",
    "permalink": "https://github.com/advisories/GHSA-66gw-5xpf-gfp5",
    "publishedAt": "2022-05-13T01:31:05Z",
    "withdrawnAt": null,
    "identifiers": [
        {
            "type": "GHSA",
            "value": "GHSA-66gw-5xpf-gfp5"
        },
        {
            "type": "CVE",
            "value": "CVE-2015-4707"
        }
    ]
}