{
    "ghsaId": "GHSA-6v6w-h8m6-7mv2",
    "severity": "MODERATE",
    "summary": "Apache Airflow: DAG Code and Import Error Permissions Ignored",
    "description": "Apache Airflow, versions before 2.8.2, has a vulnerability that allows authenticated users to view DAG code and import errors of DAGs they do not have permission to view through the API and the UI.\n\nUsers of Apache Airflow are recommended to upgrade to version 2.8.2 or newer to mitigate the risk associated with this vulnerability",
    "permalink": "https://github.com/advisories/GHSA-6v6w-h8m6-7mv2",
    "publishedAt": "2024-02-29T12:31:06Z",
    "withdrawnAt": null,
    "identifiers": [
        {
            "type": "GHSA",
            "value": "GHSA-6v6w-h8m6-7mv2"
        },
        {
            "type": "CVE",
            "value": "CVE-2024-27906"
        }
    ]
}