{
    "ghsaId": "GHSA-8fxw-76px-3rxv",
    "severity": "MODERATE",
    "summary": "Memory leak in Tensorflow",
    "description": "### Impact\nIf a user passes a list of strings to `dlpack.to_dlpack` there is a memory leak following an expected validation failure:\nhttps://github.com/tensorflow/tensorflow/blob/0e68f4d3295eb0281a517c3662f6698992b7b2cf/tensorflow/c/eager/dlpack.cc#L100-L104\n\nThe allocated memory is from\nhttps://github.com/tensorflow/tensorflow/blob/0e68f4d3295eb0281a517c3662f6698992b7b2cf/tensorflow/c/eager/dlpack.cc#L256\n\nThe issue occurs because the `status` argument during validation failures is not properly checked:\nhttps://github.com/tensorflow/tensorflow/blob/0e68f4d3295eb0281a517c3662f6698992b7b2cf/tensorflow/c/eager/dlpack.cc#L265-L267\n\nSince each of the above methods can return an error status, the `status` value must be checked before continuing.\n\n### Patches\nWe have patched the issue in 22e07fb204386768e5bcbea563641ea11f96ceb8 and will release a patch release for all affected versions.\n\nWe recommend users to upgrade to TensorFlow 2.2.1 or 2.3.1.\n\n### For more information\nPlease consult [our security guide](https://github.com/tensorflow/tensorflow/blob/master/SECURITY.md) for more information regarding the security model and how to contact us with issues and questions.\n\n### Attribution\nThis vulnerability has been discovered during variant analysis of [GHSA-rjjg-hgv6-h69v](https://github.com/tensorflow/tensorflow/security/advisories/GHSA-rjjg-hgv6-h69v).",
    "permalink": "https://github.com/advisories/GHSA-8fxw-76px-3rxv",
    "publishedAt": "2020-09-25T18:28:17Z",
    "withdrawnAt": null,
    "identifiers": [
        {
            "type": "GHSA",
            "value": "GHSA-8fxw-76px-3rxv"
        },
        {
            "type": "CVE",
            "value": "CVE-2020-15192"
        }
    ]
}