{
    "ghsaId": "GHSA-4fg9-5w46-xmrj",
    "severity": "MODERATE",
    "summary": "Apache Superset Server Side Request Forgery vulnerability",
    "description": "Improper REST API permission in Apache Superset up to and including 2.1.0 allows for an authenticated Gamma users to test network connections, possible SSRF.\n\n",
    "permalink": "https://github.com/advisories/GHSA-4fg9-5w46-xmrj",
    "publishedAt": "2023-09-06T15:30:26Z",
    "withdrawnAt": null,
    "identifiers": [
        {
            "type": "GHSA",
            "value": "GHSA-4fg9-5w46-xmrj"
        },
        {
            "type": "CVE",
            "value": "CVE-2023-36388"
        }
    ]
}