{
    "ghsaId": "GHSA-35rg-466w-77h3",
    "severity": "MODERATE",
    "summary": "Cross-site scripting in Products.CMFCore, Products.PluggableAuthService, Plone",
    "description": "Zope Products.CMFCore before 2.5.1 and Products.PluggableAuthService before 2.6.2, as used in Plone through 5.2.4 and other products, allow Reflected XSS.",
    "permalink": "https://github.com/advisories/GHSA-35rg-466w-77h3",
    "publishedAt": "2021-06-18T18:44:50Z",
    "withdrawnAt": null,
    "identifiers": [
        {
            "type": "GHSA",
            "value": "GHSA-35rg-466w-77h3"
        },
        {
            "type": "CVE",
            "value": "CVE-2021-33507"
        }
    ]
}