{
    "ghsaId": "GHSA-4vwq-x64q-j4cj",
    "severity": "MODERATE",
    "summary": "Improper Neutralization of Input During Web Page Generation in Jupyter Notebook",
    "description": "Cross-site scripting (XSS) vulnerability in the file browser in notebook/notebookapp.py in IPython Notebook before 3.2.2 and Jupyter Notebook 4.0.x before 4.0.5 allows remote attackers to inject arbitrary web script or HTML via a folder name.  NOTE: this was originally reported as a cross-site request forgery (CSRF) vulnerability, but this may be inaccurate.",
    "permalink": "https://github.com/advisories/GHSA-4vwq-x64q-j4cj",
    "publishedAt": "2022-05-14T02:04:49Z",
    "withdrawnAt": null,
    "identifiers": [
        {
            "type": "GHSA",
            "value": "GHSA-4vwq-x64q-j4cj"
        },
        {
            "type": "CVE",
            "value": "CVE-2015-6938"
        }
    ]
}