{
    "ghsaId": "GHSA-49qr-xh3w-h436",
    "severity": "MODERATE",
    "summary": "Jupyter Notebook XSS via untrusted notebooks",
    "description": "Jupyter Notebook before 5.7.1 allows XSS via an untrusted notebook because nbconvert responses are considered to have the same origin as the notebook server. In other words, nbconvert endpoints can execute JavaScript with access to the server API. In notebook/nbconvert/handlers.py, NbconvertFileHandler and NbconvertPostHandler do not set a Content Security Policy to prevent this.",
    "permalink": "https://github.com/advisories/GHSA-49qr-xh3w-h436",
    "publishedAt": "2018-11-21T22:15:47Z",
    "withdrawnAt": null,
    "identifiers": [
        {
            "type": "GHSA",
            "value": "GHSA-49qr-xh3w-h436"
        },
        {
            "type": "CVE",
            "value": "CVE-2018-19351"
        }
    ]
}