{
    "ghsaId": "GHSA-8wwm-6264-x792",
    "severity": "MODERATE",
    "summary": "Core dump when loading TFLite models with quantization in TensorFlow",
    "description": "### Impact\nCertain TFLite models that were created using TFLite model converter would crash when loaded in the TFLite interpreter. The culprit is that during quantization the scale of values could be greater than 1 but code was always assuming sub-unit scaling.\n\nThus, since code was calling [`QuantizeMultiplierSmallerThanOneExp`](https://github.com/tensorflow/tensorflow/blob/f3b9bf4c3c0597563b289c0512e98d4ce81f886e/tensorflow/lite/kernels/internal/quantization_util.cc#L114-L123), the `TFLITE_CHECK_LT` assertion would trigger and abort the process.\n\n### Patches\nWe have patched the issue in GitHub commit [a989426ee1346693cc015792f11d715f6944f2b8](https://github.com/tensorflow/tensorflow/commit/a989426ee1346693cc015792f11d715f6944f2b8).\n\nThe fix will be included in TensorFlow 2.9.0. We will also cherrypick this commit on TensorFlow 2.8.1, TensorFlow 2.7.2, and TensorFlow 2.6.4, as these are also affected and still in supported range.\n\n### For more information\nPlease consult [our security guide](https://github.com/tensorflow/tensorflow/blob/master/SECURITY.md) for more information regarding the security model and how to contact us with issues and questions.\n\n### Attribution\nThis vulnerability has been reported externally via a [GitHub issue](https://github.com/tensorflow/tensorflow/issues/43661).",
    "permalink": "https://github.com/advisories/GHSA-8wwm-6264-x792",
    "publishedAt": "2022-05-24T22:16:08Z",
    "withdrawnAt": null,
    "identifiers": [
        {
            "type": "GHSA",
            "value": "GHSA-8wwm-6264-x792"
        },
        {
            "type": "CVE",
            "value": "CVE-2022-29212"
        }
    ]
}