{
    "ghsaId": "GHSA-46r8-9cj7-pw6g",
    "severity": "MODERATE",
    "summary": "OpenStack Compute (Nova) Improper Input Validation",
    "description": "The (1) EC2 and (2) OS APIs in OpenStack Compute (Nova) Folsom (2012.2), Essex (2012.1), and Diablo (2011.3) do not properly check the protocol when security groups are created and the network protocol is not specified entirely in lowercase, which allows remote attackers to bypass intended access restrictions.",
    "permalink": "https://github.com/advisories/GHSA-46r8-9cj7-pw6g",
    "publishedAt": "2022-05-17T01:45:47Z",
    "withdrawnAt": null,
    "identifiers": [
        {
            "type": "GHSA",
            "value": "GHSA-46r8-9cj7-pw6g"
        },
        {
            "type": "CVE",
            "value": "CVE-2012-2654"
        }
    ]
}