{
    "ghsaId": "GHSA-24wv-mv5m-xv4h",
    "severity": "MODERATE",
    "summary": "redis-py Race Condition vulnerability",
    "description": "redis-py before 4.5.3, as used in ChatGPT and other products, leaves a connection open after canceling an async Redis command at an inopportune time (in the case of a pipeline operation), and can send response data to the client of an unrelated request in an off-by-one manner. The fixed versions for this CVE Record are 4.3.6, 4.4.3, and 4.5.3, but [are believed to be incomplete](https://github.com/redis/redis-py/issues/2665). CVE-2023-28859 has been assigned the issues caused by the incomplete fixes.",
    "permalink": "https://github.com/advisories/GHSA-24wv-mv5m-xv4h",
    "publishedAt": "2023-03-26T21:30:23Z",
    "withdrawnAt": null,
    "identifiers": [
        {
            "type": "GHSA",
            "value": "GHSA-24wv-mv5m-xv4h"
        },
        {
            "type": "CVE",
            "value": "CVE-2023-28858"
        }
    ]
}