{
    "ghsaId": "GHSA-49jv-37hm-6gfp",
    "severity": "MODERATE",
    "summary": "OpenStack Nova host data access through resize/migration",
    "description": "The libvirt driver in OpenStack Compute (Nova) before 2015.1.4 (kilo) and 12.0.x before 12.0.3 (liberty), when using raw storage and use_cow_images is set to false, allows remote authenticated users to read arbitrary files via a crafted qcow2 header in an ephemeral or root disk.",
    "permalink": "https://github.com/advisories/GHSA-49jv-37hm-6gfp",
    "publishedAt": "2022-05-14T01:58:44Z",
    "withdrawnAt": null,
    "identifiers": [
        {
            "type": "GHSA",
            "value": "GHSA-49jv-37hm-6gfp"
        },
        {
            "type": "CVE",
            "value": "CVE-2016-2140"
        }
    ]
}