{
    "ghsaId": "GHSA-2cx9-54hp-r698",
    "severity": "MODERATE",
    "summary": "Apache Superset: Error verbosity exposes metadata in analytics databases",
    "description": "Generation of Error Message Containing analytics metadata Information in Apache Superset.\n\nThis issue affects Apache Superset: before 4.1.0.\n\nUsers are recommended to upgrade to version 4.1.0, which fixes the issue.",
    "permalink": "https://github.com/advisories/GHSA-2cx9-54hp-r698",
    "publishedAt": "2024-12-09T15:31:37Z",
    "withdrawnAt": null,
    "identifiers": [
        {
            "type": "GHSA",
            "value": "GHSA-2cx9-54hp-r698"
        },
        {
            "type": "CVE",
            "value": "CVE-2024-53948"
        }
    ]
}