{
    "ghsaId": "GHSA-3gqj-cmxr-p4x2",
    "severity": "MODERATE",
    "summary": "Forced Browsing in Twisted",
    "description": "Twisted before 16.3.1 does not attempt to address RFC 3875 section 4.1.18 namespace conflicts and therefore does not protect CGI applications from the presence of untrusted client data in the `HTTP_PROXY` environment variable, which might allow remote attackers to redirect a CGI application's outbound HTTP traffic to an arbitrary proxy server via a crafted Proxy header in an HTTP request, aka an `httpoxy` issue.",
    "permalink": "https://github.com/advisories/GHSA-3gqj-cmxr-p4x2",
    "publishedAt": "2021-04-30T17:32:28Z",
    "withdrawnAt": null,
    "identifiers": [
        {
            "type": "GHSA",
            "value": "GHSA-3gqj-cmxr-p4x2"
        },
        {
            "type": "CVE",
            "value": "CVE-2016-1000111"
        }
    ]
}