{
    "ghsaId": "GHSA-6c3j-c64m-qhgq",
    "severity": "MODERATE",
    "summary": "XSS in jQuery as used in Drupal, Backdrop CMS, and other products",
    "description": "jQuery from 1.1.4 until 3.4.0, as used in Drupal, Backdrop CMS, and other products, mishandles `jQuery.extend(true, {}, ...)` because of `Object.prototype` pollution. If an unsanitized source object contained an enumerable `__proto__` property, it could extend the native `Object.prototype`.",
    "permalink": "https://github.com/advisories/GHSA-6c3j-c64m-qhgq",
    "publishedAt": "2019-04-26T16:29:11Z",
    "withdrawnAt": null,
    "identifiers": [
        {
            "type": "GHSA",
            "value": "GHSA-6c3j-c64m-qhgq"
        },
        {
            "type": "CVE",
            "value": "CVE-2019-11358"
        }
    ]
}