{
    "ghsaId": "GHSA-785x-qw4v-6872",
    "severity": "MODERATE",
    "summary": "Improper Output Neutralization and Improper Encoding or Escaping of Output for Logs in ansible",
    "description": "An Improper Output Neutralization for Logs flaw was found in Ansible when using the uri module, where sensitive data is exposed to content and json output. This flaw allows an attacker to access the logs or outputs of performed tasks to read keys used in playbooks from other users within the uri module. The highest threat from this vulnerability is to data confidentiality.",
    "permalink": "https://github.com/advisories/GHSA-785x-qw4v-6872",
    "publishedAt": "2022-02-09T22:00:08Z",
    "withdrawnAt": null,
    "identifiers": [
        {
            "type": "GHSA",
            "value": "GHSA-785x-qw4v-6872"
        },
        {
            "type": "CVE",
            "value": "CVE-2020-14330"
        }
    ]
}