{
    "ghsaId": "GHSA-95ch-p3gw-23qg",
    "severity": "MODERATE",
    "summary": "Apache Superset has incorrect authorization check",
    "description": "An Incorrect authorisation check in SQLLab in Apache Superset versions up to and including 2.1.0. This vulnerability allows an authenticated user to query tables that they do not have proper access to within Superset. The vulnerability can be exploited by leveraging a SQL parsing vulnerability.\n\n",
    "permalink": "https://github.com/advisories/GHSA-95ch-p3gw-23qg",
    "publishedAt": "2023-09-06T15:30:27Z",
    "withdrawnAt": null,
    "identifiers": [
        {
            "type": "GHSA",
            "value": "GHSA-95ch-p3gw-23qg"
        },
        {
            "type": "CVE",
            "value": "CVE-2023-32672"
        }
    ]
}