{
    "ghsaId": "GHSA-8833-qrvm-wc3h",
    "severity": "MODERATE",
    "summary": "OpenStack Keystone allows context-dependent attackers to bypass access restrictions",
    "description": "OpenStack Keystone Grizzly before 2013.1, Folsom 2012.1.3 and earlier, and Essex does not properly check if the (1) user, (2) tenant, or (3) domain is enabled when using EC2-style authentication, which allows context-dependent attackers to bypass access restrictions.",
    "permalink": "https://github.com/advisories/GHSA-8833-qrvm-wc3h",
    "publishedAt": "2022-05-05T02:48:43Z",
    "withdrawnAt": null,
    "identifiers": [
        {
            "type": "GHSA",
            "value": "GHSA-8833-qrvm-wc3h"
        },
        {
            "type": "CVE",
            "value": "CVE-2013-0282"
        }
    ]
}