{
    "ghsaId": "GHSA-74j6-3hh4-w3f5",
    "severity": "MODERATE",
    "summary": "rdiffweb Cross-Site Request Forgery vulnerability",
    "description": "rdiffweb prior to 2.4.6 is vulnerable to cross-site request forgery on the repository settings. A malicious user can change the settings of a repository by sending a URL to the victim. This issue is fixed in version 2.4.6.\n\n",
    "permalink": "https://github.com/advisories/GHSA-74j6-3hh4-w3f5",
    "publishedAt": "2022-09-23T00:00:30Z",
    "withdrawnAt": null,
    "identifiers": [
        {
            "type": "GHSA",
            "value": "GHSA-74j6-3hh4-w3f5"
        },
        {
            "type": "CVE",
            "value": "CVE-2022-3267"
        }
    ]
}