{
    "ghsaId": "GHSA-93c5-rj2p-w52x",
    "severity": "MODERATE",
    "summary": "Cross-site Scripting (XSS) in mindsdb/mindsdb",
    "description": "When a user uploads a csv file that contains an javascript payload a Cross-site Scripting (XSS) is triggered when the file is viewed. This is true for both cloud version and OSS version.",
    "permalink": "https://github.com/advisories/GHSA-93c5-rj2p-w52x",
    "publishedAt": "2024-04-16T00:30:34Z",
    "withdrawnAt": null,
    "identifiers": [
        {
            "type": "GHSA",
            "value": "GHSA-93c5-rj2p-w52x"
        },
        {
            "type": "CVE",
            "value": "CVE-2024-3575"
        }
    ]
}