{
    "ghsaId": "GHSA-775g-4482-pm94",
    "severity": "MODERATE",
    "summary": "MoinMoin Multiple cross-site scripting (XSS) vulnerabilities",
    "description": "Multiple cross-site scripting (XSS) vulnerabilities in `action/AttachFile.py` in MoinMoin 1.5.8 and earlier allow remote attackers to inject arbitrary web script or HTML via (1) message, (2) pagename, and (3) target filenames. The issue was fixed on [db212dfc58ef](http://hg.moinmo.in/moin/1.5/rev/db212dfc58ef).",
    "permalink": "https://github.com/advisories/GHSA-775g-4482-pm94",
    "publishedAt": "2022-05-01T23:33:02Z",
    "withdrawnAt": null,
    "identifiers": [
        {
            "type": "GHSA",
            "value": "GHSA-775g-4482-pm94"
        },
        {
            "type": "CVE",
            "value": "CVE-2008-0781"
        }
    ]
}