{
    "ghsaId": "GHSA-947x-pv47-pp3q",
    "severity": "MODERATE",
    "summary": "Cross-site scripting in pywb",
    "description": "Webrecorder pywb before 2.6.0 allows XSS because it does not ensure that Jinja2 templates are autoescaped.",
    "permalink": "https://github.com/advisories/GHSA-947x-pv47-pp3q",
    "publishedAt": "2021-09-02T17:16:18Z",
    "withdrawnAt": null,
    "identifiers": [
        {
            "type": "GHSA",
            "value": "GHSA-947x-pv47-pp3q"
        },
        {
            "type": "CVE",
            "value": "CVE-2021-39286"
        }
    ]
}