{
    "ghsaId": "GHSA-4w8p-x6g8-fv64",
    "severity": "MODERATE",
    "summary": "Server-Side Request Forgery in calibreweb",
    "description": "calibreweb prior to version 0.6.16 contains a Server-Side Request Forgery (SSRF) vulnerability.",
    "permalink": "https://github.com/advisories/GHSA-4w8p-x6g8-fv64",
    "publishedAt": "2022-02-01T00:48:54Z",
    "withdrawnAt": null,
    "identifiers": [
        {
            "type": "GHSA",
            "value": "GHSA-4w8p-x6g8-fv64"
        },
        {
            "type": "CVE",
            "value": "CVE-2022-0339"
        }
    ]
}