{
    "ghsaId": "GHSA-683w-84m7-p8pw",
    "severity": "MODERATE",
    "summary": "Plone User account enumeration via crafted URL",
    "description": "membership_tool.py in Plone before 4.2.3 and 4.3 before beta 1 allows remote attackers to enumerate user account names via a crafted URL.",
    "permalink": "https://github.com/advisories/GHSA-683w-84m7-p8pw",
    "publishedAt": "2022-05-17T04:31:18Z",
    "withdrawnAt": null,
    "identifiers": [
        {
            "type": "GHSA",
            "value": "GHSA-683w-84m7-p8pw"
        },
        {
            "type": "CVE",
            "value": "CVE-2012-5497"
        }
    ]
}