{
    "ghsaId": "GHSA-67rh-9p29-vrxr",
    "severity": "MODERATE",
    "summary": "OpenStack Compute (Nova) allows remote attackers to bypass intended restriction",
    "description": "OpenStack Compute (Nova) before 2014.2.4 (juno) and 2015.1.x before 2015.1.2 (kilo) do not properly apply security group changes, which allows remote attackers to bypass intended restriction by leveraging an instance that was running when the change was made.",
    "permalink": "https://github.com/advisories/GHSA-67rh-9p29-vrxr",
    "publishedAt": "2022-05-14T01:58:45Z",
    "withdrawnAt": null,
    "identifiers": [
        {
            "type": "GHSA",
            "value": "GHSA-67rh-9p29-vrxr"
        },
        {
            "type": "CVE",
            "value": "CVE-2015-7713"
        }
    ]
}