{
    "ghsaId": "GHSA-3hj6-r5c9-q8f3",
    "severity": "MODERATE",
    "summary": "Frappe has possibility of SQL injection due to improper validations",
    "description": "### Impact\nAn SQL Injection vulnerability has been identified in Frappe Framework which could allow a malicious actor to access sensitive information.\n\n### Workarounds\nUpgrading is required, no other workaround is present.\n\n### Credits\n\nThanks to Thanh of Calif.io for reporting the issue",
    "permalink": "https://github.com/advisories/GHSA-3hj6-r5c9-q8f3",
    "publishedAt": "2025-03-25T16:36:02Z",
    "withdrawnAt": null,
    "identifiers": [
        {
            "type": "GHSA",
            "value": "GHSA-3hj6-r5c9-q8f3"
        },
        {
            "type": "CVE",
            "value": "CVE-2025-30212"
        }
    ]
}