{
    "ghsaId": "GHSA-7x94-6g2m-3hp2",
    "severity": "MODERATE",
    "summary": "Defining resource name as integer may give unintended access in vantage6",
    "description": "### Impact\nMalicious users may try to get access to resources they are not allowed to see, by creating resources with integers as names.\n\nOne example where this is a risk, is when users define which users are allowed to run algorithms on their node. This may be defined by username or user id. Now, for example, if user id 13 is allowed to run tasks, and an attacker creates a username with username '13', they would be wrongly allowed to run an algorithm.\n\nThere may also be other places in the code where such a mixup of resource ID or name leads to issues. The best solution we see is therefore to check when resources are created or modified, that the resource name always starts with a character.\n\n### Patches\nTo be done, probably in v3.9\n\n### Workarounds\nNone\n",
    "permalink": "https://github.com/advisories/GHSA-7x94-6g2m-3hp2",
    "publishedAt": "2023-10-13T19:30:40Z",
    "withdrawnAt": null,
    "identifiers": [
        {
            "type": "GHSA",
            "value": "GHSA-7x94-6g2m-3hp2"
        },
        {
            "type": "CVE",
            "value": "CVE-2023-28635"
        }
    ]
}