{
    "ghsaId": "GHSA-22q6-wwq7-2jj9",
    "severity": "MODERATE",
    "summary": "OpenStack Keystone Improper Authentication vulnerability",
    "description": "OpenStack Keystone Folsom (2012.2) does not properly perform revocation checks for Keystone PKI tokens when done through a server, which allows remote attackers to bypass intended access restrictions via a revoked PKI token.",
    "permalink": "https://github.com/advisories/GHSA-22q6-wwq7-2jj9",
    "publishedAt": "2022-05-17T04:56:52Z",
    "withdrawnAt": null,
    "identifiers": [
        {
            "type": "GHSA",
            "value": "GHSA-22q6-wwq7-2jj9"
        },
        {
            "type": "CVE",
            "value": "CVE-2013-1865"
        }
    ]
}