{
    "ghsaId": "GHSA-635v-pc42-fr74",
    "severity": "MODERATE",
    "summary": "AWS SageMaker Training Toolkit logs CodeArtifact Authorization token",
    "description": "## Description\nFor SageMaker Training Toolkit[1] versions 4.7.4; 4.7.3; 4.7.2; 4.7.1; 4.7.0, the authorization tokens for CodeArtifact (temporary token with an expiration of 12 hours) were logged in the log files when the CodeArtifact capability was enabled. If customers push these log files to their CloudWatch Log streams, anyone having access to cloudwatch logs within their AWS account, may be abe to see the authorization token. If the token is not expired, they may use the authorization token to publish or consume CodeArtifact package versions.\n\nThis issue was addressed in version 4.8.0. We recommend users upgrade to version 4.8.0 or higher.  \n\nPlease note that users can add SageMaker Training Toolkit to any Docker container[2] used for SageMaker training[3]. It also comes pre-packaged with the prebuilt SageMaker Docker image[4] for SageMaker training. \n\n## Patches\nThis issue has been addressed in version 4.8.0 and higher.\n\n## Workarounds\nN/A\n\n## References\nN/A\n\nIf you have any questions or comments about this advisory we ask that you contact AWS/Amazon Security via our vulnerability reporting page[5] or directly via email to [aws-security@amazon.com](mailto:aws-security@amazon.com). Please do not create a public GitHub issue.\n\n[1] https://github.com/aws/sagemaker-training-toolkit\n[2] https://www.docker.com/resources/what-container/\n[3] https://aws.amazon.com/sagemaker/train/\n[4] https://docs.aws.amazon.com/sagemaker/latest/dg/pre-built-containers-frameworks-deep-learning.html\n[5] Vulnerability reporting page: https://aws.amazon.com/security/vulnerability-reporting",
    "permalink": "https://github.com/advisories/GHSA-635v-pc42-fr74",
    "publishedAt": "2024-09-11T19:20:42Z",
    "withdrawnAt": null,
    "identifiers": [
        {
            "type": "GHSA",
            "value": "GHSA-635v-pc42-fr74"
        }
    ]
}