{
    "ghsaId": "GHSA-3x8c-fmpc-5rmq",
    "severity": "MODERATE",
    "summary": "Cross-site scripting (XSS) vulnerability in the fallback authentication endpoint",
    "description": "### Impact\nThe fallback authentication endpoint served via Synapse was vulnerable to cross-site scripting (XSS) attacks. The impact depends on the configuration of the domain that Synapse is deployed on, but may allow access to cookies and other browser data, CSRF vulnerabilities, and access to other resources served on the same domain or parent domains.\n\n### Patches\nThis is fixed by #8444, which is included in Synapse v1.21.0.\n\n### Workarounds\nIf the homeserver is not configured to use reCAPTCHA, consent (terms of service), or single sign-on then the affected endpoint can be blocked at a reverse proxy:\n\n* `/_matrix/client/r0/auth/.*/fallback/web`\n* `/_matrix/client/unstable/auth/.*/fallback/web`",
    "permalink": "https://github.com/advisories/GHSA-3x8c-fmpc-5rmq",
    "publishedAt": "2020-10-16T16:56:04Z",
    "withdrawnAt": null,
    "identifiers": [
        {
            "type": "GHSA",
            "value": "GHSA-3x8c-fmpc-5rmq"
        },
        {
            "type": "CVE",
            "value": "CVE-2020-26891"
        }
    ]
}