{
    "ghsaId": "GHSA-22wc-c9wj-6q2v",
    "severity": "MODERATE",
    "summary": "VVE-2021-0001: Memory corruption using function calls within arrays",
    "description": "### Impact\nWhen performing a function call inside an array, there is a memory corruption issue that occurs because of an incorrect pointer to the the tip of the stack.\n\n### Patches\nThis issue was partially fixed in [VVE-2020-0004](https://github.com/vyperlang/vyper/security/advisories/GHSA-2r3x-4mrv-mcxf), however the fix did not update similar code for arrays, which had a similar issue. The issue is fully fixed in https://github.com/vyperlang/vyper/pull/2345",
    "permalink": "https://github.com/advisories/GHSA-22wc-c9wj-6q2v",
    "publishedAt": "2021-04-19T15:12:05Z",
    "withdrawnAt": null,
    "identifiers": [
        {
            "type": "GHSA",
            "value": "GHSA-22wc-c9wj-6q2v"
        }
    ]
}