{
    "ghsaId": "GHSA-8v8f-vc72-pmhc",
    "severity": "MODERATE",
    "summary": "OpenStack Identity Keystone Exposure of Sensitive Information",
    "description": "The catalog url replacement in OpenStack Identity (Keystone) before 2013.2.3 and 2014.1 before 2014.1.2.1 allows remote authenticated users to read sensitive configuration options via a crafted endpoint, as demonstrated by \"$(admin_token)\" in the publicurl endpoint field.",
    "permalink": "https://github.com/advisories/GHSA-8v8f-vc72-pmhc",
    "publishedAt": "2022-05-13T01:26:10Z",
    "withdrawnAt": null,
    "identifiers": [
        {
            "type": "GHSA",
            "value": "GHSA-8v8f-vc72-pmhc"
        },
        {
            "type": "CVE",
            "value": "CVE-2014-3621"
        }
    ]
}