{
    "ghsaId": "GHSA-772j-xvf9-qpf5",
    "severity": "MODERATE",
    "summary": "ansible-runner vulnerable to Race Condition",
    "description": "A race condition flaw was found in ansible-runner, where an attacker could watch for rapid creation and deletion of a temporary directory, substitute their directory at that name, and then have access to ansible-runner's private_data_dir the next time ansible-runner made use of the private_data_dir. The highest Threat out of this flaw is to integrity and confidentiality.",
    "permalink": "https://github.com/advisories/GHSA-772j-xvf9-qpf5",
    "publishedAt": "2022-08-24T00:00:29Z",
    "withdrawnAt": null,
    "identifiers": [
        {
            "type": "GHSA",
            "value": "GHSA-772j-xvf9-qpf5"
        },
        {
            "type": "CVE",
            "value": "CVE-2021-3702"
        }
    ]
}