{
    "ghsaId": "GHSA-89px-ww3j-g2mm",
    "severity": "MODERATE",
    "summary": "2FA bypass in Wagtail through new device path",
    "description": "## 2FA bypass through new device path\n\n### Impact\nIf someone gains access to someone's Wagtail login credentials, they can log into the CMS and bypass the 2FA check by changing the URL. They can then add a new device and gain full access to the CMS.\n\n### Patches\nThis problem has been patched in version 1.3.0.\n\n### Workarounds\nThere is no workaround at the moment.\n\n### For more information\nIf you have any questions or comments about this advisory:\n* Open an issue in [github.com/labd/wagtail-2fa](https://github.com/labd/wagtail-2fa)\n* Email us at [security@labdigital.nl](mailto:security@labdigital.nl)",
    "permalink": "https://github.com/advisories/GHSA-89px-ww3j-g2mm",
    "publishedAt": "2019-11-29T17:05:59Z",
    "withdrawnAt": null,
    "identifiers": [
        {
            "type": "GHSA",
            "value": "GHSA-89px-ww3j-g2mm"
        },
        {
            "type": "CVE",
            "value": "CVE-2019-16766"
        }
    ]
}