{
    "ghsaId": "GHSA-6667-f46p-pg88",
    "severity": "MODERATE",
    "summary": "Ansible sets unsafe permissions for sources.list",
    "description": "Ansible before 1.5.5 sets 0644 permissions for `sources.list`, which might allow local users to obtain sensitive credential information in opportunistic circumstances by reading a file that uses the `&quot;deb http://user:pass@server:port/&quot;` format.",
    "permalink": "https://github.com/advisories/GHSA-6667-f46p-pg88",
    "publishedAt": "2022-05-17T19:57:32Z",
    "withdrawnAt": null,
    "identifiers": [
        {
            "type": "GHSA",
            "value": "GHSA-6667-f46p-pg88"
        },
        {
            "type": "CVE",
            "value": "CVE-2014-4659"
        }
    ]
}