{
    "ghsaId": "GHSA-25jh-5h5r-h33m",
    "severity": "MODERATE",
    "summary": "Plone Sandbox Bypass",
    "description": "`gtbn.py` in Plone before 4.2.3 and 4.3 before beta 1 allows remote authenticated users with certain permissions to bypass the Python sandbox and execute arbitrary Python code via unspecified vectors.",
    "permalink": "https://github.com/advisories/GHSA-25jh-5h5r-h33m",
    "publishedAt": "2022-05-17T04:32:23Z",
    "withdrawnAt": null,
    "identifiers": [
        {
            "type": "GHSA",
            "value": "GHSA-25jh-5h5r-h33m"
        },
        {
            "type": "CVE",
            "value": "CVE-2012-5493"
        }
    ]
}