{
    "ghsaId": "GHSA-5jrj-52x8-m64h",
    "severity": "MODERATE",
    "summary": "vyper performs multiple eval of `sqrt()` argument built in",
    "description": "### Summary\nUsing the `sqrt` builtin can result in multiple eval evaluation of side effects when the argument has side-effects. The bug is more difficult (but not impossible!) to trigger as of 0.3.4, when the unique symbol fence was introduced (https://github.com/vyperlang/vyper/pull/2914).\n\nA contract search was performed and no vulnerable contracts were found in production.\n\n### Details\nIt can be seen that the `build_IR` function of the `sqrt` builtin doesn't cache the argument to the stack: \nhttps://github.com/vyperlang/vyper/blob/4595938734d9988f8e46e8df38049ae0559abedb/vyper/builtins/functions.py#L2151\n\nAs such, it can be evaluated multiple times (instead of retrieving the value from the stack).\n\n### PoC\nWith at least Vyper version `0.2.15+commit.6e7dba7` the following contract:\n```vyper\nc: uint256\n\n@internal\ndef some_decimal() -> decimal:\n    self.c += 1\n    return 1.0\n\n@external\ndef foo() -> uint256:\n    k: decimal = sqrt(self.some_decimal())\n    return self.c\n```\npasses the following test:\n```solidity\n// SPDX-License-Identifier: MIT\npragma solidity >=0.8.13;\n\nimport \"../../lib/ds-test/test.sol\";\nimport \"../../lib/utils/Console.sol\";\nimport \"../../lib/utils/VyperDeployer.sol\";\n\nimport \"../ITest.sol\";\n\ncontract ConTest is DSTest {\n    VyperDeployer vyperDeployer = new VyperDeployer();\n\n    ITest t;\n\n    function setUp() public {\n        t = ITest(vyperDeployer.deployContract(\"Test\"));\n    }\n\n    function testFoo() public {\n        uint256 val = t.foo();\n        console.log(val);\n        assert (val == 4);\n    }\n}\n```\n \n### Patches\nPatched in https://github.com/vyperlang/vyper/pull/3976.\n\n### Impact\nNo vulnerable production contracts were found.",
    "permalink": "https://github.com/advisories/GHSA-5jrj-52x8-m64h",
    "publishedAt": "2024-04-25T19:50:16Z",
    "withdrawnAt": null,
    "identifiers": [
        {
            "type": "GHSA",
            "value": "GHSA-5jrj-52x8-m64h"
        },
        {
            "type": "CVE",
            "value": "CVE-2024-32649"
        }
    ]
}