{
    "ghsaId": "GHSA-452h-rx28-49w9",
    "severity": "MODERATE",
    "summary": "MoinMoin Cross-site scripting (XSS) vulnerability",
    "description": "Cross-site scripting (XSS) vulnerability in the rsslink function in `theme/__init__.py` in MoinMoin before 1.9.6 allows remote attackers to inject arbitrary web script or HTML via the page name in a rss link.",
    "permalink": "https://github.com/advisories/GHSA-452h-rx28-49w9",
    "publishedAt": "2022-05-17T05:17:02Z",
    "withdrawnAt": null,
    "identifiers": [
        {
            "type": "GHSA",
            "value": "GHSA-452h-rx28-49w9"
        },
        {
            "type": "CVE",
            "value": "CVE-2012-6082"
        }
    ]
}