{
    "ghsaId": "GHSA-5fq5-pfv8-mrfv",
    "severity": "MODERATE",
    "summary": "MoinMoin Cross-site Scripting (XSS) vulnerability",
    "description": "Cross-site scripting (XSS) vulnerability in the link dialogue in GUI editor in MoinMoin before 1.9.8 allows remote attackers to inject arbitrary web script or HTML via unspecified vectors.",
    "permalink": "https://github.com/advisories/GHSA-5fq5-pfv8-mrfv",
    "publishedAt": "2022-05-17T03:02:24Z",
    "withdrawnAt": null,
    "identifiers": [
        {
            "type": "GHSA",
            "value": "GHSA-5fq5-pfv8-mrfv"
        },
        {
            "type": "CVE",
            "value": "CVE-2016-9119"
        }
    ]
}