{
    "ghsaId": "GHSA-6565-fg86-6jcx",
    "severity": "MODERATE",
    "summary": "Django Cross-site Scripting Vulnerability",
    "description": "Cross-site scripting (XSS) vulnerability in the contents function in `admin/helpers.py` in Django before 1.7.6 and 1.8 before 1.8b2 allows remote attackers to inject arbitrary web script or HTML via a model attribute in `ModelAdmin.readonly_fields`, as demonstrated by an `@property`.",
    "permalink": "https://github.com/advisories/GHSA-6565-fg86-6jcx",
    "publishedAt": "2022-05-17T03:34:12Z",
    "withdrawnAt": null,
    "identifiers": [
        {
            "type": "GHSA",
            "value": "GHSA-6565-fg86-6jcx"
        },
        {
            "type": "CVE",
            "value": "CVE-2015-2241"
        }
    ]
}