{
    "ghsaId": "GHSA-2j76-26qq-7rvv",
    "severity": "MODERATE",
    "summary": "MoinMoin cross-site scripting (XSS) vulnerability",
    "description": "Multiple cross-site scripting (XSS) vulnerabilities in MoinMoin 1.7.3 and earlier, and 1.9.x before 1.9.3, allow remote attackers to inject arbitrary web script or HTML via crafted content, related to (1) action/LikePages.py, (2) action/chart.py, and (3) action/userprofile.py, a similar issue to CVE-2010-2487.",
    "permalink": "https://github.com/advisories/GHSA-2j76-26qq-7rvv",
    "publishedAt": "2022-05-17T05:49:23Z",
    "withdrawnAt": null,
    "identifiers": [
        {
            "type": "GHSA",
            "value": "GHSA-2j76-26qq-7rvv"
        },
        {
            "type": "CVE",
            "value": "CVE-2010-2969"
        }
    ]
}