{
    "ghsaId": "GHSA-434h-p4gx-jm89",
    "severity": "MODERATE",
    "summary": "Observable Response Discrepancy in Flask-AppBuilder",
    "description": "### Impact\nUser enumeration in database authentication in Flask-AppBuilder <= 3.2.3. Allows for a non authenticated user to enumerate existing accounts by timing the response time from the server when you are logging in.\n\n### Patches\nUpgrade to 3.3.0\n\n### For more information\nIf you have any questions or comments about this advisory:\n* Open an issue in [Flask-AppBuilder](https://github.com/dpgaspar/Flask-AppBuilder)",
    "permalink": "https://github.com/advisories/GHSA-434h-p4gx-jm89",
    "publishedAt": "2021-05-27T18:38:36Z",
    "withdrawnAt": null,
    "identifiers": [
        {
            "type": "GHSA",
            "value": "GHSA-434h-p4gx-jm89"
        },
        {
            "type": "CVE",
            "value": "CVE-2021-29621"
        }
    ]
}