{
    "ghsaId": "GHSA-4894-5vqc-6r2r",
    "severity": "MODERATE",
    "summary": "Django cross-site scripting (XSS) vulnerability in the AdminURLFieldWidget widget",
    "description": "Cross-site scripting (XSS) vulnerability in the AdminURLFieldWidget widget in contrib/admin/widgets.py in Django 1.5.x before 1.5.2 and 1.6.x before 1.6 beta 2 allows remote attackers to inject arbitrary web script or HTML via a URLField.",
    "permalink": "https://github.com/advisories/GHSA-4894-5vqc-6r2r",
    "publishedAt": "2022-05-17T01:33:07Z",
    "withdrawnAt": null,
    "identifiers": [
        {
            "type": "GHSA",
            "value": "GHSA-4894-5vqc-6r2r"
        },
        {
            "type": "CVE",
            "value": "CVE-2013-4249"
        }
    ]
}