{
    "ghsaId": "GHSA-7pf9-7cff-f854",
    "severity": "MODERATE",
    "summary": "sosreport Exposure of Sensitive Information vulnerability",
    "description": "It was found that the ovirt-log-collector/sosreport collects the RHV admin password unfiltered. Fixed in: sos-4.2-20.el8_6, ovirt-log-collector-4.4.7-2.el8ev",
    "permalink": "https://github.com/advisories/GHSA-7pf9-7cff-f854",
    "publishedAt": "2022-09-02T00:01:01Z",
    "withdrawnAt": null,
    "identifiers": [
        {
            "type": "GHSA",
            "value": "GHSA-7pf9-7cff-f854"
        },
        {
            "type": "CVE",
            "value": "CVE-2022-2806"
        }
    ]
}