{
    "ghsaId": "GHSA-33pv-vcgh-jfg9",
    "severity": "MODERATE",
    "summary": "Wagtail vulnerable to denial-of-service via memory exhaustion when uploading large files",
    "description": "### Impact\n\nA memory exhaustion bug exists in Wagtail's handling of uploaded images and documents. For both images and documents, files are loaded into memory during upload for additional processing. A user with access to upload images or documents through the Wagtail admin interface could upload a file so large that it results in a crash or denial of service.\n\nThe vulnerability is not exploitable by an ordinary site visitor without access to the Wagtail admin. It can only be exploited by admin users with permission to upload images or documents.\n\nImage uploads are [restricted to 10MB by default](https://docs.wagtail.org/en/stable/reference/settings.html#wagtailimages-max-upload-size), however this validation only happens on the frontend and on the backend after the vulnerable code. \n\n### Patches\n\nPatched versions have been released as Wagtail 4.1.4 (for the LTS 4.1 branch) and Wagtail 4.2.2 (for the current 4.2 branch).\n\n### Workarounds\n\nSite owners who are unable to upgrade to the new versions are encouraged to add extra protections outside of Wagtail to limit the size of uploaded files. Exactly how this is done will vary based on your hosting environment, but here are a few references for common setups:\n\n- Nginx: [`client_max_body_size`](https://nginx.org/en/docs/http/ngx_http_core_module.html#client_max_body_size)\n- Apache: [`LimitRequestBody`](https://httpd.apache.org/docs/2.4/mod/core.html#limitrequestbody)\n- Cloudflare: Already [imposes a limit of 100MB - 500MB](https://developers.cloudflare.com/cache/about/default-cache-behavior#customization-options-and-limitations) depending on plan\n- CloudFront: [`SizeConstraint`](https://docs.aws.amazon.com/waf/latest/APIReference/API_SizeConstraintStatement.html)\n- Traefik: [`traefik.http.middlewares.limit.buffering.maxRequestBodyBytes`](https://doc.traefik.io/traefik/middlewares/http/buffering/#maxrequestbodybytes)\n\nThe changes themselves are deep inside Wagtail, making patching incredibly difficult.",
    "permalink": "https://github.com/advisories/GHSA-33pv-vcgh-jfg9",
    "publishedAt": "2023-04-03T19:18:09Z",
    "withdrawnAt": null,
    "identifiers": [
        {
            "type": "GHSA",
            "value": "GHSA-33pv-vcgh-jfg9"
        },
        {
            "type": "CVE",
            "value": "CVE-2023-28837"
        }
    ]
}