{
    "ghsaId": "GHSA-2cvf-r9jm-4qm9",
    "severity": "MODERATE",
    "summary": "Ceilometer Prints Sensitive Configuration Data to Log",
    "description": "A vulnerability was found in ceilometer before version 12.0.0.0rc1. An Information Exposure in ceilometer-agent prints sensitive configuration data to log files without DEBUG logging being activated.",
    "permalink": "https://github.com/advisories/GHSA-2cvf-r9jm-4qm9",
    "publishedAt": "2022-05-13T01:14:22Z",
    "withdrawnAt": null,
    "identifiers": [
        {
            "type": "GHSA",
            "value": "GHSA-2cvf-r9jm-4qm9"
        },
        {
            "type": "CVE",
            "value": "CVE-2019-3830"
        }
    ]
}