{
    "ghsaId": "GHSA-7j3m-8g3c-9qqq",
    "severity": "MODERATE",
    "summary": "TensorFlow vulnerable to null-dereference in `mlir::tfg::TFOp::nameAttr`",
    "description": "### Impact\nWhen [`mlir::tfg::TFOp::nameAttr`](https://github.com/tensorflow/tensorflow/blob/master/tensorflow/core/ir/importexport/graphdef_import.cc) receives null type list attributes, it crashes.\n```cpp\n\nStatusOr<unsigned> GraphDefImporter::ArgNumType(const NamedAttrList &attrs,\n                                                const OpDef::ArgDef &arg_def,\n                                                SmallVectorImpl<Type> &types) {\n  // Check whether a type list attribute is specified.\n  if (!arg_def.type_list_attr().empty()) {\n    if (auto v = attrs.get(arg_def.type_list_attr()).dyn_cast<ArrayAttr>()) {\n      for (Attribute attr : v) {\n        if (auto dtype = attr.dyn_cast<TypeAttr>()) {\n          types.push_back(UnrankedTensorType::get(dtype.getValue()));\n        } else {\n          return InvalidArgument(\"Expected '\", arg_def.type_list_attr(),\n                                 \"' to be a list of types\");\n        }\n      }\n      return v.size();\n    }\n    return NotFound(\"Type attr not found: \", arg_def.type_list_attr());\n  }\n\n  unsigned num = 1;\n  // Check whether a number attribute is specified.\n  if (!arg_def.number_attr().empty()) {\n    if (auto v = attrs.get(arg_def.number_attr()).dyn_cast<IntegerAttr>()) {\n      num = v.getValue().getZExtValue();\n    } else {\n      return NotFound(\"Type attr not found: \", arg_def.number_attr());\n    }\n  }\n\n  // Check for a type or type attribute.\n  Type dtype;\n  if (arg_def.type() != DataType::DT_INVALID) {\n    TF_RETURN_IF_ERROR(ConvertDataType(arg_def.type(), b_, &dtype));\n  } else if (arg_def.type_attr().empty()) {\n    return InvalidArgument(\"Arg '\", arg_def.name(),\n                           \"' has invalid type and no type attribute\");\n  } else {\n    if (auto v = attrs.get(arg_def.type_attr()).dyn_cast<TypeAttr>()) {\n      dtype = v.getValue();\n    } else {\n      return NotFound(\"Type attr not found: \", arg_def.type_attr());\n    }\n  }\n  types.append(num, UnrankedTensorType::get(dtype));\n  return num;\n}\n```\n\n\n### Patches\nWe have patched the issue in GitHub commits [3a754740d5414e362512ee981eefba41561a63a6](https://github.com/tensorflow/tensorflow/commit/3a754740d5414e362512ee981eefba41561a63a6) and [a0f0b9a21c9270930457095092f558fbad4c03e5](https://github.com/tensorflow/tensorflow/commit/a0f0b9a21c9270930457095092f558fbad4c03e5).\n\nThe fix will be included in TensorFlow 2.10.0. We will also cherrypick this commit on TensorFlow 2.9.1, TensorFlow 2.8.1, and TensorFlow 2.7.2, as these are also affected and still in supported range.\n\n\n### For more information\nPlease consult [our security guide](https://github.com/tensorflow/tensorflow/blob/master/SECURITY.md) for more information regarding the security model and how to contact us with issues and questions.\n",
    "permalink": "https://github.com/advisories/GHSA-7j3m-8g3c-9qqq",
    "publishedAt": "2022-09-16T21:20:58Z",
    "withdrawnAt": null,
    "identifiers": [
        {
            "type": "GHSA",
            "value": "GHSA-7j3m-8g3c-9qqq"
        },
        {
            "type": "CVE",
            "value": "CVE-2022-36014"
        }
    ]
}