{
    "ghsaId": "GHSA-7v2w-h4gh-w5cv",
    "severity": "MODERATE",
    "summary": "Gradio Vulnerable to Open Redirect",
    "description": "An open redirect vulnerability exists in the latest version of gradio-app/gradio. The vulnerability allows an attacker to redirect users to a malicious website by URL encoding. This can be exploited by sending a crafted request to the application, which results in a 302 redirect to an attacker-controlled site.",
    "permalink": "https://github.com/advisories/GHSA-7v2w-h4gh-w5cv",
    "publishedAt": "2025-03-20T12:32:47Z",
    "withdrawnAt": null,
    "identifiers": [
        {
            "type": "GHSA",
            "value": "GHSA-7v2w-h4gh-w5cv"
        },
        {
            "type": "CVE",
            "value": "CVE-2024-8021"
        }
    ]
}