{
    "ghsaId": "GHSA-7gjr-hcc3-xfr4",
    "severity": "MODERATE",
    "summary": "Improper line feed handling in zenml",
    "description": "A denial of service (DoS) vulnerability exists in zenml-io/zenml version 0.56.3 due to improper handling of line feed (`\\n`) characters in component names. When a low-privileged user adds a component through the API endpoint `api/v1/workspaces/default/components` with a name containing a `\\n` character, it leads to uncontrolled resource consumption. This vulnerability results in the inability of users to add new components in certain categories (e.g., 'Image Builder') and to register new stacks through the UI, thereby degrading the user experience and potentially rendering the ZenML Dashboard unusable. The issue does not affect component addition through the Web UI, as `\\n` characters are properly escaped in that context. The vulnerability was tested on ZenML running in Docker, and it was observed in both Firefox and Chrome browsers.",
    "permalink": "https://github.com/advisories/GHSA-7gjr-hcc3-xfr4",
    "publishedAt": "2024-06-24T09:30:52Z",
    "withdrawnAt": null,
    "identifiers": [
        {
            "type": "GHSA",
            "value": "GHSA-7gjr-hcc3-xfr4"
        },
        {
            "type": "CVE",
            "value": "CVE-2024-4460"
        }
    ]
}