{
    "ghsaId": "GHSA-5jqp-qgf6-3pvh",
    "severity": "MODERATE",
    "summary": "Use of \"infinity\" as an input to datetime and date fields causes infinite loop in pydantic",
    "description": "\nImpact\n\nPassing either 'infinity', 'inf' or float('inf') (or their negatives) to datetime or date fields causes validation to run forever with 100% CPU usage (on one CPU).\nPatches\n\nPydantic is be patched with fixes available in the following versions:\n\n    v1.8.2\n    v1.7.4\n    v1.6.2\n\nAll these versions are available on pypi, and will be available on conda-forge soon.\n\nSee the changelog for details.\nWorkarounds\n\nIf you absolutely can't upgrade, you can work around this risk using a validator to catch these values, brief demo:\n\nfrom datetime import date\nfrom pydantic import BaseModel, validator\n\nclass DemoModel(BaseModel):\n    date_of_birth: date\n\n    @validator('date_of_birth', pre=True)\n    def skip_infinite_values(cls, v):\n        try:\n            seconds = float(v)\n        except (ValueError, TypeError):\n            return v\n        else:\n            if seconds == float('inf'):\n                return date.max\n            elif seconds == float('-inf'):\n                return date.min\n            else:\n                return seconds\n\nNote: this is not an ideal solution (in particular you'll need a slightly different function for datetimes), instead of a hack like this you should upgrade pydantic.\n\nIf you are not using v1.8.x, v1.7.x or v1.6.x and are unable to upgrade to a fixed version of pydantic, please create an issue requesting a back-port, and we will endeavour to release a patch for earlier versions of pydantic.\nReferences\n\nThis was fixed in commit 7e83fdd.\n",
    "permalink": "https://github.com/advisories/GHSA-5jqp-qgf6-3pvh",
    "publishedAt": "2021-05-13T20:23:17Z",
    "withdrawnAt": null,
    "identifiers": [
        {
            "type": "GHSA",
            "value": "GHSA-5jqp-qgf6-3pvh"
        },
        {
            "type": "CVE",
            "value": "CVE-2021-29510"
        }
    ]
}