{
    "ghsaId": "GHSA-32r8-54hf-c9p3",
    "severity": "MODERATE",
    "summary": "unstructured XML External Entity (XXE)",
    "description": "unstructured v.0.14.2 and before is vulnerable to XML External Entity (XXE) via the XMLParser.",
    "permalink": "https://github.com/advisories/GHSA-32r8-54hf-c9p3",
    "publishedAt": "2024-12-09T21:31:02Z",
    "withdrawnAt": null,
    "identifiers": [
        {
            "type": "GHSA",
            "value": "GHSA-32r8-54hf-c9p3"
        },
        {
            "type": "CVE",
            "value": "CVE-2024-46455"
        }
    ]
}