{
    "ghsaId": "GHSA-3p4q-x8f3-p7vq",
    "severity": "MODERATE",
    "summary": "Jupyter Notebook XSS via directory name",
    "description": "Jupyter Notebook before 5.7.2 allows XSS via a crafted directory name because notebook/static/tree/js/notebooklist.js handles certain URLs unsafely.",
    "permalink": "https://github.com/advisories/GHSA-3p4q-x8f3-p7vq",
    "publishedAt": "2018-11-21T22:19:22Z",
    "withdrawnAt": null,
    "identifiers": [
        {
            "type": "GHSA",
            "value": "GHSA-3p4q-x8f3-p7vq"
        },
        {
            "type": "CVE",
            "value": "CVE-2018-19352"
        }
    ]
}