{
    "ghsaId": "GHSA-4277-m35q-7c9w",
    "severity": "MODERATE",
    "summary": "Salt preflight script could be attacker controlled",
    "description": "The Salt-SSH pre-flight option copies the script to the target at a predictable path, which allows an attacker to force Salt-SSH to run their script. If an attacker has access to the target VM and knows the path to the pre-flight script before it runs they can ensure Salt-SSH runs their script with the privileges of the user running Salt-SSH.\u00a0Do not make the copy path on the target predictable and ensure we check return codes of the scp command if the copy fails.",
    "permalink": "https://github.com/advisories/GHSA-4277-m35q-7c9w",
    "publishedAt": "2024-11-14T06:30:45Z",
    "withdrawnAt": null,
    "identifiers": [
        {
            "type": "GHSA",
            "value": "GHSA-4277-m35q-7c9w"
        },
        {
            "type": "CVE",
            "value": "CVE-2023-34049"
        }
    ]
}