{
    "ghsaId": "GHSA-5h3x-6gwf-73jm",
    "severity": "MODERATE",
    "summary": "vantage6 vulnerable to a username timing attack on recover password/MFA token",
    "description": "### Impact\nMuch like https://github.com/vantage6/vantage6/security/advisories/GHSA-45gq-q4xh-cp53, it is possible to find which usernames exist in vantage6 by calling the API routes `/recover/lost` and `/2fa/lost`, which send emails to users if they have lost their password or MFA token. Usernames can be found by assessing response time differences, and additionally, they can be found because the endpoint gives a response \"Failed to login\" if the username exists.\n\n### Patches\nNo\n\n### Workarounds\nNo",
    "permalink": "https://github.com/advisories/GHSA-5h3x-6gwf-73jm",
    "publishedAt": "2024-03-15T16:44:36Z",
    "withdrawnAt": null,
    "identifiers": [
        {
            "type": "GHSA",
            "value": "GHSA-5h3x-6gwf-73jm"
        },
        {
            "type": "CVE",
            "value": "CVE-2024-24770"
        }
    ]
}