{
    "ghsaId": "GHSA-22jm-p2vv-j2hc",
    "severity": "MODERATE",
    "summary": "Plone XSS",
    "description": "z3c.form in Plone CMS 5.x through 5.0.6 and 4.x through 4.3.11 allows remote attackers to conduct cross-site scripting (XSS) attacks via a crafted GET request.",
    "permalink": "https://github.com/advisories/GHSA-22jm-p2vv-j2hc",
    "publishedAt": "2022-05-14T02:46:11Z",
    "withdrawnAt": null,
    "identifiers": [
        {
            "type": "GHSA",
            "value": "GHSA-22jm-p2vv-j2hc"
        },
        {
            "type": "CVE",
            "value": "CVE-2016-7136"
        }
    ]
}