{
    "ghsaId": "GHSA-5938-79hg-xh3q",
    "severity": "MODERATE",
    "summary": "Apache Airflow Improper Access Control vulnerability",
    "description": "Apache Airflow, versions before 2.8.0, is affected by a vulnerability that allows an authenticated user without the variable edit permission, to update a variable.\nThis flaw compromises the integrity of variable management, potentially leading to unauthorized data modification.\nUsers are recommended to upgrade to 2.8.0, which fixes this issue.",
    "permalink": "https://github.com/advisories/GHSA-5938-79hg-xh3q",
    "publishedAt": "2023-12-21T12:30:28Z",
    "withdrawnAt": null,
    "identifiers": [
        {
            "type": "GHSA",
            "value": "GHSA-5938-79hg-xh3q"
        },
        {
            "type": "CVE",
            "value": "CVE-2023-50783"
        }
    ]
}