{
    "ghsaId": "GHSA-5p5r-57fx-pmfr",
    "severity": "MODERATE",
    "summary": "Langflow vulnerable to remote code execution",
    "description": "langflow <=1.0.18 is vulnerable to Remote Code Execution (RCE) as any component provided the code functionality and the components run on the local machine rather than in a sandbox.",
    "permalink": "https://github.com/advisories/GHSA-5p5r-57fx-pmfr",
    "publishedAt": "2024-11-05T00:31:28Z",
    "withdrawnAt": null,
    "identifiers": [
        {
            "type": "GHSA",
            "value": "GHSA-5p5r-57fx-pmfr"
        },
        {
            "type": "CVE",
            "value": "CVE-2024-48061"
        }
    ]
}