{
    "ghsaId": "GHSA-8g9m-vv69-7j99",
    "severity": "MODERATE",
    "summary": "rdiffweb vulnerable to Open Redirect",
    "description": "A lack of user input validation leads to an open redirect vulnerability in rdiffweb prior to 2.5.0a4.",
    "permalink": "https://github.com/advisories/GHSA-8g9m-vv69-7j99",
    "publishedAt": "2022-10-10T19:00:18Z",
    "withdrawnAt": null,
    "identifiers": [
        {
            "type": "GHSA",
            "value": "GHSA-8g9m-vv69-7j99"
        },
        {
            "type": "CVE",
            "value": "CVE-2022-3438"
        }
    ]
}