{
    "ghsaId": "GHSA-7hjm-hqgj-xv9f",
    "severity": "MODERATE",
    "summary": "MoinMoin Multiple cross-site scripting (XSS) vulnerabilities",
    "description": "Multiple cross-site scripting (XSS) vulnerabilities in `action/AttachFile.py` in MoinMoin before 1.8.1 allow remote attackers to inject arbitrary web script or HTML via an AttachFile action to the WikiSandBox component with (1) the rename parameter or (2) the drawing parameter (aka the basename variable).",
    "permalink": "https://github.com/advisories/GHSA-7hjm-hqgj-xv9f",
    "publishedAt": "2022-05-02T03:13:51Z",
    "withdrawnAt": null,
    "identifiers": [
        {
            "type": "GHSA",
            "value": "GHSA-7hjm-hqgj-xv9f"
        },
        {
            "type": "CVE",
            "value": "CVE-2009-0260"
        }
    ]
}