{
    "ghsaId": "GHSA-72cx-5ff9-4hhc",
    "severity": "MODERATE",
    "summary": "Cross-site scripting in markdown2 for python",
    "description": "python-markdown2 before 1.0.1.14 has multiple cross-site scripting (XSS) issues.",
    "permalink": "https://github.com/advisories/GHSA-72cx-5ff9-4hhc",
    "publishedAt": "2022-04-21T01:54:03Z",
    "withdrawnAt": null,
    "identifiers": [
        {
            "type": "GHSA",
            "value": "GHSA-72cx-5ff9-4hhc"
        },
        {
            "type": "CVE",
            "value": "CVE-2009-3724"
        }
    ]
}