{
    "ghsaId": "GHSA-62g7-fpv9-v95f",
    "severity": "MODERATE",
    "summary": "Inventree vulnerable to Stored Cross-site Scripting",
    "description": "Inventree prior to 0.8.3 is vulnerable to stored cross-site scripting by uploading SVG files. Version 0.8.3 contains a patch for this issue.",
    "permalink": "https://github.com/advisories/GHSA-62g7-fpv9-v95f",
    "publishedAt": "2022-09-30T00:00:45Z",
    "withdrawnAt": null,
    "identifiers": [
        {
            "type": "GHSA",
            "value": "GHSA-62g7-fpv9-v95f"
        },
        {
            "type": "CVE",
            "value": "CVE-2022-3355"
        }
    ]
}