{
    "ghsaId": "GHSA-52j9-v3jc-9xgc",
    "severity": "MODERATE",
    "summary": "Tryton allows users to read the hashed password",
    "description": "Tryton 3.x before 3.2.17, 3.4.x before 3.4.14, 3.6.x before 3.6.12, 3.8.x before 3.8.8, and 4.x before 4.0.4 allow remote authenticated users to discover user password hashes via unspecified vectors.",
    "permalink": "https://github.com/advisories/GHSA-52j9-v3jc-9xgc",
    "publishedAt": "2022-05-17T03:49:11Z",
    "withdrawnAt": null,
    "identifiers": [
        {
            "type": "GHSA",
            "value": "GHSA-52j9-v3jc-9xgc"
        },
        {
            "type": "CVE",
            "value": "CVE-2016-1241"
        }
    ]
}