{
    "ghsaId": "GHSA-6r3p-fcvm-xh7c",
    "severity": "MODERATE",
    "summary": "SSRF vulnerability in Apache Airflow",
    "description": "In Apache Airflow versions prior to 1.10.13, the Charts and Query View of the old (Flask-admin based) UI were vulnerable for SSRF attack.",
    "permalink": "https://github.com/advisories/GHSA-6r3p-fcvm-xh7c",
    "publishedAt": "2020-12-17T21:00:58Z",
    "withdrawnAt": null,
    "identifiers": [
        {
            "type": "GHSA",
            "value": "GHSA-6r3p-fcvm-xh7c"
        },
        {
            "type": "CVE",
            "value": "CVE-2020-17513"
        }
    ]
}