{
    "ghsaId": "GHSA-2mrj-435v-c2cr",
    "severity": "MODERATE",
    "summary": "Duplicate Advisory: possible DoS caused by malformed signature decoding in Pure-Python ECDSA",
    "description": "## Duplicate Advisory\nThis advisory has been withdrawn because it is a duplicate of GHSA-pwfw-mgfj-7g3g. This link is maintained to preserve external references.",
    "permalink": "https://github.com/advisories/GHSA-2mrj-435v-c2cr",
    "publishedAt": "2019-12-02T18:15:31Z",
    "withdrawnAt": "2020-06-16T20:15:24Z",
    "identifiers": [
        {
            "type": "GHSA",
            "value": "GHSA-2mrj-435v-c2cr"
        }
    ]
}