{
    "ghsaId": "GHSA-3c67-gc48-983w",
    "severity": "MODERATE",
    "summary": "Path Traversal in Ansible",
    "description": "An archive traversal flaw was found in all ansible-engine versions 2.9.x prior to 2.9.7, when running `ansible-galaxy collection` install. When extracting a collection .tar.gz file, the directory is created without sanitizing the filename. An attacker could take advantage to overwrite any file within the system.",
    "permalink": "https://github.com/advisories/GHSA-3c67-gc48-983w",
    "publishedAt": "2021-04-20T16:44:37Z",
    "withdrawnAt": null,
    "identifiers": [
        {
            "type": "GHSA",
            "value": "GHSA-3c67-gc48-983w"
        },
        {
            "type": "CVE",
            "value": "CVE-2020-10691"
        }
    ]
}