{
    "ghsaId": "GHSA-627q-g293-49q7",
    "severity": "MODERATE",
    "summary": "Abort caused by allocating a vector that is too large in Tensorflow",
    "description": "### Impact\nDuring shape inference, TensorFlow can [allocate a large vector](https://github.com/tensorflow/tensorflow/blob/a1320ec1eac186da1d03f033109191f715b2b130/tensorflow/core/framework/shape_inference.cc#L788-L790) based on a value from a tensor controlled by the user:\n\n```cc\n  const auto num_dims = Value(shape_dim);\n  std::vector<DimensionHandle> dims;\n  dims.reserve(num_dims);\n``` \n  \n### Patches           \nWe have patched the issue in GitHub commit [1361fb7e29449629e1df94d44e0427ebec8c83c7](https://github.com/tensorflow/tensorflow/commit/1361fb7e29449629e1df94d44e0427ebec8c83c7).\n\nThe fix will be included in TensorFlow 2.8.0. We will also cherrypick this commit on TensorFlow 2.7.1, TensorFlow 2.6.3, and TensorFlow 2.5.3, as these are also affected and still in supported range.\n\n### For more information\nPlease consult [our security guide](https://github.com/tensorflow/tensorflow/blob/master/SECURITY.md) for more information regarding the security model and how to contact us with issues and questions. ",
    "permalink": "https://github.com/advisories/GHSA-627q-g293-49q7",
    "publishedAt": "2022-02-07T22:01:24Z",
    "withdrawnAt": null,
    "identifiers": [
        {
            "type": "GHSA",
            "value": "GHSA-627q-g293-49q7"
        },
        {
            "type": "CVE",
            "value": "CVE-2022-23580"
        }
    ]
}