{
    "ghsaId": "GHSA-4ppj-4p4v-jf4p",
    "severity": "MODERATE",
    "summary": "OpenStack Keystone Denial of Service vulnerability via a large HTTP request",
    "description": "OpenStack Keystone Grizzly before 2013.1, Folsom, and possibly earlier allows remote attackers to cause a denial of service (CPU and memory consumption) via a large HTTP request, as demonstrated by a long tenant_name when requesting a token.",
    "permalink": "https://github.com/advisories/GHSA-4ppj-4p4v-jf4p",
    "publishedAt": "2022-05-05T02:48:42Z",
    "withdrawnAt": null,
    "identifiers": [
        {
            "type": "GHSA",
            "value": "GHSA-4ppj-4p4v-jf4p"
        },
        {
            "type": "CVE",
            "value": "CVE-2013-0270"
        }
    ]
}