{
    "ghsaId": "GHSA-39ph-wr67-j4xq",
    "severity": "MODERATE",
    "summary": "loguru vulnerable to improper privilege management ",
    "description": "Improper Privilege Management in Conda loguru prior to 0.5.3.",
    "permalink": "https://github.com/advisories/GHSA-39ph-wr67-j4xq",
    "publishedAt": "2022-01-26T00:01:50Z",
    "withdrawnAt": null,
    "identifiers": [
        {
            "type": "GHSA",
            "value": "GHSA-39ph-wr67-j4xq"
        },
        {
            "type": "CVE",
            "value": "CVE-2022-0338"
        }
    ]
}