{
    "ghsaId": "GHSA-7cr9-rmqr-fpqp",
    "severity": "MODERATE",
    "summary": "Path traversal in FreeTAKServer-UI",
    "description": "An issue in the ?filename= argument of the route /DataPackageTable in FreeTAKServer-UI v1.9.8 allows attackers to place arbitrary files anywhere on the system.",
    "permalink": "https://github.com/advisories/GHSA-7cr9-rmqr-fpqp",
    "publishedAt": "2022-03-12T00:00:37Z",
    "withdrawnAt": null,
    "identifiers": [
        {
            "type": "GHSA",
            "value": "GHSA-7cr9-rmqr-fpqp"
        },
        {
            "type": "CVE",
            "value": "CVE-2022-25511"
        }
    ]
}