{
    "ghsaId": "GHSA-2m34-jcjv-45xf",
    "severity": "MODERATE",
    "summary": "XSS in Django",
    "description": "An issue was discovered in Django version 2.2 before 2.2.13 and 3.0 before 3.0.7. Query parameters generated by the Django admin ForeignKeyRawIdWidget were not properly URL encoded, leading to a possibility of an XSS attack.",
    "permalink": "https://github.com/advisories/GHSA-2m34-jcjv-45xf",
    "publishedAt": "2020-06-05T16:24:28Z",
    "withdrawnAt": null,
    "identifiers": [
        {
            "type": "GHSA",
            "value": "GHSA-2m34-jcjv-45xf"
        },
        {
            "type": "CVE",
            "value": "CVE-2020-13596"
        }
    ]
}