{
    "ghsaId": "GHSA-4946-85pr-fvxh",
    "severity": "MODERATE",
    "summary": "vantage6's CORS settings overly permissive",
    "description": "### Impact\nThe vantage6 server has no restrictions on CORS settings. It should be possible for people to set the allowed origins of the server. \n\nThe impact is limited because v6 does not use session cookies\n\n### Patches\nNo\n\n### Workarounds\nNo",
    "permalink": "https://github.com/advisories/GHSA-4946-85pr-fvxh",
    "publishedAt": "2024-03-15T16:42:55Z",
    "withdrawnAt": null,
    "identifiers": [
        {
            "type": "GHSA",
            "value": "GHSA-4946-85pr-fvxh"
        },
        {
            "type": "CVE",
            "value": "CVE-2024-23823"
        }
    ]
}