{
    "ghsaId": "GHSA-84pr-m4jr-85g5",
    "severity": "MODERATE",
    "summary": "flask-cors vulnerable to log injection when the log level is set to debug",
    "description": "corydolphin/flask-cors is vulnerable to log injection when the log level is set to debug. An attacker can inject fake log entries into the log file by sending a specially crafted GET request containing a CRLF sequence in the request path. This vulnerability allows attackers to corrupt log files, potentially covering tracks of other attacks, confusing log post-processing tools, and forging log entries. The issue is due to improper output neutralization for logs.",
    "permalink": "https://github.com/advisories/GHSA-84pr-m4jr-85g5",
    "publishedAt": "2024-04-19T21:31:08Z",
    "withdrawnAt": null,
    "identifiers": [
        {
            "type": "GHSA",
            "value": "GHSA-84pr-m4jr-85g5"
        },
        {
            "type": "CVE",
            "value": "CVE-2024-1681"
        }
    ]
}