{
    "ghsaId": "GHSA-3p3h-qghp-hvh2",
    "severity": "MODERATE",
    "summary": "Open Redirect in werkzeug",
    "description": "Open redirect vulnerability in werkzeug before 0.11.6 via a double slash in the URL.",
    "permalink": "https://github.com/advisories/GHSA-3p3h-qghp-hvh2",
    "publishedAt": "2021-04-20T16:30:26Z",
    "withdrawnAt": null,
    "identifiers": [
        {
            "type": "GHSA",
            "value": "GHSA-3p3h-qghp-hvh2"
        },
        {
            "type": "CVE",
            "value": "CVE-2020-28724"
        }
    ]
}