{
    "ghsaId": "GHSA-26c5-ppr8-f33p",
    "severity": "MODERATE",
    "summary": "Synapse has improper checks for deactivated users during login",
    "description": "### Impact\nIt may be possible for a deactivated user to login when using uncommon configurations.\n\nThis only applies if any of the following are true:\n\n* [JSON Web Tokens are enabled for login](https://matrix-org.github.io/synapse/latest/jwt.html) via the `jwt_config.enabled` configuration setting\n* The [local password database is enabled](https://matrix-org.github.io/synapse/latest/usage/configuration/config_documentation.html#password_config) via the `password_config.enabled` and `password_config.localdb_enabled` configuration settings *and* a user's password is [updated via an admin API](https://matrix-org.github.io/synapse/latest/admin_api/user_admin_api.html#create-or-modify-account) after a user is deactivated.\n\n**Note that the local password database is enabled by default**, but it is uncommon to set a user's password after they've been deactivated.\n\nInstallations that are configured to only allow login via Single Sign-On (SSO) via CAS, SAML or OpenID Connect (OIDC); or via an external password provider (e.g. LDAP) are not affected.\n\n### Patches\n\n* If using JSON Web Token logins: #15624\n* For other users: #15634\n\n### Workarounds\n\nIf not using JSON Web Tokens, ensure that deactivated users do not have a password set. This list of users can be queried from PostgreSQL:\n\n```sql\nSELECT name FROM users WHERE password_hash IS NOT NULL AND deactivated = 1;\n```\n\n",
    "permalink": "https://github.com/advisories/GHSA-26c5-ppr8-f33p",
    "publishedAt": "2023-06-06T16:40:42Z",
    "withdrawnAt": null,
    "identifiers": [
        {
            "type": "GHSA",
            "value": "GHSA-26c5-ppr8-f33p"
        },
        {
            "type": "CVE",
            "value": "CVE-2023-32682"
        }
    ]
}