{
    "ghsaId": "GHSA-7q25-qrjw-6fg2",
    "severity": "MODERATE",
    "summary": "Malicious package may avoid detection in python auditing",
    "description": "# Python Auditing Vulnerability\n\nDemonstrates how a malicious package can insert a load-time poison pill to avoid detection by tools like Safety.\n\nTools that are designed to find vulnerable packages can not ever run in the same python environment that they are trying to protect.\n\n## Usage\n\nInstall `safety`, `insecure-package`, and this package with pip in the same python environment. Order doesn&amp;#39;t matter.\n\n1. pip install safety\n2. pip install insecure-package\n3. pip install dist/malicious-0.1-py3-none-any.whl\n\nRun the check\n\n4. `safety check`\n\nYou should see both `Running my modified safety.check` and that `insecure-package` is not listed in the results!\n\n\n## How it Works\n\nEverything in Python is mutable. The trick is getting some code to run at interpreter load time in order to do some patching.\n\n1. When you install this package, the `setup.py` settings installs a `malicious.pth` file to your `site-packages` directory.\n2. The `malicious.pth` file gets loaded anytime Python starts, which in turn imports our `malicious` package.\n3. The `malicious/__init__.py` patches the safety library with a custom function to avoid detection.",
    "permalink": "https://github.com/advisories/GHSA-7q25-qrjw-6fg2",
    "publishedAt": "2020-03-24T15:07:56Z",
    "withdrawnAt": null,
    "identifiers": [
        {
            "type": "GHSA",
            "value": "GHSA-7q25-qrjw-6fg2"
        },
        {
            "type": "CVE",
            "value": "CVE-2020-5252"
        }
    ]
}