{
    "ghsaId": "GHSA-4mg4-wvmx-5332",
    "severity": "MODERATE",
    "summary": "Server-Side Request Forgery in Plone",
    "description": "Plone through 5.2.4 allows remote authenticated managers to conduct SSRF attacks via an event ical URL, to read one line of a file.",
    "permalink": "https://github.com/advisories/GHSA-4mg4-wvmx-5332",
    "publishedAt": "2021-06-15T16:11:47Z",
    "withdrawnAt": null,
    "identifiers": [
        {
            "type": "GHSA",
            "value": "GHSA-4mg4-wvmx-5332"
        },
        {
            "type": "CVE",
            "value": "CVE-2021-33510"
        }
    ]
}