{
    "ghsaId": "GHSA-4r4c-66gf-g9g5",
    "severity": "MODERATE",
    "summary": "rockhopper Buffer Overflow vulnerability",
    "description": "A vulnerability, which was classified as critical, has been found in bwoodsend rockhopper up to 0.1.2. Affected by this issue is the function `count_rows` of the file `rockhopper/src/ragged_array.c` of the component Binary Parser. The manipulation of the argument raw leads to buffer overflow. Local access is required to approach this attack. Upgrading to version 0.2.0 is able to address this issue. The name of the patch is 1a15fad5e06ae693eb9b8908363d2c8ef455104e. It is recommended to upgrade the affected component. The identifier of this vulnerability is VDB-266312.",
    "permalink": "https://github.com/advisories/GHSA-4r4c-66gf-g9g5",
    "publishedAt": "2024-05-28T21:22:45Z",
    "withdrawnAt": null,
    "identifiers": [
        {
            "type": "GHSA",
            "value": "GHSA-4r4c-66gf-g9g5"
        },
        {
            "type": "CVE",
            "value": "CVE-2022-4969"
        }
    ]
}