{
    "ghsaId": "GHSA-7wxf-r2qv-9xwr",
    "severity": "MODERATE",
    "summary": "Docassemble open redirect",
    "description": "### Impact\nIt is possible to create a URL that acts as an open redirect.\n\n### Patches\nThe vulnerability has been patched in version 1.4.97 of the master branch. The Docker image on docker.io has been patched.\n\n### Workarounds\nIf upgrading is not possible, manually apply the changes of [4801ac7](https://github.com/jhpyle/docassemble/commit/4801ac7ff7c90df00ac09523077930cdb6dea2aa) and restart the server (e.g., by pressing Save on the Configuration screen).\n\n### Credit\n\nThe vulnerability was discovered by Riyush Ghimire (@richighimi).\n\n### For more information\nIf you have any questions or comments about this advisory:\n\n* Open an issue in [docassemble](https://github.com/jhpyle/docassemble/issues)\n* Join the [Slack channel](https://join.slack.com/t/docassemble/shared_invite/zt-2cspzjo9j-YyE7SrLmi5muAvnPv~Bz~A)\n* Email us at jhpyle@gmail.com",
    "permalink": "https://github.com/advisories/GHSA-7wxf-r2qv-9xwr",
    "publishedAt": "2024-02-29T22:14:47Z",
    "withdrawnAt": null,
    "identifiers": [
        {
            "type": "GHSA",
            "value": "GHSA-7wxf-r2qv-9xwr"
        },
        {
            "type": "CVE",
            "value": "CVE-2024-27291"
        }
    ]
}