{
    "ghsaId": "GHSA-282v-666c-3fvg",
    "severity": "MODERATE",
    "summary": "transformers has Insecure Temporary File",
    "description": "Insecure Temporary File in GitHub repository huggingface/transformers 4.29.2 and prior. A fix is available at commit 80ca92470938bbcc348e2d9cf4734c7c25cb1c43 and has been released as part of version 4.30.0.",
    "permalink": "https://github.com/advisories/GHSA-282v-666c-3fvg",
    "publishedAt": "2023-05-18T18:30:35Z",
    "withdrawnAt": null,
    "identifiers": [
        {
            "type": "GHSA",
            "value": "GHSA-282v-666c-3fvg"
        },
        {
            "type": "CVE",
            "value": "CVE-2023-2800"
        }
    ]
}