{
    "ghsaId": "GHSA-6rrm-xxvh-7r87",
    "severity": "MODERATE",
    "summary": "OpenStack Glance arbitrary deletion of non-protected images",
    "description": "The v1 API in OpenStack Glance Grizzly, Folsom (2012.2), and Essex (2012.1) allows remote authenticated users to delete arbitrary non-protected images via an image deletion request, a different vulnerability than CVE-2012-5482.",
    "permalink": "https://github.com/advisories/GHSA-6rrm-xxvh-7r87",
    "publishedAt": "2022-05-17T01:41:54Z",
    "withdrawnAt": null,
    "identifiers": [
        {
            "type": "GHSA",
            "value": "GHSA-6rrm-xxvh-7r87"
        },
        {
            "type": "CVE",
            "value": "CVE-2012-4573"
        }
    ]
}