{
    "ghsaId": "GHSA-6grp-75pq-c8cj",
    "severity": "MODERATE",
    "summary": "SaltStack has insecure /tmp file handling in salt/modules/chef.py",
    "description": "`modules/chef.py` in SaltStack before 2014.7.4 does not properly handle files in `/tmp`.",
    "permalink": "https://github.com/advisories/GHSA-6grp-75pq-c8cj",
    "publishedAt": "2022-05-17T02:49:26Z",
    "withdrawnAt": null,
    "identifiers": [
        {
            "type": "GHSA",
            "value": "GHSA-6grp-75pq-c8cj"
        },
        {
            "type": "CVE",
            "value": "CVE-2015-1839"
        }
    ]
}