{
    "ghsaId": "GHSA-57qw-cc2g-pv5p",
    "severity": "MODERATE",
    "summary": "lxml Cross-site Scripting Via Control Characters",
    "description": "Incomplete blacklist vulnerability in the `lxml.html.clean` module in lxml before 3.3.5 allows remote attackers to conduct cross-site scripting (XSS) attacks via control characters in the link scheme to the `clean_html` function.",
    "permalink": "https://github.com/advisories/GHSA-57qw-cc2g-pv5p",
    "publishedAt": "2022-05-14T04:01:59Z",
    "withdrawnAt": null,
    "identifiers": [
        {
            "type": "GHSA",
            "value": "GHSA-57qw-cc2g-pv5p"
        },
        {
            "type": "CVE",
            "value": "CVE-2014-3146"
        }
    ]
}