{
    "ghsaId": "GHSA-7h5v-85w9-pq6c",
    "severity": "MODERATE",
    "summary": "Denial of service (via resource exhaustion) due to improper input validation in third-party identifier endpoint",
    "description": "### Impact\nMissing input validation of some parameters on the endpoints used to confirm third-party identifiers could cause excessive use of disk space and memory leading to resource exhaustion.\n\n### Patches\nThe issue is fixed by https://github.com/matrix-org/synapse/pull/9855.\n\n### Workarounds\nThere are no known workarounds.\n\n### References\nn/a\n\n### For more information\nIf you have any questions or comments about this advisory, email us at security@matrix.org.\n",
    "permalink": "https://github.com/advisories/GHSA-7h5v-85w9-pq6c",
    "publishedAt": "2021-05-19T23:01:45Z",
    "withdrawnAt": null,
    "identifiers": [
        {
            "type": "GHSA",
            "value": "GHSA-7h5v-85w9-pq6c"
        }
    ]
}