{
    "ghsaId": "GHSA-54qj-48vx-cr9f",
    "severity": "MODERATE",
    "summary": "Django Cross-site scripting (XSS) vulnerability",
    "description": "Cross-site scripting (XSS) vulnerability in the login form in the administration application in Django 0.91 before 0.91.2, 0.95 before 0.95.3, and 0.96 before 0.96.2 allows remote attackers to inject arbitrary web script or HTML via the URI of a certain previous request.",
    "permalink": "https://github.com/advisories/GHSA-54qj-48vx-cr9f",
    "publishedAt": "2022-05-01T23:48:43Z",
    "withdrawnAt": null,
    "identifiers": [
        {
            "type": "GHSA",
            "value": "GHSA-54qj-48vx-cr9f"
        },
        {
            "type": "CVE",
            "value": "CVE-2008-2302"
        }
    ]
}