{
    "ghsaId": "GHSA-832w-fhmw-w4f4",
    "severity": "MODERATE",
    "summary": "D-Tale allows Remote Code Execution through the Custom Filter Input",
    "description": "### Impact\nUsers hosting D-Tale publicly can be vulnerable to remote code execution allowing attackers to run malicious code on the server.\n\n### Patches\nUsers should upgrade to version 3.16.1 where the `update-settings` endpoint blocks the ability for users to update the `enable_custom_filters` flag. You can find out more information on how to turn that flag on [here](https://github.com/man-group/dtale#custom-filter)\n\n### Workarounds\nThe only workaround for versions earlier than 3.16.1 is to only host D-Tale to trusted users.\n\n### References\nSee \"Custom Filter\" [documentation](https://github.com/man-group/dtale#custom-filter)\n",
    "permalink": "https://github.com/advisories/GHSA-832w-fhmw-w4f4",
    "publishedAt": "2024-12-13T20:36:22Z",
    "withdrawnAt": null,
    "identifiers": [
        {
            "type": "GHSA",
            "value": "GHSA-832w-fhmw-w4f4"
        },
        {
            "type": "CVE",
            "value": "CVE-2024-55890"
        }
    ]
}