{
    "ghsaId": "GHSA-5hg3-6c2f-f3wr",
    "severity": "MODERATE",
    "summary": "Django open redirect",
    "description": "`django.middleware.common.CommonMiddleware` in Django 1.11.x before 1.11.15 and 2.0.x before 2.0.8 has an Open Redirect.",
    "permalink": "https://github.com/advisories/GHSA-5hg3-6c2f-f3wr",
    "publishedAt": "2018-10-04T21:58:46Z",
    "withdrawnAt": null,
    "identifiers": [
        {
            "type": "GHSA",
            "value": "GHSA-5hg3-6c2f-f3wr"
        },
        {
            "type": "CVE",
            "value": "CVE-2018-14574"
        }
    ]
}