{
    "ghsaId": "GHSA-27rc-728f-x5w2",
    "severity": "MODERATE",
    "summary": "`CHECK` fail via inputs in `SdcaOptimizer`",
    "description": "### Impact\nInputs `dense_features` or `example_state_data` not of rank 2 will trigger a `CHECK` fail in [`SdcaOptimizer`](https://github.com/tensorflow/tensorflow/blob/master/tensorflow/core/kernels/sdca_internal.cc).\n\n```python\nimport tensorflow as tf\n\ntf.raw_ops.SdcaOptimizer(\n    sparse_example_indices=4 * [tf.random.uniform([5,5,5,3], dtype=tf.dtypes.int64, maxval=100)],\n    sparse_feature_indices=4 * [tf.random.uniform([5,5,5,3], dtype=tf.dtypes.int64, maxval=100)],\n    sparse_feature_values=8 * [tf.random.uniform([5,5,5,3], dtype=tf.dtypes.float32, maxval=100)],\n    dense_features=4 * [tf.random.uniform([5,5,5,3], dtype=tf.dtypes.float32, maxval=100)],\n    example_weights=tf.random.uniform([5,5,5,3], dtype=tf.dtypes.float32, maxval=100),\n    example_labels=tf.random.uniform([5,5,5,3], dtype=tf.dtypes.float32, maxval=100),\n    sparse_indices=4 * [tf.random.uniform([5,5,5,3], dtype=tf.dtypes.int64, maxval=100)],\n    sparse_weights=4 * [tf.random.uniform([5,5,5,3], dtype=tf.dtypes.float32, maxval=100)],\n    dense_weights=4 * [tf.random.uniform([5,5,5,3], dtype=tf.dtypes.float32, maxval=100)],\n    example_state_data=tf.random.uniform([5,5,5,3], dtype=tf.dtypes.float32, maxval=100),\n    loss_type=\"squared_loss\",\n    l1=0.0,\n    l2=0.0,\n    num_loss_partitions=1,\n    num_inner_iterations=1,\n    adaptative=False,)\n```\n\n### Patches\nWe have patched the issue in GitHub commit [80ff197d03db2a70c6a111f97dcdacad1b0babfa](https://github.com/tensorflow/tensorflow/commit/80ff197d03db2a70c6a111f97dcdacad1b0babfa).\n\nThe fix will be included in TensorFlow 2.11. We will also cherrypick this commit on TensorFlow 2.10.1, 2.9.3, and TensorFlow 2.8.4, as these are also affected and still in supported range.\n\n\n### For more information\nPlease consult [our security guide](https://github.com/tensorflow/tensorflow/blob/master/SECURITY.md) for more information regarding the security model and how to contact us with issues and questions.\n\n\n### Attribution\nThis vulnerability has been reported by Zizhuang Deng of IIE, UCAS\n",
    "permalink": "https://github.com/advisories/GHSA-27rc-728f-x5w2",
    "publishedAt": "2022-11-21T21:54:26Z",
    "withdrawnAt": null,
    "identifiers": [
        {
            "type": "GHSA",
            "value": "GHSA-27rc-728f-x5w2"
        },
        {
            "type": "CVE",
            "value": "CVE-2022-41899"
        }
    ]
}