{
    "ghsaId": "GHSA-6p5r-g9mq-ggh2",
    "severity": "MODERATE",
    "summary": "Reference binding to nullptr in `MatrixSetDiagV*` ops",
    "description": "### Impact\nAn attacker can cause undefined behavior via binding a reference to null pointer in all operations of type `tf.raw_ops.MatrixSetDiagV*`:\n\n```python\nimport tensorflow as tf\n\ntf.raw_ops.MatrixSetDiagV3(\n  input=[1,2,3],\n  diagonal=[1,1],\n  k=[],\n  align='RIGHT_LEFT')\n```\n  \nThe  [implementation](https://github.com/tensorflow/tensorflow/blob/84d053187cb80d975ef2b9684d4b61981bca0c41/tensorflow/core/kernels/linalg/matrix_diag_op.cc) has incomplete validation that the value of `k` is a valid tensor. We have check that this value is either a scalar or a vector, but there is no check for the number of elements. If this is an empty tensor, then code that accesses the first element of the tensor is wrong: \n\n```cc \n  auto& diag_index = context->input(1);\n  ...\n  lower_diag_index = diag_index.flat<int32>()(0);\n```\n  \n### Patches\nWe have patched the issue in GitHub commit [ff8894044dfae5568ecbf2ed514c1a37dc394f1b](https://github.com/tensorflow/tensorflow/commit/ff8894044dfae5568ecbf2ed514c1a37dc394f1b).\n\nThe fix will be included in TensorFlow 2.6.0. We will also cherrypick this commit on TensorFlow 2.5.1, TensorFlow 2.4.3, and TensorFlow 2.3.4, as these are also affected and still in supported range.\n\n### For more information\nPlease consult [our security guide](https://github.com/tensorflow/tensorflow/blob/master/SECURITY.md) for more information regarding the security model and how to contact us with issues and questions.\n\n### Attribution\nThis vulnerability has been reported by members of the Aivul Team from Qihoo 360.",
    "permalink": "https://github.com/advisories/GHSA-6p5r-g9mq-ggh2",
    "publishedAt": "2021-08-25T14:42:49Z",
    "withdrawnAt": null,
    "identifiers": [
        {
            "type": "GHSA",
            "value": "GHSA-6p5r-g9mq-ggh2"
        },
        {
            "type": "CVE",
            "value": "CVE-2021-37658"
        }
    ]
}