{
    "ghsaId": "GHSA-652x-xj99-gmcc",
    "severity": "MODERATE",
    "summary": "Exposure of Sensitive Information to an Unauthorized Actor in Requests",
    "description": "Requests (aka python-requests) before 2.3.0 allows remote servers to obtain sensitive information by reading the Proxy-Authorization header in a redirected request.",
    "permalink": "https://github.com/advisories/GHSA-652x-xj99-gmcc",
    "publishedAt": "2022-05-14T02:09:22Z",
    "withdrawnAt": null,
    "identifiers": [
        {
            "type": "GHSA",
            "value": "GHSA-652x-xj99-gmcc"
        },
        {
            "type": "CVE",
            "value": "CVE-2014-1830"
        }
    ]
}