{
    "ghsaId": "GHSA-77xq-6g77-h274",
    "severity": "MODERATE",
    "summary": "Gradio's `is_in_or_equal` function may be bypassed",
    "description": "### Impact\n**What kind of vulnerability is it? Who is impacted?**\n\nThis vulnerability relates to the **bypass of directory traversal checks** within the `is_in_or_equal` function. This function, intended to check if a file resides within a given directory, can be bypassed with certain payloads that manipulate file paths using `..` (parent directory) sequences. Attackers could potentially access restricted files if they are able to exploit this flaw, although the difficulty is high. This primarily impacts users relying on Gradio\u2019s blocklist or directory access validation, particularly when handling file uploads.\n\n### Patches\nYes, please upgrade to `gradio>=5.0` to address this issue.\n\n### Workarounds\n**Is there a way for users to fix or remediate the vulnerability without upgrading?**\n\nAs a workaround, users can manually sanitize and normalize file paths in their Gradio deployment before passing them to the `is_in_or_equal` function. Ensuring that all file paths are properly resolved and absolute can help mitigate the bypass vulnerabilities caused by the improper handling of `..` sequences or malformed paths.",
    "permalink": "https://github.com/advisories/GHSA-77xq-6g77-h274",
    "publishedAt": "2024-10-10T21:27:47Z",
    "withdrawnAt": null,
    "identifiers": [
        {
            "type": "GHSA",
            "value": "GHSA-77xq-6g77-h274"
        },
        {
            "type": "CVE",
            "value": "CVE-2024-47164"
        }
    ]
}