{
    "ghsaId": "GHSA-45h5-cqqw-9rjw",
    "severity": "MODERATE",
    "summary": "Aubio is vulnerable to a NULL pointer dereference",
    "description": "A NULL pointer dereference (DoS) Vulnerability was found in the function `aubio_source_avcodec_readframe` in io/source_avcodec.c of aubio, which may lead to DoS when playing a crafted audio file.",
    "permalink": "https://github.com/advisories/GHSA-45h5-cqqw-9rjw",
    "publishedAt": "2022-05-14T03:07:24Z",
    "withdrawnAt": null,
    "identifiers": [
        {
            "type": "GHSA",
            "value": "GHSA-45h5-cqqw-9rjw"
        },
        {
            "type": "CVE",
            "value": "CVE-2017-17554"
        }
    ]
}