{
    "ghsaId": "GHSA-66vj-393f-hxfv",
    "severity": "MODERATE",
    "summary": "OpenStack Swift Cross-site Scriping vulnerability",
    "description": "Cross-site scripting (XSS) vulnerability in OpenStack Swift 1.11.0 through 1.13.1 allows remote attackers to inject arbitrary web script or HTML via the WWW-Authenticate header.",
    "permalink": "https://github.com/advisories/GHSA-66vj-393f-hxfv",
    "publishedAt": "2022-05-17T04:04:46Z",
    "withdrawnAt": null,
    "identifiers": [
        {
            "type": "GHSA",
            "value": "GHSA-66vj-393f-hxfv"
        },
        {
            "type": "CVE",
            "value": "CVE-2014-3497"
        }
    ]
}