{
    "ghsaId": "GHSA-5c8p-qhch-qhx6",
    "severity": "MODERATE",
    "summary": "Deluge Web-UI vulnerable to XSS through a crafted torrent file",
    "description": "The Deluge Web-UI is vulnerable to cross-site scripting through a crafted torrent file. The the data from torrent files is not properly sanitised as it's interpreted directly as HTML. Someone who supplies the user with a malicious torrent file can execute arbitrary Javascript code in the context of the user's browser session.",
    "permalink": "https://github.com/advisories/GHSA-5c8p-qhch-qhx6",
    "publishedAt": "2022-08-27T00:00:44Z",
    "withdrawnAt": null,
    "identifiers": [
        {
            "type": "GHSA",
            "value": "GHSA-5c8p-qhch-qhx6"
        },
        {
            "type": "CVE",
            "value": "CVE-2021-3427"
        }
    ]
}