{
    "ghsaId": "GHSA-95jp-77w6-qj52",
    "severity": "MODERATE",
    "summary": "Cross-site Scripting in python-cjson",
    "description": "Python-cjson 1.0.5 does not properly handle a ['/'] argument to cjson.encode, which makes it easier for remote attackers to conduct certain cross-site scripting (XSS) attacks involving Firefox and the end tag of a SCRIPT element.",
    "permalink": "https://github.com/advisories/GHSA-95jp-77w6-qj52",
    "publishedAt": "2021-12-06T18:17:45Z",
    "withdrawnAt": null,
    "identifiers": [
        {
            "type": "GHSA",
            "value": "GHSA-95jp-77w6-qj52"
        },
        {
            "type": "CVE",
            "value": "CVE-2009-4924"
        }
    ]
}