{
    "ghsaId": "GHSA-8p2c-fghc-9hj4",
    "severity": "MODERATE",
    "summary": "Improper input validation in pyftpdlib",
    "description": "The ftp_QUIT function in ftpserver.py in pyftpdlib before 0.5.0 allows remote authenticated users to cause a denial of service (file descriptor exhaustion and daemon outage) by sending a QUIT command during a disallowed data-transfer attempt.",
    "permalink": "https://github.com/advisories/GHSA-8p2c-fghc-9hj4",
    "publishedAt": "2022-05-17T05:47:38Z",
    "withdrawnAt": null,
    "identifiers": [
        {
            "type": "GHSA",
            "value": "GHSA-8p2c-fghc-9hj4"
        },
        {
            "type": "CVE",
            "value": "CVE-2008-7264"
        }
    ]
}