{
    "ghsaId": "GHSA-8q2h-4mq6-396j",
    "severity": "MODERATE",
    "summary": "Cabot Cross Site Scripting (XSS) vulnerability via Address column",
    "description": "Cross Site Scripting (XSS) vulnerability in Arachnys Cabot up to and including 0.11.12 can be exploited via the Address column.",
    "permalink": "https://github.com/advisories/GHSA-8q2h-4mq6-396j",
    "publishedAt": "2022-05-24T17:35:22Z",
    "withdrawnAt": null,
    "identifiers": [
        {
            "type": "GHSA",
            "value": "GHSA-8q2h-4mq6-396j"
        },
        {
            "type": "CVE",
            "value": "CVE-2020-25449"
        }
    ]
}