{
    "ghsaId": "GHSA-275c-w5mq-v5m2",
    "severity": "MODERATE",
    "summary": "PaddlePaddle floating point exception in paddle.argmin and paddle.argmax",
    "description": "FPE in paddle.argmin and paddle.argmax\u00a0in PaddlePaddle before 2.6.0. This flaw can cause a runtime crash and a denial of service.\n\n\n\n",
    "permalink": "https://github.com/advisories/GHSA-275c-w5mq-v5m2",
    "publishedAt": "2024-01-03T09:30:33Z",
    "withdrawnAt": null,
    "identifiers": [
        {
            "type": "GHSA",
            "value": "GHSA-275c-w5mq-v5m2"
        },
        {
            "type": "CVE",
            "value": "CVE-2023-52313"
        }
    ]
}