{
    "ghsaId": "GHSA-6w9p-88qg-p3g3",
    "severity": "MODERATE",
    "summary": "Cross-site Scripting in CKAN",
    "description": "In CKAN, versions 2.9.0 to 2.9.3 are affected by a stored XSS vulnerability via SVG file upload of users\u2019 profile picture. This allows low privileged application users to store malicious scripts in their profile picture. These scripts are executed in a victim\u2019s browser when they open the malicious profile picture",
    "permalink": "https://github.com/advisories/GHSA-6w9p-88qg-p3g3",
    "publishedAt": "2021-12-03T20:44:48Z",
    "withdrawnAt": null,
    "identifiers": [
        {
            "type": "GHSA",
            "value": "GHSA-6w9p-88qg-p3g3"
        },
        {
            "type": "CVE",
            "value": "CVE-2021-25967"
        }
    ]
}