{
    "ghsaId": "GHSA-4xqv-47rm-37mm",
    "severity": "MODERATE",
    "summary": "OpenC3 stores passwords in clear text (`GHSL-2024-129`)",
    "description": "### Summary\nOpenC3 COSMOS stores the password of a user unencrypted in the LocalStorage of a web browser. This makes the user password susceptible to exfiltration via Cross-site scripting (see GHSL-2024-128).\n\nNote: This CVE only affects Open Source edition, and not OpenC3 COSMOS Enterprise Edition\n\n### Impact\nThis issue may lead to Information Disclosure.",
    "permalink": "https://github.com/advisories/GHSA-4xqv-47rm-37mm",
    "publishedAt": "2024-10-02T19:29:35Z",
    "withdrawnAt": null,
    "identifiers": [
        {
            "type": "GHSA",
            "value": "GHSA-4xqv-47rm-37mm"
        },
        {
            "type": "CVE",
            "value": "CVE-2024-47529"
        }
    ]
}