{
    "ghsaId": "GHSA-3p9q-7w63-3f8q",
    "severity": "MODERATE",
    "summary": "Open WebUI Allows Arbitrary File Write via the `download_model` Endpoint",
    "description": "In version 0.3.8 of open-webui/open-webui, an arbitrary file write vulnerability exists in the download_model endpoint. When deployed on Windows, the application improperly handles file paths, allowing an attacker to manipulate the file path to write files to arbitrary locations on the server's filesystem. This can result in overwriting critical system or application files, causing denial of service, or potentially achieving remote code execution (RCE). RCE can allow an attacker to execute malicious code with the privileges of the user running the application, leading to a full system compromise.",
    "permalink": "https://github.com/advisories/GHSA-3p9q-7w63-3f8q",
    "publishedAt": "2025-03-20T12:32:45Z",
    "withdrawnAt": null,
    "identifiers": [
        {
            "type": "GHSA",
            "value": "GHSA-3p9q-7w63-3f8q"
        },
        {
            "type": "CVE",
            "value": "CVE-2024-7033"
        }
    ]
}