{
    "ghsaId": "GHSA-6h64-g7cj-hj56",
    "severity": "MODERATE",
    "summary": "Lord of Large Language Models (LoLLMs)  path traversal vulnerability in the api open_personality_folder endpoint",
    "description": "A path traversal vulnerability exists in the api open_personality_folder endpoint of parisneo/lollms. This vulnerability allows an attacker to read any folder in the personality_folder on the victim's computer, even though sanitize_path is set. The issue arises due to improper sanitization of the personality_folder parameter, which can be exploited to traverse directories and access arbitrary files.",
    "permalink": "https://github.com/advisories/GHSA-6h64-g7cj-hj56",
    "publishedAt": "2024-10-11T18:32:50Z",
    "withdrawnAt": null,
    "identifiers": [
        {
            "type": "GHSA",
            "value": "GHSA-6h64-g7cj-hj56"
        },
        {
            "type": "CVE",
            "value": "CVE-2024-6985"
        }
    ]
}