{
    "ghsaId": "GHSA-4wcc-jv3p-prqw",
    "severity": "MODERATE",
    "summary": "Cherry Music Cross-site Scripting (XSS) vulnerability",
    "description": "Cross-site scripting (XSS) vulnerability in Cherry Music before 0.36.0 allows remote authenticated users to inject arbitrary web script or HTML via the playlistname field when creating a new playlist.",
    "permalink": "https://github.com/advisories/GHSA-4wcc-jv3p-prqw",
    "publishedAt": "2022-05-17T02:52:55Z",
    "withdrawnAt": null,
    "identifiers": [
        {
            "type": "GHSA",
            "value": "GHSA-4wcc-jv3p-prqw"
        },
        {
            "type": "CVE",
            "value": "CVE-2015-8310"
        }
    ]
}