{
    "ghsaId": "GHSA-4873-36h9-wv49",
    "severity": "MODERATE",
    "summary": "Out-of-bounds read/write and invalid free with `externref`s and GC safepoints in Wasmtime ",
    "description": "### Impact\n\nThere was an invalid free and out-of-bounds read and write bug when running Wasm that uses `externref`s in Wasmtime.\n\nTo trigger this bug, Wasmtime needs to be running Wasm that uses `externref`s, the host creates non-null `externrefs`, Wasmtime performs a garbage collection (GC), and there has to be a Wasm frame on the stack that is at a GC safepoint where\n\n* there are no live references at this safepoint, and\n* there is a safepoint with live references earlier in this frame's function.\n\nUnder this scenario, Wasmtime would incorrectly use the GC stack map for the safepoint from earlier in the function instead of the empty safepoint. This would result in Wasmtime treating arbitrary stack slots as `externref`s that needed to be rooted for GC. At the *next* GC, it would be determined that nothing was referencing these bogus `externref`s (because nothing could ever reference them, because they are not really `externref`s) and then Wasmtime would deallocate them and run `<ExternRef as Drop>::drop` on them. This results in a free of memory that is not necessarily on the heap (and shouldn't be freed at this moment even if it was), as well as potential out-of-bounds reads and writes.\n\nEven though support for `externref`s (via the reference types proposal) is enabled by default, unless you are creating non-null `externref`s in your host code or explicitly triggering GCs, you cannot be affected by this bug.\n\nWe have reason to believe that the effective impact of this bug is relatively small because usage of `externref` is currently quite rare.\n\n### Patches\n\nThis bug has been patched and users should upgrade to Wasmtime version 0.30.0.\n\nAdditionally, we have updated [our primary `externref` fuzz target](https://github.com/bytecodealliance/wasmtime/blob/37c094faf53f1b356aab3c79d451395e4f7edb34/fuzz/fuzz_targets/table_ops.rs) such that it better exercises these code paths and we can have greater confidence in their correctness going forward.\n\n### Workarounds\n\nIf you cannot upgrade Wasmtime at this time, you can avoid this bug by disabling the reference types proposal by passing `false` to [`wasmtime::Config::wasm_reference_types`](https://docs.rs/wasmtime/0.29.0/wasmtime/struct.Config.html#method.wasm_reference_types)\n\n### References\n\n* [The Wasm reference types proposal, which introduces `externref`](https://github.com/WebAssembly/reference-types/)\n\n### For more information\n\nIf you have any questions or comments about this advisory:\n\n* Reach out to us on [the Bytecode Alliance Zulip chat](https://bytecodealliance.zulipchat.com/#narrow/stream/217126-wasmtime)\n* Open an issue in [the `bytecodealliance/wasmtime` repository](https://github.com/bytecodealliance/wasmtime/)",
    "permalink": "https://github.com/advisories/GHSA-4873-36h9-wv49",
    "publishedAt": "2021-09-20T19:54:16Z",
    "withdrawnAt": null,
    "identifiers": [
        {
            "type": "GHSA",
            "value": "GHSA-4873-36h9-wv49"
        },
        {
            "type": "CVE",
            "value": "CVE-2021-39218"
        }
    ]
}