{
    "ghsaId": "GHSA-8p42-7597-p2f6",
    "severity": "MODERATE",
    "summary": "dcnnt-py is vulnerable to command injection via Notification Handler",
    "description": "A vulnerability was found in cyanomiko dcnnt-py up to 0.9.0. It has been classified as critical. Affected is the function main of the file dcnnt/plugins/notifications.py of the component Notification Handler. The manipulation leads to command injection. It is possible to launch the attack remotely. Upgrading to version 0.9.1 is able to address this issue. The patch is identified as b4021d784a97e25151a5353aa763a741e9a148f5. It is recommended to upgrade the affected component. VDB-262230 is the identifier assigned to this vulnerability.",
    "permalink": "https://github.com/advisories/GHSA-8p42-7597-p2f6",
    "publishedAt": "2024-04-27T09:30:33Z",
    "withdrawnAt": null,
    "identifiers": [
        {
            "type": "GHSA",
            "value": "GHSA-8p42-7597-p2f6"
        },
        {
            "type": "CVE",
            "value": "CVE-2023-1000"
        }
    ]
}