{
    "ghsaId": "GHSA-7whr-j8vf-r4wj",
    "severity": "MODERATE",
    "summary": "Zope allows attackers to modify raw image and file data",
    "description": "Zope 2.2.0 through 2.2.4 does not properly protect a data updating method on Image and File objects, which allows attackers with DTML editing privileges to modify the raw data of these objects.",
    "permalink": "https://github.com/advisories/GHSA-7whr-j8vf-r4wj",
    "publishedAt": "2022-04-30T18:15:07Z",
    "withdrawnAt": null,
    "identifiers": [
        {
            "type": "GHSA",
            "value": "GHSA-7whr-j8vf-r4wj"
        },
        {
            "type": "CVE",
            "value": "CVE-2000-1212"
        }
    ]
}