{
    "ghsaId": "GHSA-5jp3-wp5v-5363",
    "severity": "MODERATE",
    "summary": "Open WebUI Stored Cross-Site Scripting Vulnerability",
    "description": "Attackers can craft a malicious prompt that coerces the language model into executing arbitrary JavaScript in the context of the web page.",
    "permalink": "https://github.com/advisories/GHSA-5jp3-wp5v-5363",
    "publishedAt": "2024-08-08T00:31:44Z",
    "withdrawnAt": null,
    "identifiers": [
        {
            "type": "GHSA",
            "value": "GHSA-5jp3-wp5v-5363"
        },
        {
            "type": "CVE",
            "value": "CVE-2024-6706"
        }
    ]
}