{
    "ghsaId": "GHSA-6p2h-rjj7-2j63",
    "severity": "MODERATE",
    "summary": "openstack-barbican Denial of Service vulnerability",
    "description": "An authorization flaw was found in openstack-barbican, where anyone with an admin role could add secrets to a different project container. This flaw allows an attacker on the network to consume protected resources and cause a denial of service.",
    "permalink": "https://github.com/advisories/GHSA-6p2h-rjj7-2j63",
    "publishedAt": "2022-09-02T00:01:02Z",
    "withdrawnAt": null,
    "identifiers": [
        {
            "type": "GHSA",
            "value": "GHSA-6p2h-rjj7-2j63"
        },
        {
            "type": "CVE",
            "value": "CVE-2022-23452"
        }
    ]
}