{
    "ghsaId": "GHSA-65xw-pcqw-hjrh",
    "severity": "MODERATE",
    "summary": "Apache Airflow Cross-site Scripting Vulnerability",
    "description": "It was discovered that the \"Trigger DAG with config\" screen was susceptible to XSS attacks via the `origin` query argument. This issue affects Apache Airflow versions 2.2.3 and below.",
    "permalink": "https://github.com/advisories/GHSA-65xw-pcqw-hjrh",
    "publishedAt": "2022-02-26T00:00:45Z",
    "withdrawnAt": null,
    "identifiers": [
        {
            "type": "GHSA",
            "value": "GHSA-65xw-pcqw-hjrh"
        },
        {
            "type": "CVE",
            "value": "CVE-2021-45229"
        }
    ]
}