{
    "ghsaId": "GHSA-5pv6-rprw-82wv",
    "severity": "MODERATE",
    "summary": "Horizon Web Dashboard Open Redirect vulnerability",
    "description": "Open Redirect vulnerability in Horizon Web Dashboard 19.4.0 thru 20.1.4 via the success_url parameter.",
    "permalink": "https://github.com/advisories/GHSA-5pv6-rprw-82wv",
    "publishedAt": "2023-08-22T21:30:26Z",
    "withdrawnAt": null,
    "identifiers": [
        {
            "type": "GHSA",
            "value": "GHSA-5pv6-rprw-82wv"
        },
        {
            "type": "CVE",
            "value": "CVE-2022-45582"
        }
    ]
}