{
    "ghsaId": "GHSA-4mrc-w7jh-hx4j",
    "severity": "MODERATE",
    "summary": "Mage AI Path Traversal vulnerability",
    "description": "Mage AI allows remote users with the \"Viewer\" role to leak arbitrary files from the Mage server due to a path traversal in the \"Pipeline Interaction\" request",
    "permalink": "https://github.com/advisories/GHSA-4mrc-w7jh-hx4j",
    "publishedAt": "2024-08-23T21:30:42Z",
    "withdrawnAt": null,
    "identifiers": [
        {
            "type": "GHSA",
            "value": "GHSA-4mrc-w7jh-hx4j"
        },
        {
            "type": "CVE",
            "value": "CVE-2024-45190"
        }
    ]
}