{
    "ghsaId": "GHSA-52gm-qmg3-r4qp",
    "severity": "MODERATE",
    "summary": "Apache Airflow: XSS vulnerability in Task Instance Log/Log Details",
    "description": "Apache Airflow version 2.9.0 has a vulnerability that allows an authenticated attacker to inject malicious data into the task instance logs.\u00a0\nUsers are recommended to upgrade to version 2.9.1, which fixes this issue.",
    "permalink": "https://github.com/advisories/GHSA-52gm-qmg3-r4qp",
    "publishedAt": "2024-05-14T18:31:00Z",
    "withdrawnAt": null,
    "identifiers": [
        {
            "type": "GHSA",
            "value": "GHSA-52gm-qmg3-r4qp"
        },
        {
            "type": "CVE",
            "value": "CVE-2024-32077"
        }
    ]
}