{
    "ghsaId": "GHSA-547m-23x7-cxg5",
    "severity": "MODERATE",
    "summary": "PaddlePaddle null pointer dereference in paddle.nextafter",
    "description": "Nullptr in paddle.nextafter\u00a0in PaddlePaddle before 2.6.0. This flaw can cause a runtime crash and a denial of service.\n\n\n\n",
    "permalink": "https://github.com/advisories/GHSA-547m-23x7-cxg5",
    "publishedAt": "2024-01-03T09:30:32Z",
    "withdrawnAt": null,
    "identifiers": [
        {
            "type": "GHSA",
            "value": "GHSA-547m-23x7-cxg5"
        },
        {
            "type": "CVE",
            "value": "CVE-2023-52302"
        }
    ]
}