{
    "ghsaId": "GHSA-3864-rp2m-2qfj",
    "severity": "MODERATE",
    "summary": "libre-chat Path Traversal vulnerability",
    "description": "An issue in the upload_documents method of libre-chat v0.0.6 allows attackers to execute a path traversal via supplying a crafted filename in an uploaded file.",
    "permalink": "https://github.com/advisories/GHSA-3864-rp2m-2qfj",
    "publishedAt": "2024-11-25T18:33:26Z",
    "withdrawnAt": null,
    "identifiers": [
        {
            "type": "GHSA",
            "value": "GHSA-3864-rp2m-2qfj"
        },
        {
            "type": "CVE",
            "value": "CVE-2024-52787"
        }
    ]
}