{
    "ghsaId": "GHSA-4jh2-3c85-q67h",
    "severity": "MODERATE",
    "summary": "Improper Privilege Management in apache-airflow",
    "description": "In Apache Airflow prior to 2.2.0. This CVE applies to a specific case where a User who has \"can_create\" permissions on DAG Runs can create Dag Runs for dags that they don't have \"edit\" permissions for.",
    "permalink": "https://github.com/advisories/GHSA-4jh2-3c85-q67h",
    "publishedAt": "2022-01-28T21:55:34Z",
    "withdrawnAt": null,
    "identifiers": [
        {
            "type": "GHSA",
            "value": "GHSA-4jh2-3c85-q67h"
        },
        {
            "type": "CVE",
            "value": "CVE-2021-45230"
        }
    ]
}