{
    "ghsaId": "GHSA-8h22-6qwx-q4w9",
    "severity": "MODERATE",
    "summary": "OpenStack Ironic fails to verify checksums of supplied image_source URLs",
    "description": "In OpenStack Ironic before 21.4.4, 22.x and 23.x before 23.0.3, 23.x and 24.x before 24.1.3, and 25.x and 26.x before 26.1.0, there is a lack of checksum validation of supplied image_source URLs when configured to convert images to a raw format for streaming.",
    "permalink": "https://github.com/advisories/GHSA-8h22-6qwx-q4w9",
    "publishedAt": "2024-10-04T18:31:11Z",
    "withdrawnAt": null,
    "identifiers": [
        {
            "type": "GHSA",
            "value": "GHSA-8h22-6qwx-q4w9"
        },
        {
            "type": "CVE",
            "value": "CVE-2024-47211"
        }
    ]
}