{
    "ghsaId": "GHSA-8xgx-75qw-6268",
    "severity": "MODERATE",
    "summary": "Improper privilege management in pyftpdlib",
    "description": "The ftp_PORT function in FTPServer.py in pyftpdlib before 0.2.0 does not prevent TCP connections to privileged ports if the destination IP address matches the source IP address of the connection from the FTP client, which might allow remote authenticated users to conduct FTP bounce attacks via crafted FTP data, as demonstrated by an FTP bounce attack against a NAT server, a related issue to CVE-1999-0017.",
    "permalink": "https://github.com/advisories/GHSA-8xgx-75qw-6268",
    "publishedAt": "2022-05-01T18:45:58Z",
    "withdrawnAt": null,
    "identifiers": [
        {
            "type": "GHSA",
            "value": "GHSA-8xgx-75qw-6268"
        },
        {
            "type": "CVE",
            "value": "CVE-2007-6741"
        }
    ]
}