{
    "ghsaId": "GHSA-6m9r-7wrx-xmr6",
    "severity": "MODERATE",
    "summary": "Apache Airflow Cross-Site Request Forgery vulnerability",
    "description": "Apache Airflow, version 2.7.0 through 2.7.3, has a vulnerability that allows an attacker to trigger a DAG in a GET request without CSRF validation.\u00a0As a result, it was possible for a malicious website opened in the same browser - by the user who also had Airflow UI opened - to trigger the execution of DAGs without the user's consent.\nUsers are advised to upgrade to version 2.8.0 or later which is not affected",
    "permalink": "https://github.com/advisories/GHSA-6m9r-7wrx-xmr6",
    "publishedAt": "2023-12-21T12:30:28Z",
    "withdrawnAt": null,
    "identifiers": [
        {
            "type": "GHSA",
            "value": "GHSA-6m9r-7wrx-xmr6"
        },
        {
            "type": "CVE",
            "value": "CVE-2023-49920"
        }
    ]
}