{
    "ghsaId": "GHSA-3m3h-v9hv-9j4h",
    "severity": "MODERATE",
    "summary": "Cross-site Scripting in django-wiki",
    "description": "In Django-wiki, versions 0.0.20 to 0.7.8 are vulnerable to Stored Cross-Site Scripting (XSS) in Notifications Section. An attacker who has access to edit pages can inject JavaScript payload in the title field. When a victim gets a notification regarding the changes made in the application, the payload in the notification panel renders and loads external JavaScript.",
    "permalink": "https://github.com/advisories/GHSA-3m3h-v9hv-9j4h",
    "publishedAt": "2021-12-02T17:49:40Z",
    "withdrawnAt": null,
    "identifiers": [
        {
            "type": "GHSA",
            "value": "GHSA-3m3h-v9hv-9j4h"
        },
        {
            "type": "CVE",
            "value": "CVE-2021-25986"
        }
    ]
}