{
    "ghsaId": "GHSA-7wph-fc4w-wqp2",
    "severity": "MODERATE",
    "summary": "Improper date handling in Django",
    "description": "The password reset functionality in django.contrib.auth in Django before 1.1.3, 1.2.x before 1.2.4, and 1.3.x before 1.3 beta 1 does not validate the length of a string representing a base36 timestamp, which allows remote attackers to cause a denial of service (resource consumption) via a URL that specifies a large base36 integer.",
    "permalink": "https://github.com/advisories/GHSA-7wph-fc4w-wqp2",
    "publishedAt": "2018-07-23T19:51:59Z",
    "withdrawnAt": null,
    "identifiers": [
        {
            "type": "GHSA",
            "value": "GHSA-7wph-fc4w-wqp2"
        },
        {
            "type": "CVE",
            "value": "CVE-2010-4535"
        }
    ]
}