{
    "ghsaId": "GHSA-27j5-4p9v-pp67",
    "severity": "MODERATE",
    "summary": "`std::abort` raised from `TensorListReserve`",
    "description": "### Impact\nProviding a negative element to `num_elements` list argument of  `tf.raw_ops.TensorListReserve` causes the runtime to abort the process due to reallocating a `std::vector` to have a negative number of elements:\n\n```python\nimport tensorflow as tf\n\ntf.raw_ops.TensorListReserve(\n  element_shape = tf.constant([1]),\n  num_elements=tf.constant([-1]),\n  element_dtype = tf.int32)\n```\n\nThe [implementation](https://github.com/tensorflow/tensorflow/blob/8d72537c6abf5a44103b57b9c2e22c14f5f49698/tensorflow/core/kernels/list_kernels.cc#L312) calls `std::vector.resize()` with the new size controlled by input given by the user, without checking that this input is valid.\n\n### Patches\nWe have patched the issue in GitHub commit [8a6e874437670045e6c7dc6154c7412b4a2135e2](https://github.com/tensorflow/tensorflow/commit/8a6e874437670045e6c7dc6154c7412b4a2135e2).\n\nThe fix will be included in TensorFlow 2.6.0. We will also cherrypick this commit on TensorFlow 2.5.1, TensorFlow 2.4.3, and TensorFlow 2.3.4, as these are also affected and still in supported range.\n\n### For more information \nPlease consult [our security guide](https://github.com/tensorflow/tensorflow/blob/master/SECURITY.md) for more information regarding the security model and how to contact us with issues and questions.\n\n### Attribution\nThis vulnerability has been reported by members of the Aivul Team from Qihoo 360.",
    "permalink": "https://github.com/advisories/GHSA-27j5-4p9v-pp67",
    "publishedAt": "2021-08-25T14:43:40Z",
    "withdrawnAt": null,
    "identifiers": [
        {
            "type": "GHSA",
            "value": "GHSA-27j5-4p9v-pp67"
        },
        {
            "type": "CVE",
            "value": "CVE-2021-37644"
        }
    ]
}