{
    "ghsaId": "GHSA-6pc9-xqrg-wfqw",
    "severity": "MODERATE",
    "summary": "Exposure of Sensitive information in httpie",
    "description": "httpie is a modern, user-friendly command-line HTTP client for the API era. Prior to version 3.1.0, all cookies saved to session storage are supercookies. At this time, there is no known workaround. Users are recommended to update to version 3.1.0.",
    "permalink": "https://github.com/advisories/GHSA-6pc9-xqrg-wfqw",
    "publishedAt": "2022-03-16T00:00:47Z",
    "withdrawnAt": null,
    "identifiers": [
        {
            "type": "GHSA",
            "value": "GHSA-6pc9-xqrg-wfqw"
        },
        {
            "type": "CVE",
            "value": "CVE-2022-0430"
        }
    ]
}