{
    "ghsaId": "GHSA-6mf6-7j75-2m6f",
    "severity": "MODERATE",
    "summary": "AgentScope stored cross-site scripting (XSS) vulnerability",
    "description": "A stored cross-site scripting (XSS) vulnerability exists in modelscope/agentscope, as of the latest commit 21161fe on the main branch. The vulnerability occurs in the view for inspecting detailed run information, where a user-controllable string (run ID) is appended and rendered as HTML. This allows an attacker to execute arbitrary JavaScript code in the context of the user's browser.",
    "permalink": "https://github.com/advisories/GHSA-6mf6-7j75-2m6f",
    "publishedAt": "2025-03-20T12:32:48Z",
    "withdrawnAt": null,
    "identifiers": [
        {
            "type": "GHSA",
            "value": "GHSA-6mf6-7j75-2m6f"
        },
        {
            "type": "CVE",
            "value": "CVE-2024-8556"
        }
    ]
}