{
    "ghsaId": "GHSA-5xrj-ghhp-hx7p",
    "severity": "MODERATE",
    "summary": "OpenStack Image Service (Glance) vulnerable to Improper Access Control",
    "description": "OpenStack Image Service (Glance) before 2015.1.3 (kilo) and 11.0.x before 11.0.2 (liberty), when show_multiple_locations is enabled, allow remote authenticated users to change image status and upload new image data by removing the last location of an image.",
    "permalink": "https://github.com/advisories/GHSA-5xrj-ghhp-hx7p",
    "publishedAt": "2022-05-17T03:43:30Z",
    "withdrawnAt": null,
    "identifiers": [
        {
            "type": "GHSA",
            "value": "GHSA-5xrj-ghhp-hx7p"
        },
        {
            "type": "CVE",
            "value": "CVE-2016-0757"
        }
    ]
}