{
    "ghsaId": "GHSA-32g6-mg92-ghm2",
    "severity": "MODERATE",
    "summary": "SageMaker Workflow component allows possibility of MD5 hash collisions",
    "description": "A vulnerability in the SageMaker Workflow component of aws/sagemaker-python-sdk allows for the possibility of MD5 hash collisions in all versions. This can lead to workflows being inadvertently replaced due to the reuse of results from different configurations that produce the same MD5 hash. This issue can cause integrity problems within the pipeline, potentially leading to erroneous processing outcomes.",
    "permalink": "https://github.com/advisories/GHSA-32g6-mg92-ghm2",
    "publishedAt": "2025-03-20T12:32:52Z",
    "withdrawnAt": null,
    "identifiers": [
        {
            "type": "GHSA",
            "value": "GHSA-32g6-mg92-ghm2"
        },
        {
            "type": "CVE",
            "value": "CVE-2025-0508"
        }
    ]
}