{
    "ghsaId": "GHSA-6766-r2rx-mfw9",
    "severity": "MODERATE",
    "summary": "MoinMoin Directory traversal vulnerability",
    "description": "Directory traversal vulnerability in MoinMoin 1.5.8 and earlier allows remote attackers to overwrite arbitrary files via a `..` (dot dot) in the MOIN_ID user ID in a cookie for a userform action.  NOTE: this issue can be leveraged for PHP code execution via the quicklinks parameter. The issue has been fixed on [e69a16b6e630](http://hg.moinmo.in/moin/1.5/rev/e69a16b6e630).",
    "permalink": "https://github.com/advisories/GHSA-6766-r2rx-mfw9",
    "publishedAt": "2022-05-01T23:33:03Z",
    "withdrawnAt": null,
    "identifiers": [
        {
            "type": "GHSA",
            "value": "GHSA-6766-r2rx-mfw9"
        },
        {
            "type": "CVE",
            "value": "CVE-2008-0782"
        }
    ]
}