{
    "ghsaId": "GHSA-3m93-m4q6-mc6v",
    "severity": "MODERATE",
    "summary": "Inclusion of Sensitive Information in Log Files and Improper Output Neutralization for Logs in Ansible",
    "description": "Ansible, versions 2.9.x before 2.9.1, 2.8.x before 2.8.7 and Ansible versions 2.7.x before 2.7.15, is not respecting the flag no_log set it to True when Sumologic and Splunk callback plugins are used send tasks results events to collectors. This would discloses and collects any sensitive data.",
    "permalink": "https://github.com/advisories/GHSA-3m93-m4q6-mc6v",
    "publishedAt": "2020-02-26T19:54:31Z",
    "withdrawnAt": null,
    "identifiers": [
        {
            "type": "GHSA",
            "value": "GHSA-3m93-m4q6-mc6v"
        },
        {
            "type": "CVE",
            "value": "CVE-2019-14864"
        }
    ]
}