{
    "ghsaId": "GHSA-4vc9-4xpq-77vm",
    "severity": "MODERATE",
    "summary": "Cobbler Arbitrary File Read",
    "description": "A flaw was found in cobbler software component version 2.6.11-1. It suffers from an invalid parameter validation vulnerability, leading the arbitrary file reading. The flaw is triggered by navigating to a vulnerable URL via cobbler-web on a default installation.",
    "permalink": "https://github.com/advisories/GHSA-4vc9-4xpq-77vm",
    "publishedAt": "2022-05-13T01:38:28Z",
    "withdrawnAt": null,
    "identifiers": [
        {
            "type": "GHSA",
            "value": "GHSA-4vc9-4xpq-77vm"
        },
        {
            "type": "CVE",
            "value": "CVE-2016-9605"
        }
    ]
}