{
    "ghsaId": "GHSA-944j-8ch6-rf6x",
    "severity": "MODERATE",
    "summary": "m2crypto Bleichenbacher timing attack - incomplete fix for CVE-2020-25657",
    "description": "A flaw was found in m2crypto. This issue may allow a remote attacker to decrypt captured messages in TLS servers that use RSA key exchanges, which may lead to exposure of confidential or sensitive data.",
    "permalink": "https://github.com/advisories/GHSA-944j-8ch6-rf6x",
    "publishedAt": "2024-02-05T21:30:31Z",
    "withdrawnAt": null,
    "identifiers": [
        {
            "type": "GHSA",
            "value": "GHSA-944j-8ch6-rf6x"
        },
        {
            "type": "CVE",
            "value": "CVE-2023-50781"
        }
    ]
}