{
    "ghsaId": "GHSA-672r-97r7-vx2q",
    "severity": "MODERATE",
    "summary": "pretix mishandles file validation",
    "description": "pretix before 2024.1.1 mishandles file validation.",
    "permalink": "https://github.com/advisories/GHSA-672r-97r7-vx2q",
    "publishedAt": "2024-02-26T18:30:31Z",
    "withdrawnAt": null,
    "identifiers": [
        {
            "type": "GHSA",
            "value": "GHSA-672r-97r7-vx2q"
        },
        {
            "type": "CVE",
            "value": "CVE-2024-27447"
        }
    ]
}