{
    "ghsaId": "GHSA-43jf-985q-588j",
    "severity": "MODERATE",
    "summary": "Multiple `CHECK`-fails in `function.cc` in TensowFlow",
    "description": "### Impact\nA malicious user can cause a denial of service by altering a `SavedModel` such that [assertions in `function.cc`](https://github.com/tensorflow/tensorflow/blob/a1320ec1eac186da1d03f033109191f715b2b130/tensorflow/core/framework/function.cc) would be falsified and crash the Python interpreter.\n### Patches\nWe have patched the issue in GitHub commits [dcc21c7bc972b10b6fb95c2fb0f4ab5a59680ec2](https://github.com/tensorflow/tensorflow/commit/dcc21c7bc972b10b6fb95c2fb0f4ab5a59680ec2) and [3d89911481ba6ebe8c88c1c0b595412121e6c645](https://github.com/tensorflow/tensorflow/commit/3d89911481ba6ebe8c88c1c0b595412121e6c645).\n  \nThe fix will be included in TensorFlow 2.8.0. We will also cherrypick this commit on TensorFlow 2.7.1, TensorFlow 2.6.3, and TensorFlow 2.5.3, as these are also affected and still in supported range.\n\n### For more information \nPlease consult [our security guide](https://github.com/tensorflow/tensorflow/blob/master/SECURITY.md) for more information regarding the security model and how to contact us with issues and questions.",
    "permalink": "https://github.com/advisories/GHSA-43jf-985q-588j",
    "publishedAt": "2022-02-09T23:27:08Z",
    "withdrawnAt": null,
    "identifiers": [
        {
            "type": "GHSA",
            "value": "GHSA-43jf-985q-588j"
        },
        {
            "type": "CVE",
            "value": "CVE-2022-23586"
        }
    ]
}