{
    "ghsaId": "GHSA-66x7-2r56-fj77",
    "severity": "MODERATE",
    "summary": "Buildbot CRLF Injection",
    "description": "`www/resource.py` in Buildbot before 1.8.1 allows CRLF injection in the Location header of `/auth/login` and `/auth/logout` via the redirect parameter. This affects other web sites in the same domain.",
    "permalink": "https://github.com/advisories/GHSA-66x7-2r56-fj77",
    "publishedAt": "2022-05-14T01:36:13Z",
    "withdrawnAt": null,
    "identifiers": [
        {
            "type": "GHSA",
            "value": "GHSA-66x7-2r56-fj77"
        },
        {
            "type": "CVE",
            "value": "CVE-2019-7313"
        }
    ]
}