{
    "ghsaId": "GHSA-38mg-wm59-g64x",
    "severity": "MODERATE",
    "summary": "composio allows Server-Side Request Forgery (SSRF) in BROWSERTOOL",
    "description": "A Server-Side Request Forgery (SSRF) vulnerability exists in composiohq/composio version v0.4.4. This vulnerability allows an attacker to read the contents of any file in the system by exploiting the BROWSERTOOL_GOTO_PAGE and BROWSERTOOL_GET_PAGE_DETAILS actions.",
    "permalink": "https://github.com/advisories/GHSA-38mg-wm59-g64x",
    "publishedAt": "2025-03-20T12:32:49Z",
    "withdrawnAt": null,
    "identifiers": [
        {
            "type": "GHSA",
            "value": "GHSA-38mg-wm59-g64x"
        },
        {
            "type": "CVE",
            "value": "CVE-2024-8955"
        }
    ]
}