{
    "ghsaId": "GHSA-3j5x-7ccf-ppgm",
    "severity": "MODERATE",
    "summary": "Cross-site scripting in recommender-xblock",
    "description": "Recommender before 1.3.1 allows XSS. It is possible for a learner to craft a fake resource to recommender, that includes script which could possibly steal credentials from staff if they are lured into viewing the recommended resource.",
    "permalink": "https://github.com/advisories/GHSA-3j5x-7ccf-ppgm",
    "publishedAt": "2019-08-21T16:15:33Z",
    "withdrawnAt": null,
    "identifiers": [
        {
            "type": "GHSA",
            "value": "GHSA-3j5x-7ccf-ppgm"
        },
        {
            "type": "CVE",
            "value": "CVE-2018-20858"
        }
    ]
}