{
    "ghsaId": "GHSA-3jhc-wjqf-5f2c",
    "severity": "MODERATE",
    "summary": "Virtualenv Allows Symlink Attack on /tmp/",
    "description": "virtualenv.py in virtualenv before 1.5 allows local users to overwrite arbitrary files via a symlink attack on a certain file in /tmp/.",
    "permalink": "https://github.com/advisories/GHSA-3jhc-wjqf-5f2c",
    "publishedAt": "2022-05-17T05:35:07Z",
    "withdrawnAt": null,
    "identifiers": [
        {
            "type": "GHSA",
            "value": "GHSA-3jhc-wjqf-5f2c"
        },
        {
            "type": "CVE",
            "value": "CVE-2011-4617"
        }
    ]
}