{
    "ghsaId": "GHSA-2qph-v9p2-q2gv",
    "severity": "MODERATE",
    "summary": "Apache StreamPipes potentially allows creation of multiple identical accounts",
    "description": "Time-of-check Time-of-use (TOCTOU) Race Condition vulnerability in Apache StreamPipes in user self-registration.\nThis allows an attacker to potentially request the creation of multiple accounts with the same email address until the email address is registered, creating many identical users and corrupting StreamPipe's user management.\nThis issue affects Apache StreamPipes: through 0.93.0.\n\nUsers are recommended to upgrade to version 0.95.0, which fixes the issue.\n\n",
    "permalink": "https://github.com/advisories/GHSA-2qph-v9p2-q2gv",
    "publishedAt": "2024-07-17T09:30:49Z",
    "withdrawnAt": null,
    "identifiers": [
        {
            "type": "GHSA",
            "value": "GHSA-2qph-v9p2-q2gv"
        },
        {
            "type": "CVE",
            "value": "CVE-2024-30471"
        }
    ]
}