{
    "ghsaId": "GHSA-8rjr-6qq5-pj9p",
    "severity": "MODERATE",
    "summary": "Python RSA allows attackers to spoof signatures",
    "description": "The verify function in the RSA package for Python (Python-RSA) before 3.3 allows attackers to spoof signatures with a small public exponent via crafted signature padding, aka a BERserk attack.",
    "permalink": "https://github.com/advisories/GHSA-8rjr-6qq5-pj9p",
    "publishedAt": "2022-05-14T00:59:49Z",
    "withdrawnAt": null,
    "identifiers": [
        {
            "type": "GHSA",
            "value": "GHSA-8rjr-6qq5-pj9p"
        },
        {
            "type": "CVE",
            "value": "CVE-2016-1494"
        }
    ]
}