{
    "ghsaId": "GHSA-2hwx-mjrm-v3g8",
    "severity": "MODERATE",
    "summary": "Denial of service attack via .well-known lookups",
    "description": "### Impact\nA malicious homeserver could redirect requests to their .well-known file to a large file. This can lead to a denial of service attack where homeservers will consume significantly more resources when requesting the .well-known file of a malicious homeserver.\n\nThis affects any server which accepts federation requests from untrusted servers.\n\n### Patches\nIssue is resolved by #8950. A bug not affecting the security aspects of this was fixed in #9108.\n\n### Workarounds\nThe `federation_domain_whitelist` setting can be used to restrict the homeservers communicated with over federation.",
    "permalink": "https://github.com/advisories/GHSA-2hwx-mjrm-v3g8",
    "publishedAt": "2021-03-01T19:34:54Z",
    "withdrawnAt": null,
    "identifiers": [
        {
            "type": "GHSA",
            "value": "GHSA-2hwx-mjrm-v3g8"
        },
        {
            "type": "CVE",
            "value": "CVE-2021-21274"
        }
    ]
}