{
    "ghsaId": "GHSA-7xx3-qp5w-fw96",
    "severity": "MODERATE",
    "summary": "Cross-Site Request Forgery in JupyterHub",
    "description": "JupyterHub 1.1.0 allows CSRF in the admin panel via a request that lacks an `_xsrf` field, as demonstrated by a /hub/api/user request (to add or remove a user account).",
    "permalink": "https://github.com/advisories/GHSA-7xx3-qp5w-fw96",
    "publishedAt": "2022-05-24T17:38:59Z",
    "withdrawnAt": null,
    "identifiers": [
        {
            "type": "GHSA",
            "value": "GHSA-7xx3-qp5w-fw96"
        },
        {
            "type": "CVE",
            "value": "CVE-2020-36191"
        }
    ]
}