{
    "ghsaId": "GHSA-6wcr-wcqm-3mfh",
    "severity": "MODERATE",
    "summary": "Django settings leak in date template filter",
    "description": "The get_format function in `utils/formats.py` in Django before 1.7.x before 1.7.11, 1.8.x before 1.8.7, and 1.9.x before 1.9rc2 might allow remote attackers to obtain sensitive application secrets via a settings key in place of a date/time format setting, as demonstrated by `SECRET_KEY`.",
    "permalink": "https://github.com/advisories/GHSA-6wcr-wcqm-3mfh",
    "publishedAt": "2022-05-17T03:25:24Z",
    "withdrawnAt": null,
    "identifiers": [
        {
            "type": "GHSA",
            "value": "GHSA-6wcr-wcqm-3mfh"
        },
        {
            "type": "CVE",
            "value": "CVE-2015-8213"
        }
    ]
}