{
    "ghsaId": "GHSA-8c6x-g4fw-8rf4",
    "severity": "MODERATE",
    "summary": "Whatsapp-Chat-Exporter has Cross-Site Scripting vulnerability in HTML output of chats.",
    "description": "### Impact\nA Cross-Site Scripting (XSS) vulnerability was found in the HTML output of chats. XSS is intended to be mitigated by Jinja's escape function. However, `autoescape=True` was missing when setting the environment. Although the actual impact is low, considering the HTML file is being viewed offline, an adversary may still be able to inject malicious payloads into the chat through WhatsApp. All users are affected.\n\n### Patches\nThe vulnerability is patched in 0.9.5. All users are strongly advised to update the exporter to the latest version.\n\n### Workarounds\nNo workaround is available. Please update the exporter to the latest version.\n\n### References\nhttps://github.com/KnugiHK/WhatsApp-Chat-Exporter/commit/bfdc68cd6ad53ceecf132773f9aaba50dd80fe79\nhttps://owasp.org/www-community/attacks/xss/",
    "permalink": "https://github.com/advisories/GHSA-8c6x-g4fw-8rf4",
    "publishedAt": "2023-07-10T21:54:36Z",
    "withdrawnAt": null,
    "identifiers": [
        {
            "type": "GHSA",
            "value": "GHSA-8c6x-g4fw-8rf4"
        }
    ]
}