{
    "ghsaId": "GHSA-8g38-3m6v-232j",
    "severity": "MODERATE",
    "summary": "Potential log injection in reset user endpoint in CKAN",
    "description": "A user endpoint didn't perform filtering on an incoming parameter, which was added directly to the application log. This could lead to an attacker injecting false log entries or corrupt the log file format.\n\n### Patches\nThis has been fixed in the CKAN 2.9.11 and 2.10.4 versions\n\n### Workarounds\nOverride the `/user/reset` endpoint to filter the `id` parameter in order to exclude newlines\n\n",
    "permalink": "https://github.com/advisories/GHSA-8g38-3m6v-232j",
    "publishedAt": "2024-03-13T15:30:03Z",
    "withdrawnAt": null,
    "identifiers": [
        {
            "type": "GHSA",
            "value": "GHSA-8g38-3m6v-232j"
        },
        {
            "type": "CVE",
            "value": "CVE-2024-27097"
        }
    ]
}