{
    "ghsaId": "GHSA-3pgj-pg6c-r5p7",
    "severity": "MODERATE",
    "summary": "OAuthLib vulnerable to DoS when attacker provides malicious IPV6 URI",
    "description": "### Impact\n- Attacker providing malicious redirect uri can cause DoS to oauthlib's web application.\n- Attacker can also leverage usage of `uri_validate` functions depending where it is used.\n\n_What kind of vulnerability is it? Who is impacted?_\n\nOauthlib applications using OAuth2.0 provider support or use directly `uri_validate` function.\n\n### Patches\n_Has the problem been patched? What versions should users upgrade to?_\n\nIssue fixed in 3.2.2 release.\n\n### Workarounds\n_Is there a way for users to fix or remediate the vulnerability without upgrading?_\n\nThe `redirect_uri` can be verified in web toolkit (i.e `bottle-oauthlib`, `django-oauth-toolkit`, ...) before oauthlib is called. A sample check if `:` is present to reject the request can prevent the DoS, assuming no port or IPv6 is fundamentally required.\n\n### References\nAttack Vector:\n- Attacker providing malicious redirect uri:\nhttps://github.com/oauthlib/oauthlib/blob/d4bafd9f1d0eba3766e933b1ac598cbbf37b8914/oauthlib/oauth2/rfc6749/grant_types/base.py#L232\n- Vulnerable `uri_validate` functions:\nhttps://github.com/oauthlib/oauthlib/blob/2b8a44855a51ad5a5b0c348a08c2564a2e197ea2/oauthlib/uri_validate.py\n\n### PoC\n```python\nis_absolute_uri(\"http://[:::::::::::::::::::::::::::::::::::::::]/path\")\n```\n\n### Acknowledgement\nSpecial thanks to Sebastian Chnelik - PyUp.io",
    "permalink": "https://github.com/advisories/GHSA-3pgj-pg6c-r5p7",
    "publishedAt": "2022-09-16T21:02:52Z",
    "withdrawnAt": null,
    "identifiers": [
        {
            "type": "GHSA",
            "value": "GHSA-3pgj-pg6c-r5p7"
        },
        {
            "type": "CVE",
            "value": "CVE-2022-36087"
        }
    ]
}