{
    "ghsaId": "GHSA-8vwv-2v7v-jmgr",
    "severity": "MODERATE",
    "summary": "Horizon-Orchestration Cross-site scripting (XSS) vulnerability through resource name",
    "description": "Cross-site scripting (XSS) vulnerability in the Orchestration/Stack section in the Horizon Orchestration dashboard in OpenStack Dashboard (Horizon) before 2013.2.4, 2014.1 before 2014.1.2, and Juno before Juno-2, when used with Heat, allows remote Orchestration template owners or catalogs to inject arbitrary web script or HTML via a crafted template.",
    "permalink": "https://github.com/advisories/GHSA-8vwv-2v7v-jmgr",
    "publishedAt": "2022-05-13T01:11:29Z",
    "withdrawnAt": null,
    "identifiers": [
        {
            "type": "GHSA",
            "value": "GHSA-8vwv-2v7v-jmgr"
        },
        {
            "type": "CVE",
            "value": "CVE-2014-3473"
        }
    ]
}