{
    "ghsaId": "GHSA-894g-6j7q-2hx6",
    "severity": "MODERATE",
    "summary": "Flask-Admin Cross-site Scripting vulnerability",
    "description": "helpers.py in Flask-Admin 1.5.2 has Reflected XSS via a crafted URL.",
    "permalink": "https://github.com/advisories/GHSA-894g-6j7q-2hx6",
    "publishedAt": "2018-12-19T19:23:52Z",
    "withdrawnAt": null,
    "identifiers": [
        {
            "type": "GHSA",
            "value": "GHSA-894g-6j7q-2hx6"
        },
        {
            "type": "CVE",
            "value": "CVE-2018-16516"
        }
    ]
}