{
    "ghsaId": "GHSA-4j82-5ccr-4r8v",
    "severity": "MODERATE",
    "summary": "`CHECK`-failures in `TensorByteSize` in Tensorflow",
    "description": "### Impact\nA malicious user can cause a denial of service by altering a `SavedModel` such that [`TensorByteSize`](https://github.com/tensorflow/tensorflow/blob/a1320ec1eac186da1d03f033109191f715b2b130/tensorflow/core/framework/attr_value_util.cc#L46-L50) would trigger `CHECK` failures.\n\n```cc\nint64_t TensorByteSize(const TensorProto& t) {\n  // num_elements returns -1 if shape is not fully defined.\n  int64_t num_elems = TensorShape(t.tensor_shape()).num_elements();\n  return num_elems < 0 ? -1 : num_elems * DataTypeSize(t.dtype());\n}\n```\n`TensorShape` constructor throws a `CHECK`-fail if shape is partial or has a number of elements that would overflow the size of an `int`. The `PartialTensorShape` constructor instead does not cause a `CHECK`-abort if the shape is partial, which is exactly what this function needs to be able to return `-1`.\n\n### Patches\nWe have patched the issue in GitHub commit [c2426bba00a01de6913738df8fa78e0215fcce02](https://github.com/tensorflow/tensorflow/commit/c2426bba00a01de6913738df8fa78e0215fcce02).\n\nThe fix will be included in TensorFlow 2.8.0. We will also cherrypick this commit on TensorFlow 2.7.1, TensorFlow 2.6.3, and TensorFlow 2.5.3, as these are also affected and still in supported range.\n\n### For more information\nPlease consult [our security guide](https://github.com/tensorflow/tensorflow/blob/master/SECURITY.md) for more information regarding the security model and how to contact us with issues and questions.",
    "permalink": "https://github.com/advisories/GHSA-4j82-5ccr-4r8v",
    "publishedAt": "2022-02-10T00:34:01Z",
    "withdrawnAt": null,
    "identifiers": [
        {
            "type": "GHSA",
            "value": "GHSA-4j82-5ccr-4r8v"
        },
        {
            "type": "CVE",
            "value": "CVE-2022-23582"
        }
    ]
}