{
    "ghsaId": "GHSA-4pmp-38hf-rmwj",
    "severity": "MODERATE",
    "summary": "OpenStack Neutron allows remote authenticated users to cause a denial of service",
    "description": "OpenStack Neutron before 2013.2.4, 2014.x before 2014.1.2, and Juno before Juno-2 allows remote authenticated users to cause a denial of service (crash or long firewall rule updates) by creating a large number of allowed address pairs.",
    "permalink": "https://github.com/advisories/GHSA-4pmp-38hf-rmwj",
    "publishedAt": "2022-05-17T03:06:07Z",
    "withdrawnAt": "2023-04-14T18:33:38Z",
    "identifiers": [
        {
            "type": "GHSA",
            "value": "GHSA-4pmp-38hf-rmwj"
        },
        {
            "type": "CVE",
            "value": "CVE-2014-3555"
        }
    ]
}