{
    "ghsaId": "GHSA-748r-5r8q-273m",
    "severity": "MODERATE",
    "summary": "Apache Superset allows authenticated users to access metadata they have no permission to",
    "description": "Apache Superset up to 1.5.1 allowed for authenticated users to access metadata information related to datasets they have no permission on. This metadata included the dataset name, columns and metrics.",
    "permalink": "https://github.com/advisories/GHSA-748r-5r8q-273m",
    "publishedAt": "2022-07-07T00:00:26Z",
    "withdrawnAt": null,
    "identifiers": [
        {
            "type": "GHSA",
            "value": "GHSA-748r-5r8q-273m"
        },
        {
            "type": "CVE",
            "value": "CVE-2021-37839"
        }
    ]
}