{
    "ghsaId": "GHSA-6gx4-29v9-g9q5",
    "severity": "MODERATE",
    "summary": "MoinMoin Multiple vulnerable to directory traversal",
    "description": "Multiple directory traversal vulnerabilities in the (1) twikidraw (`action/twikidraw.py`) and (2) anywikidraw (`action/anywikidraw.py`) actions in MoinMoin before 1.9.6 allow remote authenticated users with write permissions to overwrite arbitrary files via unspecified vectors.  NOTE: this can be leveraged with CVE-2012-6081 to execute arbitrary code.",
    "permalink": "https://github.com/advisories/GHSA-6gx4-29v9-g9q5",
    "publishedAt": "2022-05-17T05:17:04Z",
    "withdrawnAt": null,
    "identifiers": [
        {
            "type": "GHSA",
            "value": "GHSA-6gx4-29v9-g9q5"
        },
        {
            "type": "CVE",
            "value": "CVE-2012-6495"
        }
    ]
}