{
    "ghsaId": "GHSA-4xf6-xr96-7vmp",
    "severity": "MODERATE",
    "summary": "Djblets Cross-site scripting Vulnerability",
    "description": "A cross-site scripting (XSS) vulnerability in `gravatars/templatetags/gravatars.py` in Djblets before 0.7.30 and 0.8.x before 0.8.3 for Django allows remote attackers to inject arbitrary web script or HTML via a user display name.",
    "permalink": "https://github.com/advisories/GHSA-4xf6-xr96-7vmp",
    "publishedAt": "2022-05-17T04:42:00Z",
    "withdrawnAt": null,
    "identifiers": [
        {
            "type": "GHSA",
            "value": "GHSA-4xf6-xr96-7vmp"
        },
        {
            "type": "CVE",
            "value": "CVE-2014-3995"
        }
    ]
}