{
    "ghsaId": "GHSA-5p9j-w2wx-qx4c",
    "severity": "MODERATE",
    "summary": "Open Redirect in django-spirit",
    "description": "django-spirit prior to version 0.12.3 is vulnerable to open redirect. In the /user/login endpoint, it doesn't check the value of the next parameter when the user is logged in and passes it directly to redirect which result to open redirect. This also affects /user/logout, /user/register, /user/login, /user/resend-activation.",
    "permalink": "https://github.com/advisories/GHSA-5p9j-w2wx-qx4c",
    "publishedAt": "2022-03-07T00:00:40Z",
    "withdrawnAt": null,
    "identifiers": [
        {
            "type": "GHSA",
            "value": "GHSA-5p9j-w2wx-qx4c"
        },
        {
            "type": "CVE",
            "value": "CVE-2022-0869"
        }
    ]
}