{
    "ghsaId": "GHSA-7mgg-3rq2-hff4",
    "severity": "MODERATE",
    "summary": "ai-flow Deserialization of Untrusted Data vulnerability",
    "description": "A vulnerability was found in flink-extended ai-flow 0.3.1. It has been declared as critical. Affected by this vulnerability is the function cloudpickle.loads of the file `\\ai_flow\\cli\\commands\\workflow_command.py`. The manipulation leads to deserialization. The attack can be launched remotely. The complexity of an attack is rather high. The exploitation appears to be difficult. The exploit has been disclosed to the public and may be used. The identifier VDB-252205 was assigned to this vulnerability.",
    "permalink": "https://github.com/advisories/GHSA-7mgg-3rq2-hff4",
    "publishedAt": "2024-01-27T12:30:25Z",
    "withdrawnAt": null,
    "identifiers": [
        {
            "type": "GHSA",
            "value": "GHSA-7mgg-3rq2-hff4"
        },
        {
            "type": "CVE",
            "value": "CVE-2024-0960"
        }
    ]
}