{
    "ghsaId": "GHSA-2p9h-ccw7-33gf",
    "severity": "MODERATE",
    "summary": "cleo is vulnerable to Regular Expression Denial of Service (ReDoS)",
    "description": "An exponential ReDoS (Regular Expression Denial of Service) can be triggered in the cleo PyPI package, when an attacker is able to supply arbitrary input to the Table.set_rows method.",
    "permalink": "https://github.com/advisories/GHSA-2p9h-ccw7-33gf",
    "publishedAt": "2022-11-10T12:01:17Z",
    "withdrawnAt": null,
    "identifiers": [
        {
            "type": "GHSA",
            "value": "GHSA-2p9h-ccw7-33gf"
        },
        {
            "type": "CVE",
            "value": "CVE-2022-42966"
        }
    ]
}