{
    "ghsaId": "GHSA-6rvj-pw9w-jcvc",
    "severity": "MODERATE",
    "summary": "Information disclosure vulnerability in OnionShare",
    "description": "An information disclosure vulnerability in OnionShare 2.3 before 2.4 allows remote unauthenticated attackers to retrieve the full list of participants of a non-public OnionShare node via the --chat feature. ",
    "permalink": "https://github.com/advisories/GHSA-6rvj-pw9w-jcvc",
    "publishedAt": "2021-11-19T20:39:35Z",
    "withdrawnAt": null,
    "identifiers": [
        {
            "type": "GHSA",
            "value": "GHSA-6rvj-pw9w-jcvc"
        },
        {
            "type": "CVE",
            "value": "CVE-2021-41867"
        }
    ]
}