{
    "ghsaId": "GHSA-7jhg-8m74-6f6g",
    "severity": "MODERATE",
    "summary": "Apache Superset vulnerable to Improper Authorization",
    "description": "An authenticated user with Gamma role authorization could have access to metadata information using non trivial methods in Apache Superset up to and including 2.0.1\n\n",
    "permalink": "https://github.com/advisories/GHSA-7jhg-8m74-6f6g",
    "publishedAt": "2023-04-17T18:30:28Z",
    "withdrawnAt": null,
    "identifiers": [
        {
            "type": "GHSA",
            "value": "GHSA-7jhg-8m74-6f6g"
        },
        {
            "type": "CVE",
            "value": "CVE-2023-27525"
        }
    ]
}