{
    "ghsaId": "GHSA-53wj-6m7w-j6mj",
    "severity": "MODERATE",
    "summary": "MoinMoin Cross-site scripting (XSS) vulnerability",
    "description": "Cross-site scripting (XSS) vulnerability in MoinMoin 1.5.x through 1.5.8 and 1.6.x before 1.6.1 allows remote attackers to inject arbitrary web script or HTML via the login action.",
    "permalink": "https://github.com/advisories/GHSA-53wj-6m7w-j6mj",
    "publishedAt": "2022-05-01T23:33:02Z",
    "withdrawnAt": null,
    "identifiers": [
        {
            "type": "GHSA",
            "value": "GHSA-53wj-6m7w-j6mj"
        },
        {
            "type": "CVE",
            "value": "CVE-2008-0780"
        }
    ]
}