{
    "ghsaId": "GHSA-4pwq-fj89-6rjc",
    "severity": "MODERATE",
    "summary": "Apache Airflow Cross-site Scripting ",
    "description": "In Apache Airflow < 1.10.12, the `origin` parameter passed to some of the endpoints like `/trigger` and was vulnerable to a XSS exploit.",
    "permalink": "https://github.com/advisories/GHSA-4pwq-fj89-6rjc",
    "publishedAt": "2021-06-18T18:29:54Z",
    "withdrawnAt": null,
    "identifiers": [
        {
            "type": "GHSA",
            "value": "GHSA-4pwq-fj89-6rjc"
        },
        {
            "type": "CVE",
            "value": "CVE-2020-13944"
        }
    ]
}