{
    "ghsaId": "GHSA-7wr6-fj4x-893v",
    "severity": "MODERATE",
    "summary": "rdiffweb allows a new password to be the same as the previous password",
    "description": "rdiffweb prior to 2.5.0a4 allows users to set their new password to be the same as the old password during a password reset. Version 2.5.0a4 enforces a password policy in which a new password cannot be the same as the old one.",
    "permalink": "https://github.com/advisories/GHSA-7wr6-fj4x-893v",
    "publishedAt": "2022-10-06T18:52:04Z",
    "withdrawnAt": null,
    "identifiers": [
        {
            "type": "GHSA",
            "value": "GHSA-7wr6-fj4x-893v"
        },
        {
            "type": "CVE",
            "value": "CVE-2022-3376"
        }
    ]
}