{
    "ghsaId": "GHSA-5pj3-6fqm-8m7m",
    "severity": "MODERATE",
    "summary": "OpenStack Sushy-Tools and VirtualBMC Improper Preservation of Permissions",
    "description": "An issue was discovered in OpenStack Sushy-Tools through 0.21.0 and VirtualBMC through 2.2.2. Changing the boot device configuration with these packages removes password protection from the managed libvirt XML domain. NOTE: this only affects an \"unsupported, production-like configuration.\"",
    "permalink": "https://github.com/advisories/GHSA-5pj3-6fqm-8m7m",
    "publishedAt": "2022-10-30T12:00:28Z",
    "withdrawnAt": null,
    "identifiers": [
        {
            "type": "GHSA",
            "value": "GHSA-5pj3-6fqm-8m7m"
        },
        {
            "type": "CVE",
            "value": "CVE-2022-44020"
        }
    ]
}