{
    "ghsaId": "GHSA-634c-v2xv-ffpg",
    "severity": "MODERATE",
    "summary": "Out-of-bounds Write in OpenCV",
    "description": "OpenCV (Open Source Computer Vision Library) 3.3 (corresponding to OpenCV-Python 3.3.0.9) has an out-of-bounds write error in the function FillColorRow1 in utils.cpp when reading an image file by using cv::imread. NOTE: this vulnerability exists because of an incomplete fix for CVE-2017-12597.",
    "permalink": "https://github.com/advisories/GHSA-634c-v2xv-ffpg",
    "publishedAt": "2021-10-12T22:02:51Z",
    "withdrawnAt": null,
    "identifiers": [
        {
            "type": "GHSA",
            "value": "GHSA-634c-v2xv-ffpg"
        },
        {
            "type": "CVE",
            "value": "CVE-2017-14136"
        }
    ]
}