{
    "ghsaId": "GHSA-55x5-fj6c-h6m8",
    "severity": "MODERATE",
    "summary": "lxml's HTML Cleaner allows crafted and SVG embedded scripts to pass through",
    "description": "### Impact\nThe HTML Cleaner in lxml.html lets certain crafted script content pass through, as well as script content in SVG files embedded using data URIs.\n\nUsers that employ the HTML cleaner in a security relevant context should upgrade to lxml 4.6.5.\n\n### Patches\nThe issue has been resolved in lxml 4.6.5.\n\n### Workarounds\nNone.\n\n### References\nThe issues are tracked under the report IDs GHSL-2021-1037 and GHSL-2021-1038.\n",
    "permalink": "https://github.com/advisories/GHSA-55x5-fj6c-h6m8",
    "publishedAt": "2021-12-13T18:14:36Z",
    "withdrawnAt": null,
    "identifiers": [
        {
            "type": "GHSA",
            "value": "GHSA-55x5-fj6c-h6m8"
        },
        {
            "type": "CVE",
            "value": "CVE-2021-43818"
        }
    ]
}