{
    "ghsaId": "GHSA-4vrc-q7m6-vq7w",
    "severity": "MODERATE",
    "summary": "Lin CMS vulnerable to Improper Authentication",
    "description": "An authentication bypass in Lin-CMS v0.2.1 allows attackers to escalate privileges to Super Administrator.",
    "permalink": "https://github.com/advisories/GHSA-4vrc-q7m6-vq7w",
    "publishedAt": "2022-11-10T12:01:09Z",
    "withdrawnAt": null,
    "identifiers": [
        {
            "type": "GHSA",
            "value": "GHSA-4vrc-q7m6-vq7w"
        },
        {
            "type": "CVE",
            "value": "CVE-2022-44244"
        }
    ]
}