{
    "ghsaId": "GHSA-5h6m-9mvx-m6c5",
    "severity": "MODERATE",
    "summary": "Moderate severity vulnerability that affects mayan-edms",
    "description": "An issue was discovered in Mayan EDMS before 3.0.3. The Tags app has XSS because tag label values are mishandled.",
    "permalink": "https://github.com/advisories/GHSA-5h6m-9mvx-m6c5",
    "publishedAt": "2018-09-06T03:25:03Z",
    "withdrawnAt": null,
    "identifiers": [
        {
            "type": "GHSA",
            "value": "GHSA-5h6m-9mvx-m6c5"
        },
        {
            "type": "CVE",
            "value": "CVE-2018-16407"
        }
    ]
}