{
    "ghsaId": "GHSA-2gh8-gr6x-7q26",
    "severity": "MODERATE",
    "summary": "SOAPpy vulnerable to XXE attacks",
    "description": "SOAPpy 0.12.5 does not properly detect recursion during entity expansion, which allows remote attackers to cause a denial of service (memory and CPU consumption) via a crafted SOAP request containing a large number of nested entity references.",
    "permalink": "https://github.com/advisories/GHSA-2gh8-gr6x-7q26",
    "publishedAt": "2022-05-17T04:44:24Z",
    "withdrawnAt": null,
    "identifiers": [
        {
            "type": "GHSA",
            "value": "GHSA-2gh8-gr6x-7q26"
        },
        {
            "type": "CVE",
            "value": "CVE-2014-3243"
        }
    ]
}