{
    "ghsaId": "GHSA-8j42-pcfm-3467",
    "severity": "MODERATE",
    "summary": "SQL injection in litellm",
    "description": "A blind SQL injection vulnerability exists in the berriai/litellm application, specifically within the '/team/update' process. The vulnerability arises due to the improper handling of the 'user_id' parameter in the raw SQL query used for deleting users. An attacker can exploit this vulnerability by injecting malicious SQL commands through the 'user_id' parameter, leading to potential unauthorized access to sensitive information such as API keys, user information, and tokens stored in the database. The affected version is 1.27.14.",
    "permalink": "https://github.com/advisories/GHSA-8j42-pcfm-3467",
    "publishedAt": "2024-06-06T21:30:37Z",
    "withdrawnAt": null,
    "identifiers": [
        {
            "type": "GHSA",
            "value": "GHSA-8j42-pcfm-3467"
        },
        {
            "type": "CVE",
            "value": "CVE-2024-4890"
        }
    ]
}