{
    "ghsaId": "GHSA-86w8-vhw6-q9qq",
    "severity": "MODERATE",
    "summary": "XPixelGroup BasicSR Command Injection",
    "description": "XPixelGroup BasicSR through 1.4.2 might locally allow code execution in contrived situations where \"scontrol show hostname\" is executed in the presence of a crafted SLURM_NODELIST environment variable.",
    "permalink": "https://github.com/advisories/GHSA-86w8-vhw6-q9qq",
    "publishedAt": "2025-03-12T15:32:06Z",
    "withdrawnAt": null,
    "identifiers": [
        {
            "type": "GHSA",
            "value": "GHSA-86w8-vhw6-q9qq"
        },
        {
            "type": "CVE",
            "value": "CVE-2024-27763"
        }
    ]
}