{
    "ghsaId": "GHSA-7jjr-3r8r-9pcf",
    "severity": "MODERATE",
    "summary": "Trac missing Content-Disposition HTTP header",
    "description": "Trac before 0.10.3.1 does not send a Content-Disposition HTTP header specifying an attachment in certain \"unsafe\" situations, which has unknown impact and remote attack vectors.",
    "permalink": "https://github.com/advisories/GHSA-7jjr-3r8r-9pcf",
    "publishedAt": "2022-05-01T17:53:20Z",
    "withdrawnAt": null,
    "identifiers": [
        {
            "type": "GHSA",
            "value": "GHSA-7jjr-3r8r-9pcf"
        },
        {
            "type": "CVE",
            "value": "CVE-2007-1406"
        }
    ]
}