{
    "ghsaId": "GHSA-7945-5mcv-f2pp",
    "severity": "MODERATE",
    "summary": "LibOSDP vulnerable to a null pointer deref in osdp_reply_name",
    "description": "### Issue:\nAt ospd_common.c, on the osdp_reply_name function, any reply id between REPLY_ACK and REPLY_XRD is valid, but names array do not declare all of the range. On a case of an undefined reply id within the range, name will be null (`name = names[reply_id - REPLY_ACK];`). Null name will casue a crash on next line: `if (name[0] == '\\0')` as null[0] is invalid.\n\n### Attack:\nAs this logic is not limited to a secure connection, attacker may trigger this vulnerability without any prior knowledge.\n\n### Impact\nDenial of Service\n\n### Patch\nThe issue has been patched in 24409e98a260176765956ec766a04cb35984fab1\n",
    "permalink": "https://github.com/advisories/GHSA-7945-5mcv-f2pp",
    "publishedAt": "2024-03-08T17:33:46Z",
    "withdrawnAt": null,
    "identifiers": [
        {
            "type": "GHSA",
            "value": "GHSA-7945-5mcv-f2pp"
        },
        {
            "type": "CVE",
            "value": "CVE-2024-52296"
        }
    ]
}