{
    "ghsaId": "GHSA-6g7x-4c7m-g63m",
    "severity": "MODERATE",
    "summary": "Review Board Cross-site scripting (XSS) vulnerability in the reviews dropdown",
    "description": "Cross-site scripting (XSS) vulnerability in the auto-complete widget in htdocs/media/rb/js/reviews.js in Review Board 1.6.x before 1.6.17 and 1.7.x before 1.7.10 allows remote attackers to inject arbitrary web script or HTML via a full name.",
    "permalink": "https://github.com/advisories/GHSA-6g7x-4c7m-g63m",
    "publishedAt": "2022-05-17T04:46:29Z",
    "withdrawnAt": null,
    "identifiers": [
        {
            "type": "GHSA",
            "value": "GHSA-6g7x-4c7m-g63m"
        },
        {
            "type": "CVE",
            "value": "CVE-2013-2209"
        }
    ]
}