{
    "ghsaId": "GHSA-7gfc-2v6g-6w9f",
    "severity": "MODERATE",
    "summary": "Paste is vulnerable to Cross-site Scripting via vectors involving a 404 status code",
    "description": "Multiple cross-site scripting (XSS) vulnerabilities in the paste.httpexceptions implementation in Paste before 1.7.4 allow remote attackers to inject arbitrary web script or HTML via vectors involving a 404 status code, related to (1) paste.urlparser.StaticURLParser, (2) paste.urlparser.PkgResourcesParser, (3) paste.urlmap.URLMap, and (4) HTTPNotFound.",
    "permalink": "https://github.com/advisories/GHSA-7gfc-2v6g-6w9f",
    "publishedAt": "2022-05-17T05:45:29Z",
    "withdrawnAt": null,
    "identifiers": [
        {
            "type": "GHSA",
            "value": "GHSA-7gfc-2v6g-6w9f"
        },
        {
            "type": "CVE",
            "value": "CVE-2010-2477"
        }
    ]
}