{
    "ghsaId": "GHSA-43hc-pwvx-pmfg",
    "severity": "MODERATE",
    "summary": "OpenStack Compute (Nova) Denial of Service vulnerability",
    "description": "OpenStack Compute (Nova) before 2014.1.4 and 2014.2.x before 2014.2.1 allows remote authenticated users to cause a denial of service (CPU consumption) via an IP filter in a list active servers API request.",
    "permalink": "https://github.com/advisories/GHSA-43hc-pwvx-pmfg",
    "publishedAt": "2022-05-14T01:58:45Z",
    "withdrawnAt": null,
    "identifiers": [
        {
            "type": "GHSA",
            "value": "GHSA-43hc-pwvx-pmfg"
        },
        {
            "type": "CVE",
            "value": "CVE-2014-3708"
        }
    ]
}