{
    "ghsaId": "GHSA-4r6j-fwcx-94cf",
    "severity": "MODERATE",
    "summary": "snowflake-connector-python is vulnerable to Regular Expression Denial of Service (ReDoS)",
    "description": "An exponential ReDoS (Regular Expression Denial of Service) can be triggered in the snowflake-connector-python PyPI package, when an attacker is able to supply arbitrary input to the get_file_transfer_type method.",
    "permalink": "https://github.com/advisories/GHSA-4r6j-fwcx-94cf",
    "publishedAt": "2022-11-10T12:01:17Z",
    "withdrawnAt": null,
    "identifiers": [
        {
            "type": "GHSA",
            "value": "GHSA-4r6j-fwcx-94cf"
        },
        {
            "type": "CVE",
            "value": "CVE-2022-42965"
        }
    ]
}