{
    "ghsaId": "GHSA-74qm-4v7r-jw2f",
    "severity": "MODERATE",
    "summary": "Heap-based Buffer Overflow in MicroPython",
    "description": "A vulnerability was found in MicroPython 1.23.0. It has been classified as critical. Affected is the function mp_vfs_umount of the file extmod/vfs.c of the component VFS Unmount Handler. The manipulation leads to heap-based buffer overflow. It is possible to launch the attack remotely. The exploit has been disclosed to the public and may be used. The name of the patch is 29943546343c92334e8518695a11fc0e2ceea68b. It is recommended to apply a patch to fix this issue. In the VFS unmount process, the comparison between the mounted path string and the unmount requested string is based solely on the length of the unmount string, which can lead to a heap buffer overflow read.",
    "permalink": "https://github.com/advisories/GHSA-74qm-4v7r-jw2f",
    "publishedAt": "2024-09-17T21:30:33Z",
    "withdrawnAt": null,
    "identifiers": [
        {
            "type": "GHSA",
            "value": "GHSA-74qm-4v7r-jw2f"
        },
        {
            "type": "CVE",
            "value": "CVE-2024-8946"
        }
    ]
}