{
    "ghsaId": "GHSA-694v-63fq-fmr4",
    "severity": "MODERATE",
    "summary": "Path Traversal in scout-browser",
    "description": "Scout is a Variant Call Format (VCF) visualization interface. The Pypi package `scout-browser` is vulnerable to path traversal due to `send_file` call in versions prior to 4.52.",
    "permalink": "https://github.com/advisories/GHSA-694v-63fq-fmr4",
    "publishedAt": "2022-05-04T00:00:24Z",
    "withdrawnAt": null,
    "identifiers": [
        {
            "type": "GHSA",
            "value": "GHSA-694v-63fq-fmr4"
        },
        {
            "type": "CVE",
            "value": "CVE-2022-1554"
        }
    ]
}