{
    "ghsaId": "GHSA-57cr-rq3f-ppmx",
    "severity": "MODERATE",
    "summary": "modoboa Cross-Site Request Forgery vulnerability",
    "description": "Cross-Site Request Forgery (CSRF) in GitHub repository modoboa/modoboa prior to 2.2.2.",
    "permalink": "https://github.com/advisories/GHSA-57cr-rq3f-ppmx",
    "publishedAt": "2023-10-20T18:30:58Z",
    "withdrawnAt": null,
    "identifiers": [
        {
            "type": "GHSA",
            "value": "GHSA-57cr-rq3f-ppmx"
        },
        {
            "type": "CVE",
            "value": "CVE-2023-5690"
        }
    ]
}