{
    "ghsaId": "GHSA-5v8v-66v8-mwm7",
    "severity": "MODERATE",
    "summary": "Integer overflow in the bundled Brotli C library",
    "description": "A buffer overflow exists in the Brotli library versions prior to 1.0.8 where an attacker controlling the input length of a \"one-shot\" decompression request to a script can trigger a crash, which happens when copying over chunks of data larger than 2 GiB. It is recommended to update your Brotli library to 1.0.8 or later. If one cannot update, we recommend to use the \"streaming\" API as opposed to the \"one-shot\" API, and impose chunk size limits.",
    "permalink": "https://github.com/advisories/GHSA-5v8v-66v8-mwm7",
    "publishedAt": "2022-05-24T17:28:21Z",
    "withdrawnAt": null,
    "identifiers": [
        {
            "type": "GHSA",
            "value": "GHSA-5v8v-66v8-mwm7"
        },
        {
            "type": "CVE",
            "value": "CVE-2020-8927"
        }
    ]
}