{
    "ghsaId": "GHSA-42fp-4hm3-j8r7",
    "severity": "MODERATE",
    "summary": "Moderate severity vulnerability that affects moin",
    "description": "Cross-site scripting (XSS) vulnerability in the link dialogue in GUI editor in MoinMoin before 1.9.10 allows remote attackers to inject arbitrary web script or HTML via unspecified vectors.",
    "permalink": "https://github.com/advisories/GHSA-42fp-4hm3-j8r7",
    "publishedAt": "2019-01-04T17:46:08Z",
    "withdrawnAt": null,
    "identifiers": [
        {
            "type": "GHSA",
            "value": "GHSA-42fp-4hm3-j8r7"
        },
        {
            "type": "CVE",
            "value": "CVE-2017-5934"
        }
    ]
}