{
    "ghsaId": "GHSA-9236-8w7q-rmrv",
    "severity": "MODERATE",
    "summary": "archivy is vulnerable to Cross-Site Request Forgery (CSRF)",
    "description": "archivy is vulnerable to Cross-Site Request Forgery (CSRF). There is [a fix](https://github.com/archivy/archivy/commit/796c3ae318eea183fc88c87ec5a27355b0f6a99d) available in the master branch.",
    "permalink": "https://github.com/advisories/GHSA-9236-8w7q-rmrv",
    "publishedAt": "2022-01-06T21:59:50Z",
    "withdrawnAt": null,
    "identifiers": [
        {
            "type": "GHSA",
            "value": "GHSA-9236-8w7q-rmrv"
        },
        {
            "type": "CVE",
            "value": "CVE-2021-4162"
        }
    ]
}