{
    "ghsaId": "GHSA-3c56-vx6v-q5vh",
    "severity": "MODERATE",
    "summary": "SaltStack Salt Allows creating certificates with weak file permissions",
    "description": "The TLS module within SaltStack Salt through 3002 creates certificates with weak file permissions.",
    "permalink": "https://github.com/advisories/GHSA-3c56-vx6v-q5vh",
    "publishedAt": "2022-05-24T17:33:17Z",
    "withdrawnAt": null,
    "identifiers": [
        {
            "type": "GHSA",
            "value": "GHSA-3c56-vx6v-q5vh"
        },
        {
            "type": "CVE",
            "value": "CVE-2020-17490"
        }
    ]
}