{
    "ghsaId": "GHSA-2wgc-48g2-cj5w",
    "severity": "MODERATE",
    "summary": "vantage6 has insecure SSH configuration for node and server containers",
    "description": "### Impact\nNodes and servers get a ssh config by default that permits root login with password authentication. In a proper deployment, the SSH service is not exposed so there is no risk, but not all deployments are ideal. The default should therefore be less permissive.\n\nWe will probably opt to completely remove the ssh option as it is only used for debugging. Later, we can add a debug mode where we can activate it if necessary.\n\n### Workarounds\nRemove the ssh part from the docker file and build your own docker image",
    "permalink": "https://github.com/advisories/GHSA-2wgc-48g2-cj5w",
    "publishedAt": "2024-01-30T20:56:46Z",
    "withdrawnAt": null,
    "identifiers": [
        {
            "type": "GHSA",
            "value": "GHSA-2wgc-48g2-cj5w"
        },
        {
            "type": "CVE",
            "value": "CVE-2024-21653"
        }
    ]
}