{
    "ghsaId": "GHSA-7fgc-89cx-w8j5",
    "severity": "MODERATE",
    "summary": "Out of memory error when submitting the dataset form with a specially-crafted field",
    "description": "### Impact\n\nWhen submitting a POST request to the `/dataset/new` endpoint (including either the auth cookie or the `Authorization` header) with a specially-crafted field, an attacker can create an out-of-memory error in the hosting server.\n\nTo trigger this error the user needs to have permissions to create or edit datasets.\n\n### Patches\n\nThis vulnerability has been patched in CKAN 2.10.3 and 2.9.10",
    "permalink": "https://github.com/advisories/GHSA-7fgc-89cx-w8j5",
    "publishedAt": "2023-12-13T23:08:35Z",
    "withdrawnAt": null,
    "identifiers": [
        {
            "type": "GHSA",
            "value": "GHSA-7fgc-89cx-w8j5"
        },
        {
            "type": "CVE",
            "value": "CVE-2023-50248"
        }
    ]
}