{
    "ghsaId": "GHSA-2p5h-hpj4-fxgg",
    "severity": "MODERATE",
    "summary": "LIEF contains a segmentation violation",
    "description": "LIEF commit 365a16a was discovered to contain a segmentation violation via the component `CoreFile.tcc:69`. A patch is available at commit ca938740264f1fcb18f91cba8e4039c518ecb75b.",
    "permalink": "https://github.com/advisories/GHSA-2p5h-hpj4-fxgg",
    "publishedAt": "2022-09-14T00:00:42Z",
    "withdrawnAt": null,
    "identifiers": [
        {
            "type": "GHSA",
            "value": "GHSA-2p5h-hpj4-fxgg"
        },
        {
            "type": "CVE",
            "value": "CVE-2022-38497"
        }
    ]
}