{
    "ghsaId": "GHSA-5pcx-vqjp-p34w",
    "severity": "MODERATE",
    "summary": "Cross-site Scripting in shuup",
    "description": "In Shuup, versions 1.6.0 through 2.10.8 are vulnerable to reflected Cross-Site Scripting (XSS) that allows execution of arbitrary javascript code on a victim browser. This vulnerability exists due to the error page contents not escaped.",
    "permalink": "https://github.com/advisories/GHSA-5pcx-vqjp-p34w",
    "publishedAt": "2021-10-04T20:11:03Z",
    "withdrawnAt": null,
    "identifiers": [
        {
            "type": "GHSA",
            "value": "GHSA-5pcx-vqjp-p34w"
        },
        {
            "type": "CVE",
            "value": "CVE-2021-25963"
        }
    ]
}