{
    "ghsaId": "GHSA-7h4p-27mh-hmrw",
    "severity": "MODERATE",
    "summary": "Django Denial of service vulnerability in django.utils.encoding.uri_to_iri",
    "description": "In Django 3.2 before 3.2.21, 4.1 before 4.1.11, and 4.2 before 4.2.5, django.utils.encoding.uri_to_iri() is subject to a potential DoS (denial of service) attack via certain inputs with a very large number of Unicode characters.",
    "permalink": "https://github.com/advisories/GHSA-7h4p-27mh-hmrw",
    "publishedAt": "2023-11-03T06:36:29Z",
    "withdrawnAt": null,
    "identifiers": [
        {
            "type": "GHSA",
            "value": "GHSA-7h4p-27mh-hmrw"
        },
        {
            "type": "CVE",
            "value": "CVE-2023-41164"
        }
    ]
}