{
    "ghsaId": "GHSA-79h2-q768-fpxr",
    "severity": "MODERATE",
    "summary": " TensorFlow segfault TFLite converter on per-channel quantized transposed convolutions",
    "description": "### Impact\nWhen converting transposed convolutions using per-channel weight quantization the converter segfaults and crashes the Python process.\n```python\nimport tensorflow as tf\n\nclass QuantConv2DTransposed(tf.keras.layers.Layer):\n    def build(self, input_shape):\n        self.kernel = self.add_weight(\"kernel\", [3, 3, input_shape[-1], 24])\n\n    def call(self, inputs):\n        filters = tf.quantization.fake_quant_with_min_max_vars_per_channel(\n            self.kernel, -3.0 * tf.ones([24]), 3.0 * tf.ones([24]), narrow_range=True\n        )\n        filters = tf.transpose(filters, (0, 1, 3, 2))\n        return tf.nn.conv2d_transpose(inputs, filters, [*inputs.shape[:-1], 24], 1)\n\ninp = tf.keras.Input(shape=(6, 8, 48), batch_size=1)\nx = tf.quantization.fake_quant_with_min_max_vars(inp, -3.0, 3.0, narrow_range=True)\nx = QuantConv2DTransposed()(x)\nx = tf.quantization.fake_quant_with_min_max_vars(x, -3.0, 3.0, narrow_range=True)\n\nmodel = tf.keras.Model(inp, x)\n\nmodel.save(\"/tmp/testing\")\nconverter = tf.lite.TFLiteConverter.from_saved_model(\"/tmp/testing\")\nconverter.optimizations = [tf.lite.Optimize.DEFAULT]\n\n# terminated by signal SIGSEGV (Address boundary error)\ntflite_model = converter.convert()\n```\n\n### Patches\nWe have patched the issue in GitHub commit [aa0b852a4588cea4d36b74feb05d93055540b450](https://github.com/tensorflow/tensorflow/commit/aa0b852a4588cea4d36b74feb05d93055540b450).\n\nThe fix will be included in TensorFlow 2.10.0. We will also cherrypick this commit on TensorFlow 2.9.1, TensorFlow 2.8.1, and TensorFlow 2.7.2, as these are also affected and still in supported range.\n\n\n### For more information\nPlease consult [our security guide](https://github.com/tensorflow/tensorflow/blob/master/SECURITY.md) for more information regarding the security model and how to contact us with issues and questions.\n\n\n### Attribution\nThis vulnerability has been reported by Lukas Geiger via [Github issue](https://github.com/tensorflow/tensorflow/issues/53767).\n",
    "permalink": "https://github.com/advisories/GHSA-79h2-q768-fpxr",
    "publishedAt": "2022-09-16T21:06:31Z",
    "withdrawnAt": null,
    "identifiers": [
        {
            "type": "GHSA",
            "value": "GHSA-79h2-q768-fpxr"
        },
        {
            "type": "CVE",
            "value": "CVE-2022-36027"
        }
    ]
}