{
    "ghsaId": "GHSA-625g-gx8c-xcmg",
    "severity": "MODERATE",
    "summary": "Django Middleware Enables Session Hijacking",
    "description": "The `contrib.auth.middleware.RemoteUserMiddleware` middleware in Django before 1.4.14, 1.5.x before 1.5.9, 1.6.x before 1.6.6, and 1.7 before release candidate 3, when using the `contrib.auth.backends.RemoteUserBackend` backend, allows remote authenticated users to hijack web sessions via vectors related to the `REMOTE_USER` header.",
    "permalink": "https://github.com/advisories/GHSA-625g-gx8c-xcmg",
    "publishedAt": "2022-05-14T02:09:22Z",
    "withdrawnAt": null,
    "identifiers": [
        {
            "type": "GHSA",
            "value": "GHSA-625g-gx8c-xcmg"
        },
        {
            "type": "CVE",
            "value": "CVE-2014-0482"
        }
    ]
}