{
    "ghsaId": "GHSA-5v6q-xqq8-g4xj",
    "severity": "MODERATE",
    "summary": "Roundup Cross-site Scripting (XSS) vulnerability",
    "description": "Cross-site scripting (XSS) vulnerability in Roundup before 1.4.20 allows remote attackers to inject arbitrary web script or HTML via the otk parameter.",
    "permalink": "https://github.com/advisories/GHSA-5v6q-xqq8-g4xj",
    "publishedAt": "2022-05-17T01:37:42Z",
    "withdrawnAt": null,
    "identifiers": [
        {
            "type": "GHSA",
            "value": "GHSA-5v6q-xqq8-g4xj"
        },
        {
            "type": "CVE",
            "value": "CVE-2012-6132"
        }
    ]
}