{
    "ghsaId": "GHSA-53mr-44pp-crf4",
    "severity": "MODERATE",
    "summary": "pip lack of randomness in build directory",
    "description": "pip 1.3 through 1.5.6 allows local users to cause a denial of service (prevention of package installation) by creating a `/tmp/pip-build-*` file for another user.",
    "permalink": "https://github.com/advisories/GHSA-53mr-44pp-crf4",
    "publishedAt": "2022-05-13T01:11:25Z",
    "withdrawnAt": null,
    "identifiers": [
        {
            "type": "GHSA",
            "value": "GHSA-53mr-44pp-crf4"
        },
        {
            "type": "CVE",
            "value": "CVE-2014-8991"
        }
    ]
}