{
    "ghsaId": "GHSA-8495-4g3g-x7pr",
    "severity": "MODERATE",
    "summary": "aiohttp allows request smuggling due to incorrect parsing of chunk extensions",
    "description": "### Summary\nThe Python parser parses newlines in chunk extensions incorrectly which can lead to request smuggling vulnerabilities under certain conditions.\n\n### Impact\nIf a pure Python version of aiohttp is installed (i.e. without the usual C extensions) or `AIOHTTP_NO_EXTENSIONS` is enabled, then an attacker may be able to execute a request smuggling attack to bypass certain firewalls or proxy protections.\n\n-----\n\nPatch: https://github.com/aio-libs/aiohttp/commit/259edc369075de63e6f3a4eaade058c62af0df71",
    "permalink": "https://github.com/advisories/GHSA-8495-4g3g-x7pr",
    "publishedAt": "2024-11-18T21:02:32Z",
    "withdrawnAt": null,
    "identifiers": [
        {
            "type": "GHSA",
            "value": "GHSA-8495-4g3g-x7pr"
        },
        {
            "type": "CVE",
            "value": "CVE-2024-52304"
        }
    ]
}