{
    "ghsaId": "GHSA-5pjj-7m4p-wfh2",
    "severity": "MODERATE",
    "summary": "ocrodjvu is vulnerable to Arbitrary File Modification via symlink attack",
    "description": "ocrodjvu 0.4.6-1 on Debian GNU/Linux allows local users to modify arbitrary files via a symlink attack on temporary files that are generated when Cuneiform is invoked as the OCR engine.",
    "permalink": "https://github.com/advisories/GHSA-5pjj-7m4p-wfh2",
    "publishedAt": "2022-05-17T02:04:28Z",
    "withdrawnAt": null,
    "identifiers": [
        {
            "type": "GHSA",
            "value": "GHSA-5pjj-7m4p-wfh2"
        },
        {
            "type": "CVE",
            "value": "CVE-2010-4338"
        }
    ]
}