{
    "ghsaId": "GHSA-6jp6-9rf9-gc66",
    "severity": "MODERATE",
    "summary": "Cross-site Scripting in Weblate",
    "description": "### Impact\nDue to improper neutralization, it was possible to perform cross-site scripting via crafted user and language names.\n\n### Patches\n\nThe issues were fixed in the 4.11 release. The following commits are addressing it:\n\n* f6753a1a1c63fade6ad418fbda827c6750ab0bda\n* 9e19a8414337692cc90da2a91c9af5420f2952f1\n* 22d577b1f1e88665a88b4569380148030e0f8389\n\n### Workarounds\n\nYou can look for crafted user and language names to see if you were affected.\n\n### References\n* https://hackerone.com/reports/1486674\n* https://hackerone.com/reports/1486718\n* https://hackerone.com/reports/1485226\n\n### For more information\nIf you have any questions or comments about this advisory:\n* Open a topic in [discussions](https://github.com/WeblateOrg/weblate/discussions)\n* Email us at [care@weblate.org](mailto:care@weblate.org)",
    "permalink": "https://github.com/advisories/GHSA-6jp6-9rf9-gc66",
    "publishedAt": "2022-02-25T22:18:50Z",
    "withdrawnAt": null,
    "identifiers": [
        {
            "type": "GHSA",
            "value": "GHSA-6jp6-9rf9-gc66"
        },
        {
            "type": "CVE",
            "value": "CVE-2022-24710"
        }
    ]
}