{
    "ghsaId": "GHSA-8mc4-2xrc-g582",
    "severity": "MODERATE",
    "summary": "Plone cross site scripting (XSS)",
    "description": "An XSS issue in the title field in Plone 5.0 through 5.2.1 allows users with a certain privilege level to insert JavaScript that will be executed when other users access the site.",
    "permalink": "https://github.com/advisories/GHSA-8mc4-2xrc-g582",
    "publishedAt": "2022-05-24T17:07:14Z",
    "withdrawnAt": null,
    "identifiers": [
        {
            "type": "GHSA",
            "value": "GHSA-8mc4-2xrc-g582"
        },
        {
            "type": "CVE",
            "value": "CVE-2020-7937"
        }
    ]
}