{
    "ghsaId": "GHSA-299q-3p96-5898",
    "severity": "MODERATE",
    "summary": "Apache Superset Incorrect Authorization vulnerability",
    "description": "An authenticated user could potentially access metadata for a datasource they are not authorized to view by submitting a targeted REST API request. This issue affects Apache Superset before 3.1.2.\n\nUsers are recommended to upgrade to version 3.1.2 or above, which fixes the issue.\n\n",
    "permalink": "https://github.com/advisories/GHSA-299q-3p96-5898",
    "publishedAt": "2024-05-07T15:30:36Z",
    "withdrawnAt": null,
    "identifiers": [
        {
            "type": "GHSA",
            "value": "GHSA-299q-3p96-5898"
        },
        {
            "type": "CVE",
            "value": "CVE-2024-28148"
        }
    ]
}