{
    "ghsaId": "GHSA-33w6-hvmq-gh4x",
    "severity": "MODERATE",
    "summary": "diffoscope Path Traversal vulnerability",
    "description": "diffoscope before 256 allows directory traversal via an embedded filename in a GPG file. Contents of any file, such as ../.ssh/id_rsa, may be disclosed to an attacker. This occurs because the value of the gpg --use-embedded-filenames option is trusted.",
    "permalink": "https://github.com/advisories/GHSA-33w6-hvmq-gh4x",
    "publishedAt": "2024-02-27T03:31:03Z",
    "withdrawnAt": null,
    "identifiers": [
        {
            "type": "GHSA",
            "value": "GHSA-33w6-hvmq-gh4x"
        },
        {
            "type": "CVE",
            "value": "CVE-2024-25711"
        }
    ]
}