{
    "ghsaId": "GHSA-6875-ff47-r6p6",
    "severity": "MODERATE",
    "summary": "Ipsilon denial of service via a duplicate SP name",
    "description": "providers/saml2/admin.py in the Identity Provider (IdP) server in Ipsilon 0.1.0 before 1.0.1 does not properly check permissions to update the SAML2 Service Provider (SP) owner, which allows remote authenticated users to cause a denial of service via a duplicate SP name.",
    "permalink": "https://github.com/advisories/GHSA-6875-ff47-r6p6",
    "publishedAt": "2022-05-17T04:01:58Z",
    "withdrawnAt": null,
    "identifiers": [
        {
            "type": "GHSA",
            "value": "GHSA-6875-ff47-r6p6"
        },
        {
            "type": "CVE",
            "value": "CVE-2015-5217"
        }
    ]
}