{
    "ghsaId": "GHSA-22cc-w7xm-rfhx",
    "severity": "MODERATE",
    "summary": "Mezzanine allows attackers to bypass access controls via manipulating the Host header",
    "description": "An issue in Mezzanine v6.0.0 allows attackers to bypass access controls via manipulating the Host header.",
    "permalink": "https://github.com/advisories/GHSA-22cc-w7xm-rfhx",
    "publishedAt": "2024-02-28T21:30:20Z",
    "withdrawnAt": null,
    "identifiers": [
        {
            "type": "GHSA",
            "value": "GHSA-22cc-w7xm-rfhx"
        },
        {
            "type": "CVE",
            "value": "CVE-2024-25170"
        }
    ]
}