{
    "ghsaId": "GHSA-8wxf-c45w-g66g",
    "severity": "MODERATE",
    "summary": "rdiffweb vulnerable to password complexity bypass leading to weak passwords",
    "description": "ikus060/rdiffweb prior to 2.4.9 allows a user to set there password to all spaces. While rdiffweb has a password policy requiring passwords to be between 8 and 128 characters, it does not validate the password entropy, allowing users to bypass password complexity requirements with weak passwords. This issue has been fixed in version 2.4.9. No workarounds are known to exist.",
    "permalink": "https://github.com/advisories/GHSA-8wxf-c45w-g66g",
    "publishedAt": "2022-09-30T00:00:47Z",
    "withdrawnAt": null,
    "identifiers": [
        {
            "type": "GHSA",
            "value": "GHSA-8wxf-c45w-g66g"
        },
        {
            "type": "CVE",
            "value": "CVE-2022-3326"
        }
    ]
}