{
    "ghsaId": "GHSA-52wr-3vww-rmpq",
    "severity": "MODERATE",
    "summary": "SOAPpy vulnerable to XML External Entity attacks",
    "description": "SOAPpy 0.12.5 allows remote attackers to read arbitrary files via a SOAP request containing an external entity declaration in conjunction with an entity reference, related to an XML External Entity (XXE) issue.",
    "permalink": "https://github.com/advisories/GHSA-52wr-3vww-rmpq",
    "publishedAt": "2022-05-17T04:44:24Z",
    "withdrawnAt": null,
    "identifiers": [
        {
            "type": "GHSA",
            "value": "GHSA-52wr-3vww-rmpq"
        },
        {
            "type": "CVE",
            "value": "CVE-2014-3242"
        }
    ]
}