{
    "ghsaId": "GHSA-46f9-f8jm-mw2x",
    "severity": "MODERATE",
    "summary": "Plone Cross-site Scripting vulnerability in the LiveSearch module",
    "description": "Cross-site scripting (XSS) vulnerability in the LiveSearch module in Plone before 3.0.4 allows remote attackers to inject arbitrary web script or HTML via the Description field for search results, as demonstrated using the onerror Javascript even in an IMG tag.",
    "permalink": "https://github.com/advisories/GHSA-46f9-f8jm-mw2x",
    "publishedAt": "2022-05-02T00:11:22Z",
    "withdrawnAt": null,
    "identifiers": [
        {
            "type": "GHSA",
            "value": "GHSA-46f9-f8jm-mw2x"
        },
        {
            "type": "CVE",
            "value": "CVE-2008-4571"
        }
    ]
}