{
    "ghsaId": "GHSA-3x76-j3jj-439j",
    "severity": "MODERATE",
    "summary": "MoinMoin Cross-site Scripting (XSS) vulnerability",
    "description": "MoinMoin 1.9.8 allows remote attackers to conduct \"JavaScript injection\" attacks by using the \"page creation\" approach, related to a \"Cross Site Scripting (XSS)\" issue affecting the action=AttachFile (via page name) component. ",
    "permalink": "https://github.com/advisories/GHSA-3x76-j3jj-439j",
    "publishedAt": "2022-05-17T03:02:29Z",
    "withdrawnAt": null,
    "identifiers": [
        {
            "type": "GHSA",
            "value": "GHSA-3x76-j3jj-439j"
        },
        {
            "type": "CVE",
            "value": "CVE-2016-7148"
        }
    ]
}