{
    "ghsaId": "GHSA-274v-r947-v34r",
    "severity": "MODERATE",
    "summary": "OpenStack Identity Keystone is vulnerable to Block delegation escalation of privilege",
    "description": "OpenStack Identity (Keystone) before 2013.2.4, 2014.1 before 2014.1.2, and Juno before Juno-2 does not properly handle chained delegation, which allows remote authenticated users to gain privileges by leveraging a (1) trust or (2) OAuth token with impersonation enabled to create a new token with additional roles.",
    "permalink": "https://github.com/advisories/GHSA-274v-r947-v34r",
    "publishedAt": "2022-05-13T01:26:09Z",
    "withdrawnAt": null,
    "identifiers": [
        {
            "type": "GHSA",
            "value": "GHSA-274v-r947-v34r"
        },
        {
            "type": "CVE",
            "value": "CVE-2014-3476"
        }
    ]
}