{
    "ghsaId": "GHSA-2fqr-cx7q-3ph8",
    "severity": "MODERATE",
    "summary": "openstack-heat may disclose sensitive information",
    "description": "An incomplete fix for CVE-2023-1625 was found in openstack-heat. Sensitive information may possibly be disclosed through the OpenStack stack abandon command with the hidden feature set to True and the CVE-2023-1625 fix applied.",
    "permalink": "https://github.com/advisories/GHSA-2fqr-cx7q-3ph8",
    "publishedAt": "2024-08-02T21:31:34Z",
    "withdrawnAt": null,
    "identifiers": [
        {
            "type": "GHSA",
            "value": "GHSA-2fqr-cx7q-3ph8"
        },
        {
            "type": "CVE",
            "value": "CVE-2024-7319"
        }
    ]
}