{
    "ghsaId": "GHSA-926q-wxr6-3crq",
    "severity": "MODERATE",
    "summary": "Moderate severity vulnerability that affects roundup",
    "description": "Roundup 1.6 allows XSS via the URI because frontends/roundup.cgi and roundup/cgi/wsgi_handler.py mishandle 404 errors.",
    "permalink": "https://github.com/advisories/GHSA-926q-wxr6-3crq",
    "publishedAt": "2019-04-09T19:47:14Z",
    "withdrawnAt": null,
    "identifiers": [
        {
            "type": "GHSA",
            "value": "GHSA-926q-wxr6-3crq"
        },
        {
            "type": "CVE",
            "value": "CVE-2019-10904"
        }
    ]
}