{
    "ghsaId": "GHSA-7332-36h8-8jh8",
    "severity": "MODERATE",
    "summary": "OpenStack Identity (Keystone) Denial of Service",
    "description": "OpenStack Identity (Keystone) before 2013.1 allows remote attackers to cause a denial of service (memory consumption and crash) via multiple long requests.",
    "permalink": "https://github.com/advisories/GHSA-7332-36h8-8jh8",
    "publishedAt": "2022-05-13T01:26:09Z",
    "withdrawnAt": null,
    "identifiers": [
        {
            "type": "GHSA",
            "value": "GHSA-7332-36h8-8jh8"
        },
        {
            "type": "CVE",
            "value": "CVE-2013-2014"
        }
    ]
}