{
    "ghsaId": "GHSA-5m69-3chg-6f8m",
    "severity": "MODERATE",
    "summary": "Cross Site Scripting (XSS) in Quokka",
    "description": "Cross Site Scripting (XSS) in Quokka v0.4.0 allows remote attackers to execute arbitrary code via the 'Username' parameter in the component 'quokka/admin/actions.py'.",
    "permalink": "https://github.com/advisories/GHSA-5m69-3chg-6f8m",
    "publishedAt": "2021-08-30T16:23:26Z",
    "withdrawnAt": null,
    "identifiers": [
        {
            "type": "GHSA",
            "value": "GHSA-5m69-3chg-6f8m"
        },
        {
            "type": "CVE",
            "value": "CVE-2020-18702"
        }
    ]
}