{
    "ghsaId": "GHSA-66r2-xm28-74w9",
    "severity": "MODERATE",
    "summary": "Composio Path Traversal vulnerability",
    "description": "A vulnerability was found in composiohq composio up to 0.5.8 and classified as problematic. Affected by this issue is the function path of the file composio\\server\\api.py. The manipulation of the argument file leads to path traversal. The exploit has been disclosed to the public and may be used. The vendor was contacted early about this disclosure but did not respond in any way.",
    "permalink": "https://github.com/advisories/GHSA-66r2-xm28-74w9",
    "publishedAt": "2024-09-16T14:37:27Z",
    "withdrawnAt": null,
    "identifiers": [
        {
            "type": "GHSA",
            "value": "GHSA-66r2-xm28-74w9"
        },
        {
            "type": "CVE",
            "value": "CVE-2024-8865"
        }
    ]
}