{
    "ghsaId": "GHSA-3rq5-2g8h-59hc",
    "severity": "MODERATE",
    "summary": "Potential DoS via the Tudoor mechanism in eventlet and dnspython",
    "description": "eventlet before 0.35.2, as used in dnspython before 2.6.0, allows remote attackers to interfere with DNS name resolution by quickly sending an invalid packet from the expected IP address and source port, aka a \"TuDoor\" attack. In other words, dnspython does not have the preferred behavior in which the DNS name resolution algorithm would proceed, within the full time window, in order to wait for a valid packet. NOTE: dnspython 2.6.0 is unusable for a different reason that was addressed in 2.6.1.",
    "permalink": "https://github.com/advisories/GHSA-3rq5-2g8h-59hc",
    "publishedAt": "2024-04-11T15:30:48Z",
    "withdrawnAt": null,
    "identifiers": [
        {
            "type": "GHSA",
            "value": "GHSA-3rq5-2g8h-59hc"
        },
        {
            "type": "CVE",
            "value": "CVE-2023-29483"
        }
    ]
}