{
    "ghsaId": "GHSA-95rw-fx8r-36v6",
    "severity": "MODERATE",
    "summary": "Cross-site Scripting in Django",
    "description": "The `{% debug %}` template tag in Django 2.2 before 2.2.27, 3.2 before 3.2.12, and 4.0 before 4.0.2 does not properly encode the current context. This may lead to XSS.",
    "permalink": "https://github.com/advisories/GHSA-95rw-fx8r-36v6",
    "publishedAt": "2022-02-04T00:00:33Z",
    "withdrawnAt": null,
    "identifiers": [
        {
            "type": "GHSA",
            "value": "GHSA-95rw-fx8r-36v6"
        },
        {
            "type": "CVE",
            "value": "CVE-2022-22818"
        }
    ]
}