{
    "ghsaId": "GHSA-3x9g-xfj5-fq84",
    "severity": "MODERATE",
    "summary": "Duplicate Advisory: Cross-Site Request Forgery in Gradio",
    "description": "## Duplicate Advisory\nThis advisory has been withdrawn because it is a duplicate of GHSA-48cq-79qq-6f7x. this link is maintained to preserve external references.\n\n## Original Description\nA Cross-Site Request Forgery gives attackers the ability to upload many large files to a victim, if they are running Gradio locally. To resolve this a PR tightening the CORS rules around Gradio applications has been submitted. In particular, it checks to see if the host header is localhost (or one of its aliases) and if so, it requires the origin header (if present) to be localhost (or one of its aliases) as well.\n\n",
    "permalink": "https://github.com/advisories/GHSA-3x9g-xfj5-fq84",
    "publishedAt": "2024-03-21T21:31:15Z",
    "withdrawnAt": "2024-05-21T14:43:32Z",
    "identifiers": [
        {
            "type": "GHSA",
            "value": "GHSA-3x9g-xfj5-fq84"
        }
    ]
}