{
    "ghsaId": "GHSA-3hg2-r75x-g69m",
    "severity": "MODERATE",
    "summary": "Vyper has incorrect re-entrancy lock when key is empty string",
    "description": "### Impact\n\nLocks of the type `@nonreentrant(\"\")` or `@nonreentrant('')` do not produce reentrancy checks at runtime.\n\n```Vyper\n@nonreentrant(\"\") # unprotected\n@external\ndef bar():\n    pass\n\n@nonreentrant(\"lock\") # protected\n@external\ndef foo():\n    pass\n```\n### Patches\n\nPatched in #3605\n\n### Workarounds\n\nThe lock name should be a non-empty string.\n\n### References\n_Are there any links users can visit to find out more?_\n",
    "permalink": "https://github.com/advisories/GHSA-3hg2-r75x-g69m",
    "publishedAt": "2023-09-18T19:20:55Z",
    "withdrawnAt": null,
    "identifiers": [
        {
            "type": "GHSA",
            "value": "GHSA-3hg2-r75x-g69m"
        },
        {
            "type": "CVE",
            "value": "CVE-2023-42441"
        }
    ]
}