{
    "ghsaId": "GHSA-82j9-wfcf-9v2h",
    "severity": "MODERATE",
    "summary": "Plone Open Redirect Vulnerability",
    "description": "An open redirect on the login form (and possibly other places) in Plone 4.0 through 5.2.1 allows an attacker to craft a link to a Plone Site that, when followed, and possibly after login, will redirect to an attacker's site.",
    "permalink": "https://github.com/advisories/GHSA-82j9-wfcf-9v2h",
    "publishedAt": "2022-05-24T17:07:14Z",
    "withdrawnAt": null,
    "identifiers": [
        {
            "type": "GHSA",
            "value": "GHSA-82j9-wfcf-9v2h"
        },
        {
            "type": "CVE",
            "value": "CVE-2020-7936"
        }
    ]
}