{
    "ghsaId": "GHSA-7qfw-j7hp-v45g",
    "severity": "MODERATE",
    "summary": "Django WSGI Header Spoofing Vulnerability",
    "description": "Django before 1.4.18, 1.6.x before 1.6.10, and 1.7.x before 1.7.3 allows remote attackers to spoof WSGI headers by using an `_` (underscore) character instead of a `-` (dash) character in an HTTP header, as demonstrated by an `X-Auth_User` header.",
    "permalink": "https://github.com/advisories/GHSA-7qfw-j7hp-v45g",
    "publishedAt": "2022-05-17T03:20:54Z",
    "withdrawnAt": null,
    "identifiers": [
        {
            "type": "GHSA",
            "value": "GHSA-7qfw-j7hp-v45g"
        },
        {
            "type": "CVE",
            "value": "CVE-2015-0219"
        }
    ]
}