{
    "ghsaId": "GHSA-3g6w-4m7x-97v6",
    "severity": "MODERATE",
    "summary": "Plone Cross-site scripting Vulnerability",
    "description": "Cross-site scripting (XSS) vulnerability in python_scripts.py in Plone before 4.2.3 and 4.3 before beta 1 allows remote attackers to inject arbitrary web script or HTML via unspecified vectors, related to \"{u,}translate.\"",
    "permalink": "https://github.com/advisories/GHSA-3g6w-4m7x-97v6",
    "publishedAt": "2022-05-17T04:32:23Z",
    "withdrawnAt": null,
    "identifiers": [
        {
            "type": "GHSA",
            "value": "GHSA-3g6w-4m7x-97v6"
        },
        {
            "type": "CVE",
            "value": "CVE-2012-5494"
        }
    ]
}