{
    "ghsaId": "GHSA-92pw-mff9-jqgm",
    "severity": "MODERATE",
    "summary": "Salt improper handling of tmp files",
    "description": "`modules/serverdensity_device.py` in SaltStack before 2014.7.4 does not properly handle files in `/tmp`.",
    "permalink": "https://github.com/advisories/GHSA-92pw-mff9-jqgm",
    "publishedAt": "2022-05-17T02:49:26Z",
    "withdrawnAt": null,
    "identifiers": [
        {
            "type": "GHSA",
            "value": "GHSA-92pw-mff9-jqgm"
        },
        {
            "type": "CVE",
            "value": "CVE-2015-1838"
        }
    ]
}