{
    "ghsaId": "GHSA-894q-wpg5-mf2h",
    "severity": "MODERATE",
    "summary": "pyRdfa3 Cross-site Scripting vulnerability",
    "description": "A vulnerability was found in RDFlib pyrdfa3 and classified as problematic. This issue affects the function `_get_option` of the file `pyRdfa/__init__.py`. The manipulation leads to cross site scripting. The attack may be initiated remotely. The name of the patch is ffd1d62dd50d5f4190013b39cedcdfbd81f3ce3e. It is recommended to apply a patch to fix this issue. The identifier VDB-215249 was assigned to this vulnerability.",
    "permalink": "https://github.com/advisories/GHSA-894q-wpg5-mf2h",
    "publishedAt": "2022-12-10T12:30:18Z",
    "withdrawnAt": null,
    "identifiers": [
        {
            "type": "GHSA",
            "value": "GHSA-894q-wpg5-mf2h"
        },
        {
            "type": "CVE",
            "value": "CVE-2022-4396"
        }
    ]
}