{
    "ghsaId": "GHSA-939m-4xpw-v34v",
    "severity": "MODERATE",
    "summary": "Arbitrary Code Execution in blazar-dashboard",
    "description": "An issue was discovered in OpenStack blazar-dashboard before 1.3.1, 2.0.0, and 3.0.0. A user allowed to access the Blazar dashboard in Horizon may trigger code execution on the Horizon host as the user the Horizon service runs under (because the Python eval function is used). This may result in Horizon host unauthorized access and further compromise of the Horizon service. All setups using the Horizon dashboard with the blazar-dashboard plugin are affected.",
    "permalink": "https://github.com/advisories/GHSA-939m-4xpw-v34v",
    "publishedAt": "2020-10-27T17:55:04Z",
    "withdrawnAt": null,
    "identifiers": [
        {
            "type": "GHSA",
            "value": "GHSA-939m-4xpw-v34v"
        },
        {
            "type": "CVE",
            "value": "CVE-2020-26943"
        }
    ]
}