{
    "ghsaId": "GHSA-86vp-x3pr-79rx",
    "severity": "MODERATE",
    "summary": "Apache Airflow cross-site scripting due to incomplete fix for CVE-2020-13944",
    "description": "The `origin` parameter passed to some of the endpoints like `/trigger` was vulnerable to XSS exploit. This issue affects Apache Airflow versions prior to 1.10.15. This is same as CVE-2020-13944 but the implemented fix in Airflow 1.10.13 did not fix the issue completely.",
    "permalink": "https://github.com/advisories/GHSA-86vp-x3pr-79rx",
    "publishedAt": "2021-04-20T16:40:14Z",
    "withdrawnAt": null,
    "identifiers": [
        {
            "type": "GHSA",
            "value": "GHSA-86vp-x3pr-79rx"
        },
        {
            "type": "CVE",
            "value": "CVE-2020-17515"
        }
    ]
}