{
    "ghsaId": "GHSA-45r6-j3cc-6mxx",
    "severity": "MODERATE",
    "summary": "OS Command Injection in Apache Airflow",
    "description": "Improper Neutralization of Special Elements used in an OS Command ('OS Command Injection') vulnerability in Apache Airflow Spark Provider, Apache Airflow allows an attacker to read arbtrary files in the task execution context, without write access to DAG files. This issue affects Spark Provider versions prior to 4.0.0. It also impacts any Apache Airflow versions prior to 2.3.0 in case Spark Provider is installed (Spark Provider 4.0.0 can only be installed for Airflow 2.3.0+). Note that you need to manually install the Spark Provider version 4.0.0 in order to get rid of the vulnerability on top of Airflow 2.3.0+ version that has lower version of the Spark Provider installed).",
    "permalink": "https://github.com/advisories/GHSA-45r6-j3cc-6mxx",
    "publishedAt": "2022-11-22T12:30:22Z",
    "withdrawnAt": null,
    "identifiers": [
        {
            "type": "GHSA",
            "value": "GHSA-45r6-j3cc-6mxx"
        },
        {
            "type": "CVE",
            "value": "CVE-2022-40954"
        }
    ]
}