{
    "ghsaId": "GHSA-5jqp-885w-xj32",
    "severity": "MODERATE",
    "summary": "pymatgen is vulnerable to Regular Expression Denial of Service (ReDoS)",
    "description": "An exponential ReDoS (Regular Expression Denial of Service) can be triggered in the pymatgen PyPI package, when an attacker is able to supply arbitrary input to the `GaussianInput.from_string` method.",
    "permalink": "https://github.com/advisories/GHSA-5jqp-885w-xj32",
    "publishedAt": "2022-11-10T12:01:17Z",
    "withdrawnAt": null,
    "identifiers": [
        {
            "type": "GHSA",
            "value": "GHSA-5jqp-885w-xj32"
        },
        {
            "type": "CVE",
            "value": "CVE-2022-42964"
        }
    ]
}