{
    "ghsaId": "GHSA-63h2-9cc8-fc7m",
    "severity": "MODERATE",
    "summary": "meinheld vulnerable to HTTP Request Smuggling",
    "description": "meinheld prior to 1.0.2 is vulnerable to HTTP Request Smuggling. HTTP pipelining issues and request smuggling attacks might be possible due to incorrect Content-Length and Transfer encoding header parsing.",
    "permalink": "https://github.com/advisories/GHSA-63h2-9cc8-fc7m",
    "publishedAt": "2022-05-24T17:18:38Z",
    "withdrawnAt": null,
    "identifiers": [
        {
            "type": "GHSA",
            "value": "GHSA-63h2-9cc8-fc7m"
        },
        {
            "type": "CVE",
            "value": "CVE-2020-7658"
        }
    ]
}