{
    "ghsaId": "GHSA-55g2-vm3q-7w52",
    "severity": "MODERATE",
    "summary": "Ansible galaxy-importer Path Traversal vulnerability",
    "description": "A path traversal vulnerability exists in Ansible when extracting tarballs. An attacker could craft a malicious tarball so that when using the galaxy importer of Ansible Automation Hub, a symlink could be dropped on the disk, resulting in files being overwritten.",
    "permalink": "https://github.com/advisories/GHSA-55g2-vm3q-7w52",
    "publishedAt": "2023-11-15T00:31:08Z",
    "withdrawnAt": null,
    "identifiers": [
        {
            "type": "GHSA",
            "value": "GHSA-55g2-vm3q-7w52"
        },
        {
            "type": "CVE",
            "value": "CVE-2023-5189"
        }
    ]
}