{
    "ghsaId": "GHSA-2ccw-7px8-vmpf",
    "severity": "MODERATE",
    "summary": "Open Redirect in Flask-AppBuilder",
    "description": "Flask-AppBuilder is an application development framework built on top of Flask. Versions prior to 3.4.5 contain an open redirect vulnerability when using the database authentication login page. There are no known workarounds. Users are recommended to upgrade to version 3.4.5 or later.\n\n### For more information\nIf you have any questions or comments about this advisory:\n* Open an issue in [Flask-AppBuilder](https://github.com/dpgaspar/Flask-AppBuilder)\n",
    "permalink": "https://github.com/advisories/GHSA-2ccw-7px8-vmpf",
    "publishedAt": "2022-03-25T19:27:39Z",
    "withdrawnAt": null,
    "identifiers": [
        {
            "type": "GHSA",
            "value": "GHSA-2ccw-7px8-vmpf"
        },
        {
            "type": "CVE",
            "value": "CVE-2022-24776"
        }
    ]
}