{
    "ghsaId": "GHSA-6h8x-73fx-q2h9",
    "severity": "MODERATE",
    "summary": "Chameleon in Plone allows Authentication Bypass",
    "description": "Chameleon (five.pt) in Plone 5.0rc1 through 5.1a1 allows remote authenticated users to bypass Restricted Python by leveraging permissions to create or edit templates.",
    "permalink": "https://github.com/advisories/GHSA-6h8x-73fx-q2h9",
    "publishedAt": "2022-05-17T02:57:32Z",
    "withdrawnAt": null,
    "identifiers": [
        {
            "type": "GHSA",
            "value": "GHSA-6h8x-73fx-q2h9"
        },
        {
            "type": "CVE",
            "value": "CVE-2016-4043"
        }
    ]
}