{
    "ghsaId": "GHSA-72p9-6gc7-q93r",
    "severity": "MODERATE",
    "summary": "OpenStack Neutron Improper Authentication vulnerability",
    "description": "The l3-agent in OpenStack Neutron 2012.2 before 2013.2.3 does not check the tenant id when creating ports, which allows remote authenticated users to plug ports into the routers of arbitrary tenants via the device id in a port-create command.",
    "permalink": "https://github.com/advisories/GHSA-72p9-6gc7-q93r",
    "publishedAt": "2022-05-17T04:42:41Z",
    "withdrawnAt": null,
    "identifiers": [
        {
            "type": "GHSA",
            "value": "GHSA-72p9-6gc7-q93r"
        },
        {
            "type": "CVE",
            "value": "CVE-2014-0056"
        }
    ]
}