{
    "ghsaId": "GHSA-2ch8-f849-pjg3",
    "severity": "MODERATE",
    "summary": "Eugene Pankov Ajenti Cross-site scripting Vulnerabilities",
    "description": "Multiple cross-site scripting (XSS) vulnerabilities in the `respond_error` function in `routing.py` in Eugene Pankov Ajenti before 1.2.21.7 allow remote attackers to inject arbitrary web script or HTML via the `PATH_INFO` to (1) `resources.js` or (2) resources.css in `ajenti:static/`, related to the traceback page.",
    "permalink": "https://github.com/advisories/GHSA-2ch8-f849-pjg3",
    "publishedAt": "2022-05-17T03:49:34Z",
    "withdrawnAt": null,
    "identifiers": [
        {
            "type": "GHSA",
            "value": "GHSA-2ch8-f849-pjg3"
        },
        {
            "type": "CVE",
            "value": "CVE-2014-4301"
        }
    ]
}