{
    "ghsaId": "GHSA-5r4x-qc7q-vj27",
    "severity": "MODERATE",
    "summary": "Zope Cross-site scripting (XSS) vulnerability in ZMI pages",
    "description": "Cross-site scripting (XSS) vulnerability in ZMI pages that use the manage_tabs_message in Zope 2.11.4, 2.11.2, 2.10.9, 2.10.7, 2.10.6, 2.10.5, 2.10.4, 2.10.2, 2.10.1, 2.12.",
    "permalink": "https://github.com/advisories/GHSA-5r4x-qc7q-vj27",
    "publishedAt": "2022-05-02T04:01:39Z",
    "withdrawnAt": null,
    "identifiers": [
        {
            "type": "GHSA",
            "value": "GHSA-5r4x-qc7q-vj27"
        },
        {
            "type": "CVE",
            "value": "CVE-2009-5145"
        }
    ]
}