{
    "ghsaId": "GHSA-7gf7-7wx4-mxmw",
    "severity": "MODERATE",
    "summary": "Mercurial Improper Certificate Validation vulnerability",
    "description": "Mercurial before 1.6.4 fails to verify the Common Name field of SSL certificates which allows remote attackers who acquire a certificate signed by a Certificate Authority to perform a man-in-the-middle attack.",
    "permalink": "https://github.com/advisories/GHSA-7gf7-7wx4-mxmw",
    "publishedAt": "2022-04-21T01:57:44Z",
    "withdrawnAt": null,
    "identifiers": [
        {
            "type": "GHSA",
            "value": "GHSA-7gf7-7wx4-mxmw"
        },
        {
            "type": "CVE",
            "value": "CVE-2010-4237"
        }
    ]
}