{
    "ghsaId": "GHSA-7fqm-jm52-f9vc",
    "severity": "MODERATE",
    "summary": "rdiffweb vulnerable to Use of Cache Containing Sensitive Information",
    "description": "rdiffweb prior to version 2.4.9 is vulnerable to Use of Cache Containing Sensitive Information. Due to improper cache control, an attacker can view sensitive information even if they are not logged into an account. Version 2.4.9 contains a patch for this issue.",
    "permalink": "https://github.com/advisories/GHSA-7fqm-jm52-f9vc",
    "publishedAt": "2022-09-29T00:00:19Z",
    "withdrawnAt": null,
    "identifiers": [
        {
            "type": "GHSA",
            "value": "GHSA-7fqm-jm52-f9vc"
        },
        {
            "type": "CVE",
            "value": "CVE-2022-3292"
        }
    ]
}