{
    "ghsaId": "GHSA-479j-jf2p-38pg",
    "severity": "MODERATE",
    "summary": "OpenStack Glance improper validation of the image_size_cap configuration option",
    "description": "OpenStack Image Registry and Delivery Service (Glance) before 2013.2.4, 2014.x before 2014.1.3, and Juno before Juno-3, when using the V2 API, does not properly enforce the image_size_cap configuration option, which allows remote authenticated users to cause a denial of service (disk consumption) by uploading a large image.",
    "permalink": "https://github.com/advisories/GHSA-479j-jf2p-38pg",
    "publishedAt": "2022-05-17T03:05:47Z",
    "withdrawnAt": null,
    "identifiers": [
        {
            "type": "GHSA",
            "value": "GHSA-479j-jf2p-38pg"
        },
        {
            "type": "CVE",
            "value": "CVE-2014-5356"
        }
    ]
}