{
    "ghsaId": "GHSA-355v-2rjx-fpx7",
    "severity": "MODERATE",
    "summary": "Inefficient Regular Expression Complexity in langflow",
    "description": "A vulnerability classified as problematic was found in Langflow up to 1.0.18. Affected by this vulnerability is an unknown functionality of the file \\src\\backend\\base\\langflow\\interface\\utils.py of the component HTTP POST Request Handler. The manipulation of the argument remaining_text leads to inefficient regular expression complexity. The exploit has been disclosed to the public and may be used. The vendor was contacted early about this disclosure but did not respond in any way.",
    "permalink": "https://github.com/advisories/GHSA-355v-2rjx-fpx7",
    "publishedAt": "2024-09-27T12:31:40Z",
    "withdrawnAt": null,
    "identifiers": [
        {
            "type": "GHSA",
            "value": "GHSA-355v-2rjx-fpx7"
        },
        {
            "type": "CVE",
            "value": "CVE-2024-9277"
        }
    ]
}