{
    "ghsaId": "GHSA-656c-6cxf-hvcv",
    "severity": "MODERATE",
    "summary": "Deserialization of Untrusted Data in Flask-Caching",
    "description": "Flask-Cache adds easy cache support to Flask. The Flask-Caching extension through 1.10.1 for Flask relies on Pickle for serialization, which may lead to remote code execution or local privilege escalation. If an attacker gains access to cache storage (e.g., filesystem, Memcached, Redis, etc.), they can construct a crafted payload, poison the cache, and execute Python code.\n\nHowever, this is not a high-severity issue, as for an attack like this to work, an attacker must:\n\n1. Be able to write arbitrary values to the cache\n2. Be able to generate a cache key that will collide with a value being read by the application\n3. Cause the application to read a maliciously-injected value\n\nAny situation where all 3 of those is true is a situation where the application has larger problems; for example, if someone's able to inject malicious cached rendered pages into a Flask app's cache, then they can make the website say literally anything they want, regardless of whether it involves the execution of remote code. Basically, the Pickle vulnerability follows from a website already being extremely vulnerable (due to conditions 1 and 2 being met).",
    "permalink": "https://github.com/advisories/GHSA-656c-6cxf-hvcv",
    "publishedAt": "2021-06-18T18:33:40Z",
    "withdrawnAt": null,
    "identifiers": [
        {
            "type": "GHSA",
            "value": "GHSA-656c-6cxf-hvcv"
        },
        {
            "type": "CVE",
            "value": "CVE-2021-33026"
        }
    ]
}