{
    "ghsaId": "GHSA-6cc5-2vg4-cc7m",
    "severity": "MODERATE",
    "summary": "Twisted CRLF Injection",
    "description": "In Twisted before 19.2.1, twisted.web did not validate or sanitize URIs or HTTP methods, allowing an attacker to inject invalid characters such as CRLF.",
    "permalink": "https://github.com/advisories/GHSA-6cc5-2vg4-cc7m",
    "publishedAt": "2019-06-10T18:05:06Z",
    "withdrawnAt": null,
    "identifiers": [
        {
            "type": "GHSA",
            "value": "GHSA-6cc5-2vg4-cc7m"
        },
        {
            "type": "CVE",
            "value": "CVE-2019-12387"
        }
    ]
}