{
    "ghsaId": "GHSA-79gp-q4wv-33fr",
    "severity": "MODERATE",
    "summary": "Cross-Site Request Forgery (CSRF) in strawberry-graphql",
    "description": "### Impact\n\nMultipart file upload support as defined in the [GraphQL multipart request specification](https://github.com/jaydenseric/graphql-multipart-request-spec) was enabled by default in all Strawberry HTTP view integrations. This made all Strawberry HTTP view integrations vulnerable to CSRF attacks if users did not explicitly enable CSRF preventing security mechanism for their servers.\nAdditionally, the Django HTTP view integration, in particular, had an exemption for Django's built-in CSRF protection (i.e., the `CsrfViewMiddleware` middleware) by default.\n\nIn affect, all Strawberry integrations were vulnerable to CSRF attacks by default.\n\n### Patches\n\nVersion `v0.243.0` is the first `strawberry-graphql` including a patch. Check out our [documentation](https://strawberry.rocks/docs/breaking-changes/0.243.0) for additional details and upgrade instructions.\n\n### References\n\n- [Strawberry upgrade guide](https://strawberry.rocks/docs/breaking-changes/0.243.0)\n- [Multipart Upload Security Implications](https://github.com/jaydenseric/graphql-multipart-request-spec/blob/master/readme.md#security)\n\n### Credits\n\n- [Thomas Grainger](https://github.com/graingert)\n- [Arthur Bayr](https://github.com/speedy1991)\n- [Jonathan Ehwald](https://github.com/DoctorJohn)",
    "permalink": "https://github.com/advisories/GHSA-79gp-q4wv-33fr",
    "publishedAt": "2024-09-25T18:21:19Z",
    "withdrawnAt": null,
    "identifiers": [
        {
            "type": "GHSA",
            "value": "GHSA-79gp-q4wv-33fr"
        },
        {
            "type": "CVE",
            "value": "CVE-2024-47082"
        }
    ]
}