{
    "ghsaId": "GHSA-22w9-j288-8p9w",
    "severity": "MODERATE",
    "summary": "OpenStack Nova Router metadata queries are not restricted by tenant",
    "description": "Interaction error in OpenStack Nova and Neutron before Havana 2013.2.1 and icehouse-1 does not validate the instance ID of the tenant making a request, which allows remote tenants to obtain sensitive metadata by spoofing the device ID that is bound to a port, which is not properly handled by (1) api/metadata/handler.py in Nova and (2) the neutron-metadata-agent (`agent/metadata/agent.py`) in Neutron.",
    "permalink": "https://github.com/advisories/GHSA-22w9-j288-8p9w",
    "publishedAt": "2022-05-17T04:50:15Z",
    "withdrawnAt": null,
    "identifiers": [
        {
            "type": "GHSA",
            "value": "GHSA-22w9-j288-8p9w"
        },
        {
            "type": "CVE",
            "value": "CVE-2013-6419"
        }
    ]
}