{
    "ghsaId": "GHSA-6c7v-2f49-8h26",
    "severity": "MODERATE",
    "summary": "Django Incorrect HTTP detection with reverse-proxy connecting via HTTPS",
    "description": "An issue was discovered in Django 1.11 before 1.11.22, 2.1 before 2.1.10, and 2.2 before 2.2.3. An HTTP request is not redirected to HTTPS when the SECURE_PROXY_SSL_HEADER and SECURE_SSL_REDIRECT settings are used, and the proxy connects to Django via HTTPS. In other words, django.http.HttpRequest.scheme has incorrect behavior when a client uses HTTP.",
    "permalink": "https://github.com/advisories/GHSA-6c7v-2f49-8h26",
    "publishedAt": "2019-07-03T20:37:25Z",
    "withdrawnAt": null,
    "identifiers": [
        {
            "type": "GHSA",
            "value": "GHSA-6c7v-2f49-8h26"
        },
        {
            "type": "CVE",
            "value": "CVE-2019-12781"
        }
    ]
}