{
    "ghsaId": "GHSA-2gr8-3wc7-xhj3",
    "severity": "MODERATE",
    "summary": "social-auth-app-django affected by Improper Handling of Case Sensitivity",
    "description": "### Impact\nDue to default case-insensitive collation in MySQL or MariaDB databases, third-party authentication user IDs are not case-sensitive and could cause different IDs to match.\n\n### Patches\nThis issue has been addressed by https://github.com/python-social-auth/social-app-django/pull/566 and fix released in 5.4.1.\n\n### Workarounds\nAn immediate workaround would be to change collation of the affected field:\n\n```mysql\nALTER TABLE `social_auth_usersocialauth` MODIFY `uid` varchar(255) COLLATE `utf8_bin`;\n```\n\n### References\nThis issue was discovered by folks at https://opencraft.com/.\n",
    "permalink": "https://github.com/advisories/GHSA-2gr8-3wc7-xhj3",
    "publishedAt": "2024-04-24T18:47:21Z",
    "withdrawnAt": null,
    "identifiers": [
        {
            "type": "GHSA",
            "value": "GHSA-2gr8-3wc7-xhj3"
        },
        {
            "type": "CVE",
            "value": "CVE-2024-32879"
        }
    ]
}