{
    "ghsaId": "GHSA-7565-cq32-vx2x",
    "severity": "MODERATE",
    "summary": "matrix-synapse vulnerable to improper validation of receipts allows forged read receipts",
    "description": "### Impact\nUsers were able to forge read receipts for any event (if they knew the room ID and event ID). Note that the users were not able to view the events, but simply mark it as read. This could be confusing as clients will show the event as read by the user, even if they are not in the room.\n\n### Patches\nhttps://github.com/matrix-org/synapse/pull/16327\n\n### Workarounds\nThere is no workaround.\n",
    "permalink": "https://github.com/advisories/GHSA-7565-cq32-vx2x",
    "publishedAt": "2023-09-26T19:20:38Z",
    "withdrawnAt": null,
    "identifiers": [
        {
            "type": "GHSA",
            "value": "GHSA-7565-cq32-vx2x"
        },
        {
            "type": "CVE",
            "value": "CVE-2023-42453"
        }
    ]
}