{
    "ghsaId": "GHSA-22xm-w7r2-834q",
    "severity": "MODERATE",
    "summary": "FastAPI Admin cross-site scripting (XSS) vulnerability in the Create Product function",
    "description": "A cross-site scripting (XSS) vulnerability in the Create Product function of fastapi-admin pro v0.1.4 allows attackers to execute arbitrary web scripts or HTML via a crafted payload injected into the Product Name parameter.",
    "permalink": "https://github.com/advisories/GHSA-22xm-w7r2-834q",
    "publishedAt": "2024-08-26T18:33:33Z",
    "withdrawnAt": null,
    "identifiers": [
        {
            "type": "GHSA",
            "value": "GHSA-22xm-w7r2-834q"
        },
        {
            "type": "CVE",
            "value": "CVE-2024-42816"
        }
    ]
}