{
    "ghsaId": "GHSA-92gf-p376-6r9r",
    "severity": "MODERATE",
    "summary": "Missing rate limit on rdiffweb",
    "description": "Allocation of Resources Without Limits or Throttling in GitHub repository ikus060/rdiffweb prior to 2.5.0.",
    "permalink": "https://github.com/advisories/GHSA-92gf-p376-6r9r",
    "publishedAt": "2022-10-14T12:00:17Z",
    "withdrawnAt": null,
    "identifiers": [
        {
            "type": "GHSA",
            "value": "GHSA-92gf-p376-6r9r"
        },
        {
            "type": "CVE",
            "value": "CVE-2022-3456"
        }
    ]
}