{
    "ghsaId": "GHSA-53wm-97p6-582f",
    "severity": "MODERATE",
    "summary": "instack-undercloud vulnerable to symlink attack on tmp files",
    "description": "A flaw was found in instack-undercloud 7.2.0 as packaged in Red Hat OpenStack Platform Pike, 6.1.0 as packaged in Red Hat OpenStack Platform Oacta, 5.3.0 as packaged in Red Hat OpenStack Newton, where pre-install and security policy scripts used insecure temporary files. A local user could exploit this flaw to conduct a symbolic-link attack, allowing them to overwrite the contents of arbitrary files.",
    "permalink": "https://github.com/advisories/GHSA-53wm-97p6-582f",
    "publishedAt": "2022-05-13T01:07:33Z",
    "withdrawnAt": null,
    "identifiers": [
        {
            "type": "GHSA",
            "value": "GHSA-53wm-97p6-582f"
        },
        {
            "type": "CVE",
            "value": "CVE-2017-7549"
        }
    ]
}