{
    "ghsaId": "GHSA-5g4v-2pc6-4hh4",
    "severity": "MODERATE",
    "summary": "Ansible Sensitive Files Are Locally Readable",
    "description": "The vault subsystem in Ansible before 1.5.5 does not set the umask before creation or modification of a vault file, which allows local users to obtain sensitive key information by reading a file.",
    "permalink": "https://github.com/advisories/GHSA-5g4v-2pc6-4hh4",
    "publishedAt": "2022-05-17T19:57:32Z",
    "withdrawnAt": null,
    "identifiers": [
        {
            "type": "GHSA",
            "value": "GHSA-5g4v-2pc6-4hh4"
        },
        {
            "type": "CVE",
            "value": "CVE-2014-4658"
        }
    ]
}