{
    "ghsaId": "GHSA-27q4-38qf-m25h",
    "severity": "MODERATE",
    "summary": "OpenStack Compute Nova Improper Access Control",
    "description": "The XenAPI backend in OpenStack Compute (Nova) Folsom, Grizzly, and Havana before 2013.2 does not properly apply security groups (1) when resizing an image or (2) during live migration, which allows remote attackers to bypass intended restrictions.",
    "permalink": "https://github.com/advisories/GHSA-27q4-38qf-m25h",
    "publishedAt": "2022-05-17T04:58:30Z",
    "withdrawnAt": null,
    "identifiers": [
        {
            "type": "GHSA",
            "value": "GHSA-27q4-38qf-m25h"
        },
        {
            "type": "CVE",
            "value": "CVE-2013-4497"
        }
    ]
}