{
    "ghsaId": "GHSA-39vm-p9mr-4r27",
    "severity": "MODERATE",
    "summary": "Beaker Sensitive Information Disclosure vulnerability",
    "description": "Beaker before 1.6.4, when using PyCrypto to encrypt sessions, uses AES in ECB cipher mode, which might allow remote attackers to obtain portions of sensitive session data via unspecified vectors.",
    "permalink": "https://github.com/advisories/GHSA-39vm-p9mr-4r27",
    "publishedAt": "2022-05-17T05:22:19Z",
    "withdrawnAt": null,
    "identifiers": [
        {
            "type": "GHSA",
            "value": "GHSA-39vm-p9mr-4r27"
        },
        {
            "type": "CVE",
            "value": "CVE-2012-3458"
        }
    ]
}