{
    "ghsaId": "GHSA-8m9p-3926-gffr",
    "severity": "MODERATE",
    "summary": "wger Workout Manager Cross-site Scripting vulnerability",
    "description": "Cross Site Scripting vulnerability in wger Project wger Workout Manager v.2.2.0a3 allows a remote attacker to gain privileges via the `license_author `field in the add-ingredient function in the `templates/ingredients/view.html`, `models/ingredients.py`, and `views/ingredients.py` components.",
    "permalink": "https://github.com/advisories/GHSA-8m9p-3926-gffr",
    "publishedAt": "2023-08-08T18:30:35Z",
    "withdrawnAt": null,
    "identifiers": [
        {
            "type": "GHSA",
            "value": "GHSA-8m9p-3926-gffr"
        },
        {
            "type": "CVE",
            "value": "CVE-2023-38758"
        }
    ]
}