{
    "ghsaId": "GHSA-8f57-wcmg-4jmh",
    "severity": "MODERATE",
    "summary": "Apache Airflow vulnerable to Exposure of Resource to Wrong Sphere",
    "description": "Apache Airflow, in versions prior to 2.8.0, contains a security vulnerability that allows an authenticated user with limited access to some DAGs, to craft a request that could give the user write access to various DAG resources for DAGs that the user had no access to, thus, enabling the user to clear DAGs they shouldn't.\n\nThis is a missing fix for CVE-2023-42792 in Apache Airflow 2.7.2\u00a0\n\nUsers of Apache Airflow are strongly advised to upgrade to version 2.8.0 or newer to mitigate the risk associated with this vulnerability.",
    "permalink": "https://github.com/advisories/GHSA-8f57-wcmg-4jmh",
    "publishedAt": "2023-12-21T12:30:27Z",
    "withdrawnAt": null,
    "identifiers": [
        {
            "type": "GHSA",
            "value": "GHSA-8f57-wcmg-4jmh"
        },
        {
            "type": "CVE",
            "value": "CVE-2023-48291"
        }
    ]
}