{
    "ghsaId": "GHSA-6wgp-fwfm-mxp3",
    "severity": "MODERATE",
    "summary": "Django allows user sessions hijacking via an empty string in the session key",
    "description": "The session.flush function in the cached_db backend in Django 1.8.x before 1.8.2 does not properly flush the session, which allows remote attackers to hijack user sessions via an empty string in the session key.",
    "permalink": "https://github.com/advisories/GHSA-6wgp-fwfm-mxp3",
    "publishedAt": "2022-05-17T03:29:56Z",
    "withdrawnAt": null,
    "identifiers": [
        {
            "type": "GHSA",
            "value": "GHSA-6wgp-fwfm-mxp3"
        },
        {
            "type": "CVE",
            "value": "CVE-2015-3982"
        }
    ]
}