{
    "ghsaId": "GHSA-8498-2h75-472j",
    "severity": "MODERATE",
    "summary": "Django denial-of-service in django.utils.html.strip_tags()",
    "description": "An issue was discovered in Django 5.1 before 5.1.4, 5.0 before 5.0.10, and 4.2 before 4.2.17. The strip_tags() method and striptags template filter are subject to a potential denial-of-service attack via certain inputs containing large sequences of nested incomplete HTML entities.",
    "permalink": "https://github.com/advisories/GHSA-8498-2h75-472j",
    "publishedAt": "2024-12-06T12:30:47Z",
    "withdrawnAt": null,
    "identifiers": [
        {
            "type": "GHSA",
            "value": "GHSA-8498-2h75-472j"
        },
        {
            "type": "CVE",
            "value": "CVE-2024-53907"
        }
    ]
}