{
    "ghsaId": "GHSA-79h8-gxhq-q3jg",
    "severity": "MODERATE",
    "summary": "Remote Code Execution in create_conda_env function in lollms",
    "description": "A remote code execution vulnerability exists in the create_conda_env function of the parisneo/lollms repository. The vulnerability arises from the use of shell=True in the subprocess.Popen function, which allows an attacker to inject arbitrary commands by manipulating the env_name and python_version parameters. This issue could lead to a serious security breach as demonstrated by the ability to execute the 'whoami' command among potentially other harmful commands.",
    "permalink": "https://github.com/advisories/GHSA-79h8-gxhq-q3jg",
    "publishedAt": "2024-06-24T00:34:02Z",
    "withdrawnAt": null,
    "identifiers": [
        {
            "type": "GHSA",
            "value": "GHSA-79h8-gxhq-q3jg"
        },
        {
            "type": "CVE",
            "value": "CVE-2024-3121"
        }
    ]
}