{
    "ghsaId": "GHSA-39gf-864w-pxw4",
    "severity": "MODERATE",
    "summary": "Unverified Password Change in OctoPrint",
    "description": "Versions of OctoPrint prior to 1.8.3 did not require the current user password in order to change that users password. As a result users could be locked out of their accounts or have their accounts stolen under certain circumstances.",
    "permalink": "https://github.com/advisories/GHSA-39gf-864w-pxw4",
    "publishedAt": "2022-08-23T00:00:19Z",
    "withdrawnAt": null,
    "identifiers": [
        {
            "type": "GHSA",
            "value": "GHSA-39gf-864w-pxw4"
        },
        {
            "type": "CVE",
            "value": "CVE-2022-2930"
        }
    ]
}