{
    "ghsaId": "GHSA-7j69-qfc3-2fq9",
    "severity": "MODERATE",
    "summary": "Ansible template injection vulnerability",
    "description": "A template injection flaw was found in Ansible where a user's controller internal templating operations may remove the unsafe designation from template data. This issue could allow an attacker to use a specially crafted file to introduce templating injection when supplying templating data.",
    "permalink": "https://github.com/advisories/GHSA-7j69-qfc3-2fq9",
    "publishedAt": "2023-12-13T00:30:37Z",
    "withdrawnAt": null,
    "identifiers": [
        {
            "type": "GHSA",
            "value": "GHSA-7j69-qfc3-2fq9"
        },
        {
            "type": "CVE",
            "value": "CVE-2023-5764"
        }
    ]
}