{
    "ghsaId": "GHSA-6w8c-6jrg-qwj2",
    "severity": "MODERATE",
    "summary": "Radicale regex metacharacters injection in the user name",
    "description": "Radicale before 1.1 allows remote authenticated users to bypass `owner_write` and `owner_only` limitations via regex metacharacters in the user name, as demonstrated by `.*`.",
    "permalink": "https://github.com/advisories/GHSA-6w8c-6jrg-qwj2",
    "publishedAt": "2022-05-17T03:29:52Z",
    "withdrawnAt": null,
    "identifiers": [
        {
            "type": "GHSA",
            "value": "GHSA-6w8c-6jrg-qwj2"
        },
        {
            "type": "CVE",
            "value": "CVE-2015-8748"
        }
    ]
}