{
    "ghsaId": "GHSA-54f4-v6v9-9q82",
    "severity": "MODERATE",
    "summary": "open-webui allows writing and deleting arbitrary files",
    "description": "In version v0.3.8 of open-webui/open-webui, the endpoint /api/pipelines/upload is vulnerable to arbitrary file write and delete due to unsanitized file.filename concatenation with CACHE_DIR. This vulnerability allows attackers to overwrite and delete system files, potentially leading to remote code execution.",
    "permalink": "https://github.com/advisories/GHSA-54f4-v6v9-9q82",
    "publishedAt": "2024-10-09T21:31:08Z",
    "withdrawnAt": null,
    "identifiers": [
        {
            "type": "GHSA",
            "value": "GHSA-54f4-v6v9-9q82"
        },
        {
            "type": "CVE",
            "value": "CVE-2024-7037"
        }
    ]
}