{
    "ghsaId": "GHSA-2wcj-qr76-9768",
    "severity": "MODERATE",
    "summary": "PaddlePaddle segfault in paddle.put_along_axis",
    "description": "Nullptr in paddle.put_along_axis\u00a0in PaddlePaddle before 2.6.0. This flaw can cause a runtime crash and a denial of service.\n\n\n\n",
    "permalink": "https://github.com/advisories/GHSA-2wcj-qr76-9768",
    "publishedAt": "2024-01-03T09:30:32Z",
    "withdrawnAt": null,
    "identifiers": [
        {
            "type": "GHSA",
            "value": "GHSA-2wcj-qr76-9768"
        },
        {
            "type": "CVE",
            "value": "CVE-2023-52303"
        }
    ]
}