{
    "ghsaId": "GHSA-8fjr-hghr-4m99",
    "severity": "MODERATE",
    "summary": "Archive spoofing vulnerability in borgbackup",
    "description": "### Impact\nA flaw in the cryptographic authentication scheme in borgbackup allowed an attacker to fake archives and potentially indirectly cause backup data loss in the repository.\n\nThe attack requires an attacker to be able to\n\n1. insert files (with no additional headers) into backups\n2. gain write access to the repository\n\nThis vulnerability does not disclose plaintext to the attacker, nor does it affect the authenticity of existing archives.\n\nCreating plausible fake archives may be feasible for empty or small archives, but is unlikely for large archives.\n\nAffected are all borgbackup releases prior to 1.2.5.\n\nNote: CVSS scoring model seemed to badly fit for this case, thus I manually set score to \"moderate\".\n\n### Patches\nThe issue has been fixed in borgbackup 1.2.5.\nBut there was a bug in 1.2.5 upgrade instructions, thus 1.2.6 with an important fix in docs and code was released a day afterwards.\n\nAdditionally to installing the fixed code, users must follow the upgrade procedure as documented in the latest version of the change log.\n\n### Workarounds\nData loss after being attacked can be avoided by reviewing the archives (timestamp and contents valid and as expected) after any \"borg check --repair\" and before \"borg prune\".\n\n### References\n\nhttps://github.com/borgbackup/borg/blob/1.2.6/docs/changes.rst#pre-125-archives-spoofing-vulnerability-cve-2023-36811\n",
    "permalink": "https://github.com/advisories/GHSA-8fjr-hghr-4m99",
    "publishedAt": "2023-08-30T20:09:33Z",
    "withdrawnAt": null,
    "identifiers": [
        {
            "type": "GHSA",
            "value": "GHSA-8fjr-hghr-4m99"
        },
        {
            "type": "CVE",
            "value": "CVE-2023-36811"
        }
    ]
}