{
    "ghsaId": "GHSA-4xw6-hj5p-4j79",
    "severity": "MODERATE",
    "summary": "OpenStack Glance sensitive information disclosure via logs",
    "description": "OpenStack Image Registry and Delivery Service (Glance) 2013.2 through 2013.2.1 and Icehouse before icehouse-2 logs a URL containing the Swift store backend password when authentication fails and WARNING level logging is enabled, which allows local users to obtain sensitive information by reading the log.",
    "permalink": "https://github.com/advisories/GHSA-4xw6-hj5p-4j79",
    "publishedAt": "2022-05-17T04:50:15Z",
    "withdrawnAt": null,
    "identifiers": [
        {
            "type": "GHSA",
            "value": "GHSA-4xw6-hj5p-4j79"
        },
        {
            "type": "CVE",
            "value": "CVE-2014-1948"
        }
    ]
}