{
    "ghsaId": "GHSA-795c-9xpc-xw6g",
    "severity": "MODERATE",
    "summary": "Django vulnerable to a denial-of-service attack",
    "description": "An issue was discovered in Django 5.0 before 5.0.8 and 4.2 before 4.2.15. The urlize() and urlizetrunc() template filters are subject to a potential denial-of-service attack via very large inputs with a specific sequence of characters.",
    "permalink": "https://github.com/advisories/GHSA-795c-9xpc-xw6g",
    "publishedAt": "2024-08-07T15:30:42Z",
    "withdrawnAt": null,
    "identifiers": [
        {
            "type": "GHSA",
            "value": "GHSA-795c-9xpc-xw6g"
        },
        {
            "type": "CVE",
            "value": "CVE-2024-41990"
        }
    ]
}