{
    "ghsaId": "GHSA-49m6-vrr9-2cqm",
    "severity": "MODERATE",
    "summary": "MLflow Uncontrolled Resource Consumption vulnerability",
    "description": "In mlflow/mlflow version 2.17.2, the `/graphql` endpoint is vulnerable to a denial of service attack. An attacker can create large batches of queries that repeatedly request all runs from a given experiment. This can tie up all the workers allocated by MLFlow, rendering the application unable to respond to other requests. This vulnerability is due to uncontrolled resource consumption.",
    "permalink": "https://github.com/advisories/GHSA-49m6-vrr9-2cqm",
    "publishedAt": "2025-03-20T12:32:52Z",
    "withdrawnAt": null,
    "identifiers": [
        {
            "type": "GHSA",
            "value": "GHSA-49m6-vrr9-2cqm"
        },
        {
            "type": "CVE",
            "value": "CVE-2025-0453"
        }
    ]
}