{
    "ghsaId": "GHSA-32p4-gm2c-wmch",
    "severity": "MODERATE",
    "summary": "ansible-core Incorrect Authorization vulnerability",
    "description": "A flaw was found in Ansible. The ansible-core `user` module can allow an unprivileged user to silently create or replace the contents of any file on any system path and take ownership of it when a privileged user executes the `user` module against the unprivileged user's home directory. If the unprivileged user has traversal permissions on the directory containing the exploited target file, they retain full control over the contents of the file as its owner.",
    "permalink": "https://github.com/advisories/GHSA-32p4-gm2c-wmch",
    "publishedAt": "2024-11-06T12:31:32Z",
    "withdrawnAt": null,
    "identifiers": [
        {
            "type": "GHSA",
            "value": "GHSA-32p4-gm2c-wmch"
        },
        {
            "type": "CVE",
            "value": "CVE-2024-9902"
        }
    ]
}