{
    "ghsaId": "GHSA-94ww-22rx-493x",
    "severity": "MODERATE",
    "summary": "Cross-Site Scripting",
    "description": "Flower, before 0.9.2, has a XSS on tasks page because data is not properly escaped.",
    "permalink": "https://github.com/advisories/GHSA-94ww-22rx-493x",
    "publishedAt": "2021-02-24T19:46:35Z",
    "withdrawnAt": "2021-02-24T19:46:35Z",
    "identifiers": [
        {
            "type": "GHSA",
            "value": "GHSA-94ww-22rx-493x"
        }
    ]
}