{
    "ghsaId": "GHSA-859j-668v-mrr6",
    "severity": "MODERATE",
    "summary": "Products.CMFPlone XSS in profile home_page property",
    "description": "A member of the Plone site could set javascript in the `home_page` property of their profile, and have this executed when a visitor clicks the home page link on the author page.",
    "permalink": "https://github.com/advisories/GHSA-859j-668v-mrr6",
    "publishedAt": "2022-05-14T03:49:57Z",
    "withdrawnAt": null,
    "identifiers": [
        {
            "type": "GHSA",
            "value": "GHSA-859j-668v-mrr6"
        },
        {
            "type": "CVE",
            "value": "CVE-2017-1000482"
        }
    ]
}