{
    "ghsaId": "GHSA-3hp7-4qq4-v5c6",
    "severity": "MODERATE",
    "summary": "Apache Superset Allocation of Resources Without Limits or Throttling vulnerability",
    "description": "An authenticated malicious user could initiate multiple concurrent requests, each requesting multiple dashboard exports, leading to a possible denial of service.\n\nThis issue affects Apache Superset: before 3.0.0",
    "permalink": "https://github.com/advisories/GHSA-3hp7-4qq4-v5c6",
    "publishedAt": "2023-11-28T18:30:23Z",
    "withdrawnAt": null,
    "identifiers": [
        {
            "type": "GHSA",
            "value": "GHSA-3hp7-4qq4-v5c6"
        },
        {
            "type": "CVE",
            "value": "CVE-2023-42504"
        }
    ]
}