{
    "ghsaId": "GHSA-4vr8-r7qr-fpvq",
    "severity": "MODERATE",
    "summary": "Plone Privilege escalation through exposed underlying API",
    "description": "`Products/CMFPlone/CatalogTool.py` in Plone 3.3 through 4.3.2 allows remote administrators to bypass restrictions and obtain sensitive information via an unspecified search API.",
    "permalink": "https://github.com/advisories/GHSA-4vr8-r7qr-fpvq",
    "publishedAt": "2022-05-17T04:41:00Z",
    "withdrawnAt": null,
    "identifiers": [
        {
            "type": "GHSA",
            "value": "GHSA-4vr8-r7qr-fpvq"
        },
        {
            "type": "CVE",
            "value": "CVE-2013-7061"
        }
    ]
}