{
    "ghsaId": "GHSA-59j8-776v-xxxg",
    "severity": "MODERATE",
    "summary": "NoneBot Potential Information Leak in User-Constructed Message Templates",
    "description": "### Impact\nThis security advisory pertains to a potential information leak (e.g., environment variables) in instances where developers utilize `MessageTemplate` and incorporate user-provided data into templates.\n\n### Patches\nThe identified vulnerability has been remedied in fix #2509 and will be included in versions released after 2.1.3. Users are strongly advised to upgrade to these patched versions to safeguard against the vulnerability.\n\n### Workarounds\nA temporary workaround involves filtering underscores before incorporating user input into the message template.\n\n### References\n- [Pull Request #2509](https://github.com/nonebot/nonebot2/pull/2509)\n- [CWE-1336](https://cwe.mitre.org/data/definitions/1336.html)",
    "permalink": "https://github.com/advisories/GHSA-59j8-776v-xxxg",
    "publishedAt": "2024-02-09T15:04:08Z",
    "withdrawnAt": null,
    "identifiers": [
        {
            "type": "GHSA",
            "value": "GHSA-59j8-776v-xxxg"
        },
        {
            "type": "CVE",
            "value": "CVE-2024-21624"
        }
    ]
}