{
    "ghsaId": "GHSA-4822-jvwx-w47h",
    "severity": "MODERATE",
    "summary": "Uncontrolled Resource Consumption in Matrix Synapse",
    "description": "### Impact\n\nSynapse before 1.52.0 with URL preview functionality enabled will attempt to generate URL previews for media stream URLs without properly limiting connection time. Connections will only be terminated after `max_spider_size` (default: 10M) bytes have been downloaded, which can in some cases lead to long-lived connections towards the streaming media server (for instance, Icecast).\n\nThis can cause excessive traffic and connections toward such servers if their stream URL is, for example, posted to a large room with many Synapse instances with URL preview enabled.\n\n### Patches\n1.52.0 implements a timeout mechanism which will terminate URL preview connections after 30 seconds. Since generating URL previews for media streams is not supported and always fails, 1.53.0 additionally implements an allow list for content types for which Synapse will even attempt to generate a URL preview.\n\nWe recommend upgrading to 1.53.0 to fully resolve the issue.\n\n### Workarounds\nTurn off URL preview functionality by setting `url_preview_enabled: false` in the Synapse configuration file.\n\n### References\n- Patch (timeout): https://github.com/matrix-org/synapse/pull/11784\n- Patch (content type allow list): https://github.com/matrix-org/synapse/pull/11936\n\n### For more information\nIf you have any questions or comments about this advisory, e-mail us at security@matrix.org.\n",
    "permalink": "https://github.com/advisories/GHSA-4822-jvwx-w47h",
    "publishedAt": "2022-04-01T18:16:42Z",
    "withdrawnAt": null,
    "identifiers": [
        {
            "type": "GHSA",
            "value": "GHSA-4822-jvwx-w47h"
        },
        {
            "type": "CVE",
            "value": "CVE-2022-41952"
        }
    ]
}