{
    "ghsaId": "GHSA-7q8x-38mc-p84f",
    "severity": "MODERATE",
    "summary": "Mako contains Cross-site Scripting vulnerability",
    "description": "Mako before 0.3.4 relies on the cgi.escape function in the Python standard library for cross-site scripting (XSS) protection, which makes it easier for remote attackers to conduct XSS attacks via vectors involving single-quote characters and a JavaScript onLoad event handler for a BODY element.",
    "permalink": "https://github.com/advisories/GHSA-7q8x-38mc-p84f",
    "publishedAt": "2022-05-17T05:48:31Z",
    "withdrawnAt": null,
    "identifiers": [
        {
            "type": "GHSA",
            "value": "GHSA-7q8x-38mc-p84f"
        },
        {
            "type": "CVE",
            "value": "CVE-2010-2480"
        }
    ]
}