{
    "ghsaId": "GHSA-3gf9-wv65-gwh9",
    "severity": "MODERATE",
    "summary": "gradio Server Side Request Forgery vulnerability",
    "description": "In gradio <=4.42.0, the gr.DownloadButton function has a hidden server-side request forgery (SSRF) vulnerability. The reason is that within the save_url_to_cache function, there are no restrictions on the URL, which allows access to local target resources. This can lead to the download of local resources and sensitive information.",
    "permalink": "https://github.com/advisories/GHSA-3gf9-wv65-gwh9",
    "publishedAt": "2024-11-05T00:31:28Z",
    "withdrawnAt": null,
    "identifiers": [
        {
            "type": "GHSA",
            "value": "GHSA-3gf9-wv65-gwh9"
        },
        {
            "type": "CVE",
            "value": "CVE-2024-48052"
        }
    ]
}