{
    "ghsaId": "GHSA-8f4m-hccc-8qph",
    "severity": "MODERATE",
    "summary": "Insertion of Sensitive Information into Log File in ansible",
    "description": "A flaw was found in ansible. Credentials, such as secrets, are being disclosed in console log by default and not protected by no_log feature when using those modules. An attacker can take advantage of this information to steal those credentials. The highest threat from this vulnerability is to data confidentiality.",
    "permalink": "https://github.com/advisories/GHSA-8f4m-hccc-8qph",
    "publishedAt": "2021-06-01T21:38:33Z",
    "withdrawnAt": null,
    "identifiers": [
        {
            "type": "GHSA",
            "value": "GHSA-8f4m-hccc-8qph"
        },
        {
            "type": "CVE",
            "value": "CVE-2021-20191"
        }
    ]
}