{
    "ghsaId": "GHSA-4r2w-w73w-36jm",
    "severity": "MODERATE",
    "summary": "eyeD3 is vulnerable to arbitrary file modification via symlink attack",
    "description": "tag.py in eyeD3 (aka python-eyed3) 0.7.5 and earlier for Python allows local users to modify arbitrary files via a symlink attack on a temporary file.",
    "permalink": "https://github.com/advisories/GHSA-4r2w-w73w-36jm",
    "publishedAt": "2022-05-14T02:09:24Z",
    "withdrawnAt": null,
    "identifiers": [
        {
            "type": "GHSA",
            "value": "GHSA-4r2w-w73w-36jm"
        },
        {
            "type": "CVE",
            "value": "CVE-2014-1934"
        }
    ]
}