{
    "ghsaId": "GHSA-9772-cwx9-r4cj",
    "severity": "MODERATE",
    "summary": "simplejson before 2.6.1 vulnerable to array index error",
    "description": "Array index error in the scanstring function in the _json module in Python 2.7 through 3.5 and simplejson before 2.6.1 allows context-dependent attackers to read arbitrary process memory via a negative index value in the idx argument to the raw_decode function.",
    "permalink": "https://github.com/advisories/GHSA-9772-cwx9-r4cj",
    "publishedAt": "2022-05-14T02:05:09Z",
    "withdrawnAt": null,
    "identifiers": [
        {
            "type": "GHSA",
            "value": "GHSA-9772-cwx9-r4cj"
        },
        {
            "type": "CVE",
            "value": "CVE-2014-4616"
        }
    ]
}