{
    "ghsaId": "GHSA-5474-f7g5-273q",
    "severity": "MODERATE",
    "summary": "Apache Superset: Improper validation of SQL statements allows for unauthorized access to data",
    "description": "Improper parsing of nested SQL statements on SQLLab would allow authenticated users to surpass their data authorization scope.\nThis issue affects Apache Superset: before 3.0.4, from 3.1.0 before 3.1.1.\n\nUsers are recommended to upgrade to version 3.1.1, which fixes the issue.",
    "permalink": "https://github.com/advisories/GHSA-5474-f7g5-273q",
    "publishedAt": "2024-02-28T12:30:26Z",
    "withdrawnAt": null,
    "identifiers": [
        {
            "type": "GHSA",
            "value": "GHSA-5474-f7g5-273q"
        },
        {
            "type": "CVE",
            "value": "CVE-2024-24773"
        }
    ]
}