{
    "ghsaId": "GHSA-32fj-r8qw-r8w8",
    "severity": "MODERATE",
    "summary": "MindsDB Cross-site Scripting vulnerability",
    "description": "A cross-site scripting (XSS) vulnerability exists in all versions of the MindsDB platform, enabling the execution of a JavaScript payload whenever a user enumerates an ML Engine, database, project, or dataset containing arbitrary JavaScript code within the web UI.",
    "permalink": "https://github.com/advisories/GHSA-32fj-r8qw-r8w8",
    "publishedAt": "2024-09-12T15:33:01Z",
    "withdrawnAt": null,
    "identifiers": [
        {
            "type": "GHSA",
            "value": "GHSA-32fj-r8qw-r8w8"
        },
        {
            "type": "CVE",
            "value": "CVE-2024-45856"
        }
    ]
}