{
    "ghsaId": "GHSA-937f-qh3w-6g87",
    "severity": "MODERATE",
    "summary": "OctoPrint vulnerable to Insufficient Session Expiration.",
    "description": "If an attacker comes into the possession of a victim's OctoPrint session cookie through whatever means, the attacker can use this cookie to authenticate as long as the victim's account exists. This issue is fixed in version 1.8.3.",
    "permalink": "https://github.com/advisories/GHSA-937f-qh3w-6g87",
    "publishedAt": "2022-09-22T00:00:31Z",
    "withdrawnAt": null,
    "identifiers": [
        {
            "type": "GHSA",
            "value": "GHSA-937f-qh3w-6g87"
        },
        {
            "type": "CVE",
            "value": "CVE-2022-2888"
        }
    ]
}