{
    "ghsaId": "GHSA-8r7c-3cm2-3h8f",
    "severity": "MODERATE",
    "summary": "Memory leak in Tensorflow",
    "description": "### Impact\nIf a graph node is invalid, TensorFlow can leak memory in the [implementation of `ImmutableExecutorState::Initialize`](https://github.com/tensorflow/tensorflow/blob/a1320ec1eac186da1d03f033109191f715b2b130/tensorflow/core/common_runtime/immutable_executor_state.cc#L84-L262):\n\n```cc\nStatus s = params_.create_kernel(n->properties(), &item->kernel);\nif (!s.ok()) {\n  item->kernel = nullptr;\n  s = AttachDef(s, *n);\n  return s;           \n}                     \n```\n\nHere, we set `item->kernel` to `nullptr` but it is a simple `OpKernel*` pointer so the memory that was previously allocated to it would leak.\n\n### Patches\nWe have patched the issue in GitHub commit [c79ccba517dbb1a0ccb9b01ee3bd2a63748b60dd](https://github.com/tensorflow/tensorflow/commit/c79ccba517dbb1a0ccb9b01ee3bd2a63748b60dd).\nThe fix will be included in TensorFlow 2.8.0. We will also cherrypick this commit on TensorFlow 2.7.1, TensorFlow 2.6.3, and TensorFlow 2.5.3, as these are also affected and still in supported range.\n\n### For more information \nPlease consult [our security guide](https://github.com/tensorflow/tensorflow/blob/master/SECURITY.md) for more information regarding the security model and how to contact us with issues and questions.",
    "permalink": "https://github.com/advisories/GHSA-8r7c-3cm2-3h8f",
    "publishedAt": "2022-02-10T00:33:13Z",
    "withdrawnAt": null,
    "identifiers": [
        {
            "type": "GHSA",
            "value": "GHSA-8r7c-3cm2-3h8f"
        },
        {
            "type": "CVE",
            "value": "CVE-2022-23578"
        }
    ]
}