{
    "ghsaId": "GHSA-22jh-6gx8-f944",
    "severity": "MODERATE",
    "summary": "Elastic APM agent for Python client CGI proxy redirection flaw",
    "description": "When the Elastic APM agent for Python versions before 5.1.0 is run as a CGI script, there is a variable name clash flaw if a remote attacker can control the proxy header. This could result in an attacker redirecting collected APM data to a proxy of their choosing.",
    "permalink": "https://github.com/advisories/GHSA-22jh-6gx8-f944",
    "publishedAt": "2022-05-24T16:54:36Z",
    "withdrawnAt": null,
    "identifiers": [
        {
            "type": "GHSA",
            "value": "GHSA-22jh-6gx8-f944"
        },
        {
            "type": "CVE",
            "value": "CVE-2019-7617"
        }
    ]
}