{
    "ghsaId": "GHSA-574f-mh6m-c6qm",
    "severity": "MODERATE",
    "summary": "MoinMoin has multiple vulnerabilities related to superuser list, xmlrpc and OpenID configuration",
    "description": "Unspecified vulnerability in MoinMoin 1.5.x through 1.7.x, 1.8.x before 1.8.7, and 1.9.x before 1.9.2 has unknown impact and attack vectors, related to configurations that have a non-empty superuser list, the xmlrpc action enabled, the SyncPages action enabled, or OpenID configured.",
    "permalink": "https://github.com/advisories/GHSA-574f-mh6m-c6qm",
    "publishedAt": "2022-05-02T06:14:39Z",
    "withdrawnAt": null,
    "identifiers": [
        {
            "type": "GHSA",
            "value": "GHSA-574f-mh6m-c6qm"
        },
        {
            "type": "CVE",
            "value": "CVE-2010-0668"
        }
    ]
}