{
    "ghsaId": "GHSA-38g6-x6jv-jwff",
    "severity": "MODERATE",
    "summary": "Plone XSS Vulnerability",
    "description": "A stored cross-site scripting (XSS) vulnerability in Plone CMS 5.2.3 exists in site-controlpanel via the `form.widgets.site_title` parameter.",
    "permalink": "https://github.com/advisories/GHSA-38g6-x6jv-jwff",
    "publishedAt": "2022-05-24T22:01:29Z",
    "withdrawnAt": null,
    "identifiers": [
        {
            "type": "GHSA",
            "value": "GHSA-38g6-x6jv-jwff"
        },
        {
            "type": "CVE",
            "value": "CVE-2021-29002"
        }
    ]
}