{
    "ghsaId": "GHSA-68w8-qjq3-2gfm",
    "severity": "MODERATE",
    "summary": "Path Traversal in Django",
    "description": "Django before 2.2.24, 3.x before 3.1.12, and 3.2.x before 3.2.4 has a potential directory traversal via django.contrib.admindocs. Staff members could use the TemplateDetailView view to check the existence of arbitrary files. Additionally, if (and only if) the default admindocs templates have been customized by application developers to also show file contents, then not only the existence but also the file contents would have been exposed. In other words, there is directory traversal outside of the template root directories.",
    "permalink": "https://github.com/advisories/GHSA-68w8-qjq3-2gfm",
    "publishedAt": "2021-06-10T17:21:00Z",
    "withdrawnAt": null,
    "identifiers": [
        {
            "type": "GHSA",
            "value": "GHSA-68w8-qjq3-2gfm"
        },
        {
            "type": "CVE",
            "value": "CVE-2021-33203"
        }
    ]
}