{
    "ghsaId": "GHSA-2q75-f7cp-w86q",
    "severity": "MODERATE",
    "summary": "Plone contains Cross-site Request Forgery",
    "description": "The batch id change script (renameObjectsByPaths.py) in Plone before 4.2.3 and 4.3 before beta 1 allows remote attackers to change the titles of content items by leveraging a valid CSRF token in a crafted request.",
    "permalink": "https://github.com/advisories/GHSA-2q75-f7cp-w86q",
    "publishedAt": "2022-05-17T04:30:18Z",
    "withdrawnAt": null,
    "identifiers": [
        {
            "type": "GHSA",
            "value": "GHSA-2q75-f7cp-w86q"
        },
        {
            "type": "CVE",
            "value": "CVE-2012-5500"
        }
    ]
}