{
    "ghsaId": "GHSA-8p7v-2jvj-v54r",
    "severity": "MODERATE",
    "summary": "Apache Airflow vulnerable to Stored XSS",
    "description": "A malicious admin user could edit the state of objects in the Airflow metadata database to execute arbitrary javascript on certain page views.",
    "permalink": "https://github.com/advisories/GHSA-8p7v-2jvj-v54r",
    "publishedAt": "2019-04-12T20:42:25Z",
    "withdrawnAt": null,
    "identifiers": [
        {
            "type": "GHSA",
            "value": "GHSA-8p7v-2jvj-v54r"
        },
        {
            "type": "CVE",
            "value": "CVE-2019-0216"
        }
    ]
}