{
    "ghsaId": "GHSA-2p25-55c9-h58q",
    "severity": "MODERATE",
    "summary": "Overflow/crash in `tf.tile` when tiling tensor is large",
    "description": "### Impact\nIf `tf.tile` is called with a large input argument then the TensorFlow process will crash due to a `CHECK`-failure caused by an overflow.\n\n```python\nimport tensorflow as tf\nimport numpy as np\ntf.keras.backend.tile(x=np.ones((1,1,1)), n=[100000000,100000000, 100000000])\n```\n\nThe number of elements in the output tensor is too much for the `int64_t` type and the overflow is detected via a `CHECK` statement. This aborts the process.\n\n### Patches\nWe have patched the issue in GitHub commit [9294094df6fea79271778eb7e7ae1bad8b5ef98f](https://github.com/tensorflow/tensorflow/commit/9294094df6fea79271778eb7e7ae1bad8b5ef98f) (merging [#51138](https://github.com/tensorflow/tensorflow/pull/51138)).\n\nThe fix will be included in TensorFlow 2.7.0. We will also cherrypick this commit on TensorFlow 2.6.1, TensorFlow 2.5.2, and TensorFlow 2.4.4, as these are also affected and still in supported range.\n\n### For more information\nPlease consult [our security guide](https://github.com/tensorflow/tensorflow/blob/master/SECURITY.md) for more information regarding the security model and how to contact us with issues and questions.\n\n### Attribution\nThis vulnerability has been reported externally via a [GitHub issue](https://github.com/tensorflow/tensorflow/issues/46911).",
    "permalink": "https://github.com/advisories/GHSA-2p25-55c9-h58q",
    "publishedAt": "2021-11-10T19:33:58Z",
    "withdrawnAt": null,
    "identifiers": [
        {
            "type": "GHSA",
            "value": "GHSA-2p25-55c9-h58q"
        },
        {
            "type": "CVE",
            "value": "CVE-2021-41198"
        }
    ]
}