{
    "ghsaId": "GHSA-6mqq-8r44-vmjc",
    "severity": "MODERATE",
    "summary": "Exposure of Sensitive Information to an Unauthorized Actor in Apache Spark",
    "description": "In Apache Spark 1.0.0 to 2.1.2, 2.2.0 to 2.2.1, and 2.3.0, when using PySpark or SparkR, it's possible for a different local user to connect to the Spark application and impersonate the user running the Spark application.",
    "permalink": "https://github.com/advisories/GHSA-6mqq-8r44-vmjc",
    "publishedAt": "2019-03-14T15:41:04Z",
    "withdrawnAt": null,
    "identifiers": [
        {
            "type": "GHSA",
            "value": "GHSA-6mqq-8r44-vmjc"
        },
        {
            "type": "CVE",
            "value": "CVE-2018-1334"
        }
    ]
}