{
    "ghsaId": "GHSA-28mg-98xm-q493",
    "severity": "MODERATE",
    "summary": "Open Redirect in archivy",
    "description": "archivy prior to version 1.7.1 is vulnerable to open redirect.",
    "permalink": "https://github.com/advisories/GHSA-28mg-98xm-q493",
    "publishedAt": "2022-03-08T00:00:32Z",
    "withdrawnAt": null,
    "identifiers": [
        {
            "type": "GHSA",
            "value": "GHSA-28mg-98xm-q493"
        },
        {
            "type": "CVE",
            "value": "CVE-2022-0697"
        }
    ]
}