{
    "ghsaId": "GHSA-374m-jm66-3vj8",
    "severity": "MODERATE",
    "summary": "Heap OOB in `SparseBinCount`",
    "description": "### Impact\nThe [implementation](https://github.com/tensorflow/tensorflow/blob/e71b86d47f8bc1816bf54d7bddc4170e47670b97/tensorflow/core/kernels/bincount_op.cc#L353-L417) of `SparseBinCount` is vulnerable to a heap OOB:\n\n```python\nimport tensorflow as tf\n  \n  \ntf.raw_ops.SparseBincount(\n  indices=[[0],[1],[2]]\n  values=[0,-10000000]\n  dense_shape=[1,1]\n  size=[1]\n  weights=[3,2,1]\n  binary_output=False)\n```\n\nThis is because of missing validation between the elements of the `values` argument and the shape of the sparse output:\n\n\n```cc\nfor (int64_t i = 0; i < indices_mat.dimension(0); ++i) {\n  const int64_t batch = indices_mat(i, 0);\n  const Tidx bin = values(i);\n  ...\n  out(batch, bin) = ...;\n}\n```\n\n### Patches\nWe have patched the issue in GitHub commit [f410212e373eb2aec4c9e60bf3702eba99a38aba](https://github.com/tensorflow/tensorflow/commit/f410212e373eb2aec4c9e60bf3702eba99a38aba).\n\nThe fix will be included in TensorFlow 2.7.0. We will also cherrypick this commit on TensorFlow 2.6.1, TensorFlow 2.5.2, and TensorFlow 2.4.4, as these are also affected and still in supported range.\n\n### For more information\nPlease consult [our security guide](https://github.com/tensorflow/tensorflow/blob/master/SECURITY.md) for more information regarding the security model and how to contact us with issues and questions.\n\n### Attribution\nThis vulnerability has been reported by members of the Aivul Team from Qihoo 360.",
    "permalink": "https://github.com/advisories/GHSA-374m-jm66-3vj8",
    "publishedAt": "2021-11-10T18:41:47Z",
    "withdrawnAt": null,
    "identifiers": [
        {
            "type": "GHSA",
            "value": "GHSA-374m-jm66-3vj8"
        },
        {
            "type": "CVE",
            "value": "CVE-2021-41226"
        }
    ]
}