{
    "ghsaId": "GHSA-564p-rx2q-4c8v",
    "severity": "MODERATE",
    "summary": "BentoML Open Redirect vulnerability",
    "description": "An open redirect vulnerability in bentoml/bentoml v1.3.9 allows a remote unauthenticated attacker to redirect users to arbitrary websites via a specially crafted URL. This can be exploited for phishing attacks, malware distribution, and credential theft.",
    "permalink": "https://github.com/advisories/GHSA-564p-rx2q-4c8v",
    "publishedAt": "2025-03-20T12:32:43Z",
    "withdrawnAt": null,
    "identifiers": [
        {
            "type": "GHSA",
            "value": "GHSA-564p-rx2q-4c8v"
        },
        {
            "type": "CVE",
            "value": "CVE-2024-12760"
        }
    ]
}