{
    "ghsaId": "GHSA-8h93-28hg-fj84",
    "severity": "MODERATE",
    "summary": "Composio Command Execution vulnerability",
    "description": "composio >=0.5.40 is vulnerable to Command Execution in composio_openai, composio_claude, and composio_julep via the handle_tool_calls function.",
    "permalink": "https://github.com/advisories/GHSA-8h93-28hg-fj84",
    "publishedAt": "2025-01-08T21:32:25Z",
    "withdrawnAt": null,
    "identifiers": [
        {
            "type": "GHSA",
            "value": "GHSA-8h93-28hg-fj84"
        },
        {
            "type": "CVE",
            "value": "CVE-2024-53526"
        }
    ]
}