{
    "ghsaId": "GHSA-6hcj-qrw3-m66q",
    "severity": "MODERATE",
    "summary": "Fava vulnerable to reflected cross-site scripting",
    "description": "Fava before 1.22.3 is vulnerable to reflected cross-site scripting due to improper validation on filter conversion.",
    "permalink": "https://github.com/advisories/GHSA-6hcj-qrw3-m66q",
    "publishedAt": "2022-08-02T00:00:25Z",
    "withdrawnAt": null,
    "identifiers": [
        {
            "type": "GHSA",
            "value": "GHSA-6hcj-qrw3-m66q"
        },
        {
            "type": "CVE",
            "value": "CVE-2022-2589"
        }
    ]
}