{
    "ghsaId": "GHSA-4m77-cmpx-vjc4",
    "severity": "MODERATE",
    "summary": "JupyterLab vulnerable to SXSS in Markdown Preview",
    "description": "### Impact\n\nThe vulnerability depends on user interaction by opening a malicious notebook with Markdown cells, or Markdown file using JupyterLab preview feature.\n\nA malicious user can access any data that the attacked user has access to as well as perform arbitrary requests acting as the attacked user.\n\n### Patches\n\nJupyterLab v4.0.11 was patched.\n\n### Workarounds\n\nUsers can either disable the table of contents extension by running:\n\n```bash\njupyter labextension disable @jupyterlab/toc-extension:registry\n```\n\n### References\n\nVulnerability reported via the [bug bounty program](https://app.intigriti.com/programs/jupyter/jupyter/detail) [sponsored by the European Commission](https://commission.europa.eu/news/european-commissions-open-source-programme-office-starts-bug-bounties-2022-01-19_en) and hosted on the [Intigriti platform](https://www.intigriti.com/).\n",
    "permalink": "https://github.com/advisories/GHSA-4m77-cmpx-vjc4",
    "publishedAt": "2024-01-19T20:24:09Z",
    "withdrawnAt": null,
    "identifiers": [
        {
            "type": "GHSA",
            "value": "GHSA-4m77-cmpx-vjc4"
        },
        {
            "type": "CVE",
            "value": "CVE-2024-22420"
        }
    ]
}