{
    "ghsaId": "GHSA-7cwg-2575-3546",
    "severity": "MODERATE",
    "summary": "Tryton Information Disclosure Vulnerability",
    "description": "file_open in Tryton 3.x and 4.x through 4.2.2 allows remote authenticated users with certain permissions to read arbitrary files via a \"same root name but with a suffix\" attack. NOTE: This vulnerability exists because of an incomplete fix for CVE-2016-1242.",
    "permalink": "https://github.com/advisories/GHSA-7cwg-2575-3546",
    "publishedAt": "2022-05-13T01:39:57Z",
    "withdrawnAt": null,
    "identifiers": [
        {
            "type": "GHSA",
            "value": "GHSA-7cwg-2575-3546"
        },
        {
            "type": "CVE",
            "value": "CVE-2017-0360"
        }
    ]
}