{
    "ghsaId": "GHSA-5jc6-h9w7-jm3p",
    "severity": "MODERATE",
    "summary": "Mobile Security Framework (MobSF) Stored Cross-Site Scripting Vulnerability in \"Diff or Compare\" Functionality",
    "description": "### Summary\nThe application allows users to upload files with scripts in the filename parameter. As a result, a malicious user can upload a script file to the system. When users in the application use the \"Diff or Compare\" functionality, they are affected by a Stored Cross-Site Scripting vulnerability.\n\n### Details\nI found a Stored Cross-Site Scripting vulnerability in the \"Diff or Compare\" functionality. This issue occurs because the upload functionality allows users to upload files with special characters such as <, >, /, and \" in the filename. This vulnerability can be mitigated by restricting file uploads to filenames containing only whitelisted characters, such as A-Z, 0-9, and specific special characters permitted by business requirements, like - or _ . \n\n### PoC\n_Complete instructions, including specific configuration details, to reproduce the vulnerability._\n1. On MobSF version 4.2.8, I clicked on \"Unload & Analyze\" button.\n![0](https://github.com/user-attachments/assets/489013fe-cf21-4839-bd39-35eebad01a3a)\n\n2. I uploaded zip file as a name `test.zip`.\n![1](https://github.com/user-attachments/assets/c26a18ec-c276-43d5-97df-fb189b8d5a6a)\n\n3. I used an intercepting proxy tool while uploading a file and changed the value of the filename parameter from `test.zip` to `<image src onerror=prompt(document.domain)>test.zip`. This means I uploaded a file and set its name to a script value. As a result, the server allowed the file to be uploaded successfully.\n![2](https://github.com/user-attachments/assets/90e275a2-58a4-4c0d-9b6a-399ec071cdf2)\n\n4. I accessed /recent_scans/ and found a file named `<image src onerror=prompt(document.domain)>test.zip` in the recent scans. Then, I clicked on the \"Differ or Compare\" button.\"\n![3](https://github.com/user-attachments/assets/0997a437-5841-49c1-ae94-e0e76173bdb6)\n\n5. I found that the application requires selecting a file to compare, and I selected the file `<image src onerror=prompt(document.domain)>test.zip`\n![4](https://github.com/user-attachments/assets/a156f058-732f-4763-8753-b0cef4075d53)\n\n6. I found that the JavaScript in the filename value was executed in the web browser.\n![5](https://github.com/user-attachments/assets/b0a9bcbf-af70-4ec6-a22d-6224dfc55639)\n\n\n### Impact\nAllowing a malicious user to upload a script in the filename parameter can be used to steal information from other users or administrators when they perform the compare functionality. The script will be stored in the system permanently in this vulnerability.\n\n\n",
    "permalink": "https://github.com/advisories/GHSA-5jc6-h9w7-jm3p",
    "publishedAt": "2024-12-03T18:45:22Z",
    "withdrawnAt": null,
    "identifiers": [
        {
            "type": "GHSA",
            "value": "GHSA-5jc6-h9w7-jm3p"
        },
        {
            "type": "CVE",
            "value": "CVE-2024-53999"
        }
    ]
}