{
    "ghsaId": "GHSA-4xfp-4pfp-89wg",
    "severity": "MODERATE",
    "summary": "Reference binding to nullptr in `RaggedTensorToSparse`",
    "description": "### Impact\nAn attacker can cause undefined behavior via binding a reference to null pointer in `tf.raw_ops.RaggedTensorToSparse`:\n\n```python\nimport tensorflow as tf\n\ntf.raw_ops.RaggedTensorToSparse(\n  rt_nested_splits=[[0, 38, 0]],\n  rt_dense_values=[])\n```\n  \nThe [implementation](https://github.com/tensorflow/tensorflow/blob/f24faa153ad31a4b51578f8181d3aaab77a1ddeb/tensorflow/core/kernels/ragged_tensor_to_sparse_kernel.cc#L30) has an incomplete validation of the splits values: it does not check that they are in increasing order.\n\n### Patches\nWe have patched the issue in GitHub commit [1071f554dbd09f7e101324d366eec5f4fe5a3ece](https://github.com/tensorflow/tensorflow/commit/1071f554dbd09f7e101324d366eec5f4fe5a3ece).\n\nThe fix will be included in TensorFlow 2.6.0. We will also cherrypick this commit on TensorFlow 2.5.1, TensorFlow 2.4.3, and TensorFlow 2.3.4, as these are also affected and still in supported range.\n\n### For more information \nPlease consult [our security guide](https://github.com/tensorflow/tensorflow/blob/master/SECURITY.md) for more information regarding the security model and how to contact us with issues and questions.\n\n### Attribution\nThis vulnerability has been reported by members of the Aivul Team from Qihoo 360.",
    "permalink": "https://github.com/advisories/GHSA-4xfp-4pfp-89wg",
    "publishedAt": "2021-08-25T14:42:55Z",
    "withdrawnAt": null,
    "identifiers": [
        {
            "type": "GHSA",
            "value": "GHSA-4xfp-4pfp-89wg"
        },
        {
            "type": "CVE",
            "value": "CVE-2021-37656"
        }
    ]
}