{
    "ghsaId": "GHSA-4r65-35qq-ch8j",
    "severity": "MODERATE",
    "summary": "Ansible discloses sensitive information in traceback error message",
    "description": "Ansible is an IT automation system that handles configuration management, application deployment, cloud provisioning, ad-hoc task execution, network automation, and multi-node orchestration. A flaw was found in Ansible Engine's ansible-connection module where sensitive information, such as the Ansible user credentials, is disclosed by default in the traceback error message when Ansible receives an unexpected response from `set_options`. The highest threat from this vulnerability is confidentiality.",
    "permalink": "https://github.com/advisories/GHSA-4r65-35qq-ch8j",
    "publishedAt": "2022-03-04T00:00:17Z",
    "withdrawnAt": null,
    "identifiers": [
        {
            "type": "GHSA",
            "value": "GHSA-4r65-35qq-ch8j"
        },
        {
            "type": "CVE",
            "value": "CVE-2021-3620"
        }
    ]
}