{
    "ghsaId": "GHSA-23qq-p4gq-gc2g",
    "severity": "MODERATE",
    "summary": "WordOps has TOCTOU race condition",
    "description": "WordOps through 3.20.0 has a `wo/cli/plugins/stack_pref.py` TOCTOU race condition because the `conf_path` `os.open` does not use a mode parameter during file creation.",
    "permalink": "https://github.com/advisories/GHSA-23qq-p4gq-gc2g",
    "publishedAt": "2024-05-06T00:30:52Z",
    "withdrawnAt": null,
    "identifiers": [
        {
            "type": "GHSA",
            "value": "GHSA-23qq-p4gq-gc2g"
        },
        {
            "type": "CVE",
            "value": "CVE-2024-34528"
        }
    ]
}