{
    "ghsaId": "GHSA-56w4-5538-8v8h",
    "severity": "MODERATE",
    "summary": "Synapse Matrix has a partial room state leak via Sliding Sync",
    "description": "### Impact\nThe Sliding Sync feature on Synapse versions between 1.113.0rc1 and 1.120.0 can leak partial room state changes to users no longer in a room. Non-state events, like messages, are unaffected.\n\n### Patches\nSynapse version 1.120.1 fixes the problem.\n\n### Workarounds\nDisable Sliding Sync.\n\n### References\nhttps://github.com/matrix-org/matrix-spec-proposals/pull/4186\nhttps://github.com/element-hq/synapse/blob/d80cd57c54427687afcb48740d99219c88a0fff1/synapse/config/experimental.py#L341-L344\n\n### For more information\n\nIf you have any questions or comments about this advisory, please email us at [security at element.io](mailto:security@element.io).\n",
    "permalink": "https://github.com/advisories/GHSA-56w4-5538-8v8h",
    "publishedAt": "2024-12-03T18:44:23Z",
    "withdrawnAt": null,
    "identifiers": [
        {
            "type": "GHSA",
            "value": "GHSA-56w4-5538-8v8h"
        },
        {
            "type": "CVE",
            "value": "CVE-2024-53867"
        }
    ]
}