{
    "ghsaId": "GHSA-86hp-cj9j-33vv",
    "severity": "MODERATE",
    "summary": "Insertion of Sensitive Information into Log File, Invocation of Process Using Visible Sensitive Information, and \tExposure of Sensitive Information to an Unauthorized Actor in Ansible",
    "description": "A security flaw was found in Ansible Engine, all Ansible 2.7.x versions prior to 2.7.17, all Ansible 2.8.x versions prior to 2.8.11 and all Ansible 2.9.x versions prior to 2.9.7, when managing kubernetes using the k8s module. Sensitive parameters such as passwords and tokens are passed to kubectl from the command line, not using an environment variable or an input configuration file. This will disclose passwords and tokens from process list and no_log directive from debug module would not have any effect making these secrets being disclosed on stdout and log files.",
    "permalink": "https://github.com/advisories/GHSA-86hp-cj9j-33vv",
    "publishedAt": "2021-04-07T20:33:26Z",
    "withdrawnAt": null,
    "identifiers": [
        {
            "type": "GHSA",
            "value": "GHSA-86hp-cj9j-33vv"
        },
        {
            "type": "CVE",
            "value": "CVE-2020-1753"
        }
    ]
}