{
    "ghsaId": "GHSA-32wr-qqw6-5mfp",
    "severity": "MODERATE",
    "summary": "Apache Airflow vulnerable to sensitive information exposure",
    "description": "Apache Airflow, versions before 2.7.2, has a vulnerability that allows an authorized user with access to read specific DAGs _only_ to read information about task instances in other DAGs. Users of Apache Airflow are advised to upgrade to version 2.7.2 or newer to mitigate the risk associated with this vulnerability.",
    "permalink": "https://github.com/advisories/GHSA-32wr-qqw6-5mfp",
    "publishedAt": "2023-10-14T12:30:23Z",
    "withdrawnAt": null,
    "identifiers": [
        {
            "type": "GHSA",
            "value": "GHSA-32wr-qqw6-5mfp"
        },
        {
            "type": "CVE",
            "value": "CVE-2023-42663"
        }
    ]
}