{
    "ghsaId": "GHSA-5qpp-v56f-mqfm",
    "severity": "MODERATE",
    "summary": "OpenStack Identity (Keystone) allows remote attackers to bypass intended access restrictions via revoked PKI token",
    "description": "The (1) mamcache and (2) KVS token backends in OpenStack Identity (Keystone) Folsom 2012.2.x and Grizzly before 2013.1.4 do not properly compare the PKI token revocation list with PKI tokens, which allow remote attackers to bypass intended access restrictions via a revoked PKI token.",
    "permalink": "https://github.com/advisories/GHSA-5qpp-v56f-mqfm",
    "publishedAt": "2022-05-17T04:58:57Z",
    "withdrawnAt": null,
    "identifiers": [
        {
            "type": "GHSA",
            "value": "GHSA-5qpp-v56f-mqfm"
        },
        {
            "type": "CVE",
            "value": "CVE-2013-4294"
        }
    ]
}