{
    "ghsaId": "GHSA-8m3r-rv5g-fcpq",
    "severity": "MODERATE",
    "summary": "Cross-site scripting in django",
    "description": "Cross-site scripting (XSS) vulnerability in Django 1.1.x before 1.1.4 and 1.2.x before 1.2.5 might allow remote attackers to inject arbitrary web script or HTML via a filename associated with a file upload.",
    "permalink": "https://github.com/advisories/GHSA-8m3r-rv5g-fcpq",
    "publishedAt": "2018-07-23T21:01:00Z",
    "withdrawnAt": null,
    "identifiers": [
        {
            "type": "GHSA",
            "value": "GHSA-8m3r-rv5g-fcpq"
        },
        {
            "type": "CVE",
            "value": "CVE-2011-0697"
        }
    ]
}